s1_id,true_matched_source,true_entity_id,business_name_s1,business_name_s2_or_s3,address_s1,address_s2_or_s3,country,current_candidate_status,subtype,why_missed,proposed_recovery_mechanism
S1-832050262,S3,S3-673592452,Shakti Agro Limited,Wexveo,"C/O Gurnav Singh Saluja, Beside Zudio, Kultapara, Sadar, Sambalpur, Orissa","Block F-264- C/o Gurnav Singh Saluja, Beside Zudio, Kultapara, Sadar, Sambalpur, OD",India,MISSED_BY_BLOCKING,B_brand_vs_parent_company,Short distinctive brand name vs multi-word parent company name,Single distinctive brand token + address door/plot number
S1-99115147,S3,S3-348085088,Saffron Financers LLP,saffronfinancers.com,"47Akumaresa Puram Tiruchengode, Namakkal District, Salem, Tamil Nadu","TN, Namakkal District, <NULL>, H.no 47Akumaresa Purma Tiruchengode",India,MISSED_BY_BLOCKING,C_website_domain_variation,Candidate name is a website/domain with unsegmented words while S1 is legal entity,Pass A: Strip TLD + token stem concatenation + address anchor
S1-109593962,S3,S3-118565228,Great Impex Private Limited,గ్రేట్ ఇంపెక్స్ ప్రైవేట్ లిమిటెడ్,"6-2-101/5/C, Telangana, Hyderabad, Secunderabad, Lane Beside Centralview Apt New Bhoiguda","6-2-101/5/C, Lane Beside Centralview Apt New Bhoiguda, Secunderabad, Hyderabad, TG",India,MISSED_BY_BLOCKING,J_cross_script_dba,"One entity in native Indic script, other in English with different brand phrasing",Indic transliteration + consonant skeleton + address key
S1-426267364,S2,S2-380593256,Prime Projects Private Limited,பிரைம் புராஜெக்ட்ஸ் பிரைவேட் லிமிடெட்,"S/O M Vasanthan, No.10 West Karikalan Street, Adambakkam, Chennai, Tamil Nadu","S/O M VASANTHAN, KANCHEEPURAM, தமிழ்நாடு",India,MISSED_BY_BLOCKING,J_cross_script_dba,"One entity in native Indic script, other in English with different brand phrasing",Indic transliteration + consonant skeleton + address key
S1-975975269,S2,S2-635845114,Big Aditya Technologies Private Limited,बिग आदित्य टेक्नोलॉजीज प्राइवेट लिमिटेड,"Fn0104 A Meenaxi Apt, Mumbai City, Goregaon (E), Maharashtra, Owners Assoc Gokuldam Near Gokuldham Mandir","H.NO 662- FN0104 A MEENAXI APT, OWNERS ASSOC GOKULDAM NEAR GOKULDHAM MANDIR, GOREGAON (E), MUMBAI CITY, महाराष्ट्र",India,MISSED_BY_BLOCKING,J_cross_script_dba,"One entity in native Indic script, other in English with different brand phrasing",Indic transliteration + consonant skeleton + address key
S1-975975269,S3,S3-327662918,Big Aditya Technologies Private Limited,Evosol Labs formerly known as Big Aditya Technologies Private Limited,"Fn0104 A Meenaxi Apt, Mumbai City, Goregaon (E), Maharashtra, Owners Assoc Gokuldam Near Gokuldham Mandir","Fn0104 A Meenaxi Apt, Owners Assoc Gokuldam Near Gokuldham Mandir, Goregaon (E), Mumbai City, Maharashtra",India,MISSED_BY_BLOCKING,A_dba_vs_legal_entity,DBA keyword present separating trade brand from legal parent,Explicit DBA token splitting + alias indexing
S1-738693243,S2,S2-165151602,LHB Interiors Pvt Ltd,LHB Integrir Pvt Ltd,"No.12, Prem Nagar, Sewanagar, Gwalior, Madhya Pradesh",,India,MISSED_BY_BLOCKING,G_empty_or_weak_address,"Address is empty or severely truncated, preventing composite address blocking",Distinctive multi-word name signature fallback (min length 10)
S1-518074091,S3,S3-218685057,Jan India) Private Limited,Jan lndia) Private,"Mumbai City, Maharashtra, Mumbai, 31 Sahakar Building, B Road, Churchgate","Sahakar Building, Mumbai City, MH",India,MISSED_BY_BLOCKING,I_legal_suffix_dominating,Lexical divergence across commercial branding,Address component intersection
S1-632352110,S3,S3-527666809,House Food Pvt Ltd,Sri housefood.com,"3Rd Floor, S. No. 9/7, F.P. No. 299, Opp. Roopali Hotel, F.C. Road, Ganeshwad, I, Pune, Maharashtra","No 3Rd Floor, Poona, Erandwane, महाराष्ट्र",India,MISSED_BY_BLOCKING,D_website_redirect_weak_address,Domain name present but address is missing or disparate,Strict domain core exact match + country agreement
S1-526604791,S2,S2-840309826,PUS Horizon Paper,pushorizonpaper.com,"2696 2200, West Haven, UT","#2696 2200, PO BOX 7902, OGDEN, UT",US,MISSED_BY_BLOCKING,C_website_domain_variation,Candidate name is a website/domain with unsegmented words while S1 is legal entity,Pass A: Strip TLD + token stem concatenation + address anchor
S1-526604791,S2,S2-21910632,PUS Horizon Paper,pushorizonpapercom,"2696 2200, West Haven, UT","UT, #2696 2200, OGDEN",US,MISSED_BY_BLOCKING,B_brand_vs_parent_company,Short distinctive brand name vs multi-word parent company name,Single distinctive brand token + address door/plot number
S1-81014244,S2,S2-60448824,Dynamic Impex Limited,डायनामिक इम्पेक्स लिमिटेड,"C/O Amit Sharma, 1St Floor, Village Basai, Gurugram, Railway Road, Gurgaon, Haryana","C/O AMIT SHARMA, 1ST FLOOR, VILLAGE BASAI, GURUGRAM, RAILWAY ROAD, GURGAON, हरियाणा",India,MISSED_BY_BLOCKING,J_cross_script_dba,"One entity in native Indic script, other in English with different brand phrasing",Indic transliteration + consonant skeleton + address key
S1-81014244,S3,S3-342746227,Dynamic Impex Limited,डायनामिक इम्पेक्स लिमिटेड,"C/O Amit Sharma, 1St Floor, Village Basai, Gurugram, Railway Road, Gurgaon, Haryana","C/o Amit Shama, 1St Floor, Village Basai, Gurugram, Railway Road, NULL, HR",India,MISSED_BY_BLOCKING,J_cross_script_dba,"One entity in native Indic script, other in English with different brand phrasing",Indic transliteration + consonant skeleton + address key
S1-951159035,S3,S3-723985585,Sai Construction,సాయి కన్‌స్ట్రక్షన్,"5Th Floor, Bbr Avenue, Plot No 38, C Block 7/3, Brindavanamu Colony, Kokapet, Rajendranagar, K.V.Rangareddy, Telangana","5Th Floor, Rajendranagar, K.v.rangareddy, TG",India,MISSED_BY_BLOCKING,J_cross_script_dba,"One entity in native Indic script, other in English with different brand phrasing",Indic transliteration + consonant skeleton + address key
S1-951159035,S2,S2-875950440,Sai Construction,Sai  Services,"5Th Floor, Bbr Avenue, Plot No 38, C Block 7/3, Brindavanamu Colony, Kokapet, Rajendranagar, K.V.Rangareddy, Telangana",,India,MISSED_BY_BLOCKING,G_empty_or_weak_address,"Address is empty or severely truncated, preventing composite address blocking",Distinctive multi-word name signature fallback (min length 10)
S1-951159035,S2,S2-417819840,Sai Construction,సాయి కన్‌స్ట్రక్షన్,"5Th Floor, Bbr Avenue, Plot No 38, C Block 7/3, Brindavanamu Colony, Kokapet, Rajendranagar, K.V.Rangareddy, Telangana","NO G-5TH FLOOR, RAJENDRANAGAR, K.V.RANGAREDDY, Telangana",India,MISSED_BY_BLOCKING,J_cross_script_dba,"One entity in native Indic script, other in English with different brand phrasing",Indic transliteration + consonant skeleton + address key
S1-47773771,S3,S3-514311755,Primary Care Specialists Inc.,Belocalo,"141-08 71 Road, Flushing, NY","141-08b 71 Road, Flushign, New York",US,MISSED_BY_BLOCKING,B_brand_vs_parent_company,Short distinctive brand name vs multi-word parent company name,Single distinctive brand token + address door/plot number
S1-837399164,S3,S3-229511072,Right & Co Corp,Rrgieth & Co Corp,"Shivaji Nagar, Behind Durgaweigh Bridge Near Saibaba Temple, Manpada (Chitalsar), Thane, Maharashtra","Thane, Shivaji Ngaar, MH, North Goa",India,MISSED_BY_BLOCKING,I_legal_suffix_dominating,Lexical divergence across commercial branding,Address component intersection
S1-681160793,S2,S2-891856879,Divine Educational Society,Mr Novizeph,"Plot No 01, Sect-06 Rajani, Khand, Sharda Nagar, Lucknow, Uttar Pradesh","#31, SECT-06 RAJANI, KHAND, SHARDA NAGAR, LUCKNOW, उत्तर प्रदेश",India,MISSED_BY_BLOCKING,F_missing_business_name_tokens,Address matches strongly but business names have disparate commercial branding,High-precision address anchor (plot number + 2 distinctive street words)
S1-599612665,S2,S2-717038954,Dream Marketing Private Limited,ड्रीम मार्केटिंग प्राइवेट लिमिटेड,"Uttar Pradesh, Noida, Plot No 27 & 28 Udyog, Gautam Buddha Nagar, Kendra, Ecotech 3, I.D.A","DOOR NO G-27 & 28 UYDOG, KENDRA, ECOTECH 3, I.D.A, GAUTAM BUDDHA NAGAR, NOIDA, उत्तर प्रदेश",India,MISSED_BY_BLOCKING,J_cross_script_dba,"One entity in native Indic script, other in English with different brand phrasing",Indic transliteration + consonant skeleton + address key
S1-599612665,S2,S2-367585458,Dream Marketing Private Limited,ड्रीम मार्केटिंग प्राइवेट लिमिटेड,"Uttar Pradesh, Noida, Plot No 27 & 28 Udyog, Gautam Buddha Nagar, Kendra, Ecotech 3, I.D.A","PLOT NO G-27 & 28 UDYOG, KENDRA, ECOTECH 3, I.D.A, NOIDA, GAUTAM BUDDHA NAGAR, Uttar Pradesh",India,MISSED_BY_BLOCKING,J_cross_script_dba,"One entity in native Indic script, other in English with different brand phrasing",Indic transliteration + consonant skeleton + address key
S1-936580191,S2,S2-140778256,Back Alley Pilates,backalleypilates.com,"30610 Raleigh Creek Drive, Tomball, TX","30610 RALEIGH CREEK DR, TOMBALL, TX",US,MISSED_BY_BLOCKING,C_website_domain_variation,Candidate name is a website/domain with unsegmented words while S1 is legal entity,Pass A: Strip TLD + token stem concatenation + address anchor
S1-991226123,S2,S2-277874678,One Infra Private Limited,વન ઇન્ફ્રા પ્રાઇવેટ લિમિટેડ,"B-803, Safal Solitaire Corporate Park Nr Divya Bhaskar Press S G Highway Makarba, Ahmedabad, Gujarat","Gujarat, AHMEDABAD, B-8-03, SAFAL SOLITAIRE CORPORATE PARK NR DIVYA BHASKAR PRESS S G HIGHWAY MAKARBA, AHMEDABAD HQ REGION",India,MISSED_BY_BLOCKING,J_cross_script_dba,"One entity in native Indic script, other in English with different brand phrasing",Indic transliteration + consonant skeleton + address key
S1-991226123,S2,S2-234928803,One Infra Private Limited,વન ઇન્ફ્રા પ્રાઇવેટ લિમિટેડ,"B-803, Safal Solitaire Corporate Park Nr Divya Bhaskar Press S G Highway Makarba, Ahmedabad, Gujarat","B-8-03, AHMEDABAD HQ REGION, AHMEDABAD, Gujarat",India,MISSED_BY_BLOCKING,J_cross_script_dba,"One entity in native Indic script, other in English with different brand phrasing",Indic transliteration + consonant skeleton + address key
S1-394121317,S2,S2-348344890,Womens Health Group,Womens  Halh Group,"7175 Highway 100, Bon Aqua, TN","7175 HIGHWAY 100, BON AQUA, TN",US,MISSED_BY_BLOCKING,I_legal_suffix_dominating,Lexical divergence across commercial branding,Address component intersection
S1-873216933,S3,S3-111279505,Dental Care Associates Inc,Dental Cfmae Associates Inc,"11489 Marsh Avenue, Town Of Jefferson, WI","11489 Marsh Avenue, Cashton, Wisconsin",US,MISSED_BY_BLOCKING,I_legal_suffix_dominating,Lexical divergence across commercial branding,Address component intersection
S1-975845552,S3,S3-150891533,Ambience Mental Pvt. Ltd.,Umbraectoxylo,"Unit No 14 Ground Flr B Wing Girkunj Industrial Estate, M C Road Andheri E, Mumbai, Maharashtra","Mumbai, M C Road Andheri E, Maharashtra, Unit No 14 Ground Flr B Wing Girkunj Industrial Estate",India,MISSED_BY_BLOCKING,B_brand_vs_parent_company,Short distinctive brand name vs multi-word parent company name,Single distinctive brand token + address door/plot number
S1-222203294,S3,S3-615057213,Systems P&s Ventures Private Limited,Praviae Systems Pands Ventures Limited,"Kh.No.117/12/2 & 118/16/1, 2Nd Floor Street No. 111, Blk-B, Sant Nagar, Village-Burari, New Delhi, North West, Delhi","Hn 882 Kh.no.117/12/2 & 118/16/1, दिल्ली, New Delhi, North West",India,MISSED_BY_BLOCKING,I_legal_suffix_dominating,Lexical divergence across commercial branding,Address component intersection
S1-362415994,S2,S2-731387226,Hotel Technology Private Limited,Hote1 Technology Private,"C/O Meera Devi, Karwi Mafi, Banda, Chitrakoot, Uttar Pradesh","उत्तर प्रदेश, C/O MEERA DEVI, KARWI MAFI, BANDA",India,MISSED_BY_BLOCKING,I_legal_suffix_dominating,Lexical divergence across commercial branding,Address component intersection
S1-279340123,S3,S3-623244446,Womens Health Harbor Center Inc,#womenshealth,"697 Holiday Drive, Willard, OH","697 Holiday Drive, Willard CITY, Ohio",US,MISSED_BY_BLOCKING,B_brand_vs_parent_company,Short distinctive brand name vs multi-word parent company name,Single distinctive brand token + address door/plot number
S1-727686013,S2,S2-244152687,Vision Tech Private Limited,विजन टेक प्राइवेट लिमिटेड,"Plot No. 12C, North West, Delhi, Mezzanine Floor, Block C2, Pragati Market, Ashok Vihar, P, Hase Ii, Delhi","DOOR NO 12C, MEZZANINE FLOOR, BLOCK C2, PRAGATI MARKET, ASHOK VIHAR, P, HASE II, DELHI, NORTH WEST, Delhi",India,MISSED_BY_BLOCKING,J_cross_script_dba,"One entity in native Indic script, other in English with different brand phrasing",Indic transliteration + consonant skeleton + address key
S1-727686013,S3,S3-391121684,Vision Tech Private Limited,विजन टेक प्राइवेट लिमिटेड,"Plot No. 12C, North West, Delhi, Mezzanine Floor, Block C2, Pragati Market, Ashok Vihar, P, Hase Ii, Delhi","Plot No. 12C, Mezzanine Floor, Block C2, Pragati Market, Ashok Vihar, P, Hase Ii, Delhi, North West, DL",India,MISSED_BY_BLOCKING,J_cross_script_dba,"One entity in native Indic script, other in English with different brand phrasing",Indic transliteration + consonant skeleton + address key
S1-727686013,S2,S2-389881714,Vision Tech Private Limited,M/s visi0ntech.com,"Plot No. 12C, North West, Delhi, Mezzanine Floor, Block C2, Pragati Market, Ashok Vihar, P, Hase Ii, Delhi","PLOT NO. 12C  , MEZZANINE FLOOR, BLOCK C2, PRAGATI MARKET, ASHOK VIHAR, P, HASE II, DELHI, दिल्ली",India,MISSED_BY_BLOCKING,C_website_domain_variation,Candidate name is a website/domain with unsegmented words while S1 is legal entity,Pass A: Strip TLD + token stem concatenation + address anchor
S1-865233353,S2,S2-603984750,Perfect Prime Hospitality LLP,परफेक्ट प्राइम हॉस्पिटैलिटी एलएलपी,"Shanti Kunj, Bhondsi, Badshahpur, Bhondsi, Gurgaon, Haryana","SHANTI KUNJ, BHONDSI, BADSHAHPUR, BHONDSI, GURGAON, Haryana",India,MISSED_BY_BLOCKING,J_cross_script_dba,"One entity in native Indic script, other in English with different brand phrasing",Indic transliteration + consonant skeleton + address key
S1-865233353,S3,S3-291913114,Perfect Prime Hospitality LLP,परफेक्ट प्राइम हॉस्पिटैलिटी एलएलपी,"Shanti Kunj, Bhondsi, Badshahpur, Bhondsi, Gurgaon, Haryana","Shanti Kunj, Bhondsi, Badshahpur, Bhondsi, Gurgaon, हरियाणा",India,MISSED_BY_BLOCKING,J_cross_script_dba,"One entity in native Indic script, other in English with different brand phrasing",Indic transliteration + consonant skeleton + address key
S1-865233353,S2,S2-241606588,Perfect Prime Hospitality LLP,परफेक्ट प्राइम हॉस्पिटैलिटी एलएलपी,"Shanti Kunj, Bhondsi, Badshahpur, Bhondsi, Gurgaon, Haryana","SHANTI KUNJ, BHONDSI, BADSHAHPUR, BHONDSI, GURGAON, Haryana",India,MISSED_BY_BLOCKING,J_cross_script_dba,"One entity in native Indic script, other in English with different brand phrasing",Indic transliteration + consonant skeleton + address key
S1-533650484,S3,S3-407319938,Pediatric Dentistry Golden Associates Inc.,Pediatric Dnttistry Golden Associates Inc.,"5270 Milam Road, Mesquite, TX","5270 Milam Road, Texas, Mesquite",US,MISSED_BY_BLOCKING,I_legal_suffix_dominating,Lexical divergence across commercial branding,Address component intersection
S1-568428500,S3,S3-677752526,CQJ Consultancy Private Limited,CQJ Consultatoscy Private Limited,"6-3-563/26/A, Flat No.17, Somavarapu Heights Hilltop Colony, Erramanzil, Hyderabad, Telangana",,India,MISSED_BY_BLOCKING,G_empty_or_weak_address,"Address is empty or severely truncated, preventing composite address blocking",Distinctive multi-word name signature fallback (min length 10)
S1-357685065,S2,S2-109476833,Real Silver Estate Limited,રિયલ સિલ્વર એસ્ટેટ લિમિટેડ,"Survey No. 99P2, Village: Khirai Maliya, Morbi, Rajkot, Gujarat","H.NO 99P2, MORBI, RAJKOT, Gujarat",India,MISSED_BY_BLOCKING,J_cross_script_dba,"One entity in native Indic script, other in English with different brand phrasing",Indic transliteration + consonant skeleton + address key
S1-357685065,S3,S3-196979125,Real Silver Estate Limited,રિયલ સિલ્વર એસ્ટેટ લિમિટેડ,"Survey No. 99P2, Village: Khirai Maliya, Morbi, Rajkot, Gujarat","Survey No. 99P2, Village: Khirai Maliya, Morbi, <NULL>, GJ",India,MISSED_BY_BLOCKING,J_cross_script_dba,"One entity in native Indic script, other in English with different brand phrasing",Indic transliteration + consonant skeleton + address key
S1-581202198,S2,S2-735994255,Asset Building Fellowship,Asset Buihlidlg [Fellowship],"9603 Stady Road, Ashford, NY",,US,MISSED_BY_BLOCKING,G_empty_or_weak_address,"Address is empty or severely truncated, preventing composite address blocking",Distinctive multi-word name signature fallback (min length 10)
S1-333863971,S3,S3-774241529,Serve (India) Business Private Limited,serveindiabusiness.com,"306, Kailash Tower Sanjay Place, Agra, Uttar Pradesh","306, Agra Region, Agra, UP",India,MISSED_BY_BLOCKING,C_website_domain_variation,Candidate name is a website/domain with unsegmented words while S1 is legal entity,Pass A: Strip TLD + token stem concatenation + address anchor
S1-89145241,S3,S3-284976339,"Serrano Fresh Top, LLC",serranofreshtop.com,"644 End Drive, Brookhaven, NY","64 End Dr, PO Box 1667, Brookhaven, New York",US,MISSED_BY_BLOCKING,C_website_domain_variation,Candidate name is a website/domain with unsegmented words while S1 is legal entity,Pass A: Strip TLD + token stem concatenation + address anchor
S1-193543596,S2,S2-839963808,Smart Solutions Private Limited,SMART SOLUTIONS LIMITED LIMITED SERVICES,"C/O Punita Verma Mau Rao, Tiwaripur Sidhari, Sadar, Azamgarh, Uttar Pradesh","Uttar Pradesh, C/O PUNITA VERMA MAU RAO, TIWARIPUR SIDHARI, SADAR",India,MISSED_BY_BLOCKING,I_legal_suffix_dominating,Lexical divergence across commercial branding,Address component intersection
S1-480229353,S3,S3-43289411,New Delhi Resorts Private Limited,Resorts,"Delhi, D-94, 9Th Floor, Himalaya House, 23, K.G. Marg, New Delhi, Central Delhi","D-94, 9Th Floor, Himalaya House, 23, K.G. Marg, New Delhi, Central Delhi, Delhi",India,MISSED_BY_BLOCKING,B_brand_vs_parent_company,Short distinctive brand name vs multi-word parent company name,Single distinctive brand token + address door/plot number
S1-480229353,S3,S3-952131610,New Delhi Resorts Private Limited,New Degai Resorts Private Limited,"Delhi, D-94, 9Th Floor, Himalaya House, 23, K.G. Marg, New Delhi, Central Delhi","D-94, Central Delhi, Delhi, DL",India,MISSED_BY_BLOCKING,I_legal_suffix_dominating,Lexical divergence across commercial branding,Address component intersection
S1-978635177,S2,S2-876465630,"Ware, Elvina, MD, PC",wareelvinamd.com,"4825 Mcallister Drive, Chesterfield County, VA","4825 MCLLISTER DR, CHESTER, VA",US,MISSED_BY_BLOCKING,C_website_domain_variation,Candidate name is a website/domain with unsegmented words while S1 is legal entity,Pass A: Strip TLD + token stem concatenation + address anchor
S1-837698046,S3,S3-211696101,Jbs Entertainment Co,jbsentertainment.com,"East Delhi, Delhi, 3393, Delhi, Ram Nagar Extention Shahdara","3393, Ram Nagar Extention Shahdara, Delhi, North East Delhi, DL",India,MISSED_BY_BLOCKING,C_website_domain_variation,Candidate name is a website/domain with unsegmented words while S1 is legal entity,Pass A: Strip TLD + token stem concatenation + address anchor
S1-475037609,S2,S2-777135419,Courtright School of Medicine LLC,courtrightschoolmedicine.com,"155 Henderson Road, Mineral Wells, TX","155. HENDERSON RD, MINERAL WELLS, TX",US,MISSED_BY_BLOCKING,C_website_domain_variation,Candidate name is a website/domain with unsegmented words while S1 is legal entity,Pass A: Strip TLD + token stem concatenation + address anchor
S1-475037609,S2,S2-571443346,Courtright School of Medicine LLC,courtrightschoolmedicine.com,"155 Henderson Road, Mineral Wells, TX","155. HENDERSON RD, MINERAL WELLS, TX",US,MISSED_BY_BLOCKING,C_website_domain_variation,Candidate name is a website/domain with unsegmented words while S1 is legal entity,Pass A: Strip TLD + token stem concatenation + address anchor
S1-214964636,S2,S2-598156235,Pediatric Dentistry Partners of Enfield,pediatricdentistrypartners.com,"21 Betty Road, Enfield, CT","21- BETTY RD, SHERWOOD MANOR, CT",US,MISSED_BY_BLOCKING,C_website_domain_variation,Candidate name is a website/domain with unsegmented words while S1 is legal entity,Pass A: Strip TLD + token stem concatenation + address anchor
S1-479770995,S3,S3-215945496,Internal Medicine Clinic,internalmedicineclinic.com,"2878 Aurora Drive, Fl 1, Hillsboro, OR","2878-C Aurora Dr, Floor 1, Hlilsboro, Oregon",US,MISSED_BY_BLOCKING,C_website_domain_variation,Candidate name is a website/domain with unsegmented words while S1 is legal entity,Pass A: Strip TLD + token stem concatenation + address anchor
S1-785092848,S2,S2-120987974,Shree Events Pvt Ltd,Dr Deltalyratavo,"1 - Apna Ghar C. H. S., Near Teligali Signal, N. S. Phadke Marg, Andh, Eri (E), Mumbai, Shop No. 2 & 3, Mumbai City, Maharashtra","SHOP NO. ##2 & 3, MUMBAI, MUMBAI CITY, Maharashtra",India,MISSED_BY_BLOCKING,I_legal_suffix_dominating,Lexical divergence across commercial branding,Address component intersection
S1-810313198,S3,S3-652776476,Bbc International School,schoolbbcinternational.com,"Karnataka, Bangalore, C- 307, Bangalore, Gopalan Millennium Habitat, Itpl Main Road, Kundalahalli Post","C- 307, Gopalan Millennium Habitat, Itpl Main Road, Kundalahalli Post, Bengaluru, Bangalore, KA",India,MISSED_BY_BLOCKING,C_website_domain_variation,Candidate name is a website/domain with unsegmented words while S1 is legal entity,Pass A: Strip TLD + token stem concatenation + address anchor
S1-456900390,S3,S3-337696255,Urgent Care Gulf Partners LLC,urgentcaregu1f.com,"Winterset, 824 4th Avenue, IA","824-A Fourth Ave, Lincoln, Iowa",US,MISSED_BY_BLOCKING,C_website_domain_variation,Candidate name is a website/domain with unsegmented words while S1 is legal entity,Pass A: Strip TLD + token stem concatenation + address anchor
S1-69530944,S3,S3-926984777,"Ear Nose & Throat Partners, Inc","Ear & Throat Partners, Inc Services","626 Freedom Way, Shorewood, IL","626 Freedom Way, Shorewood, Illinois",US,MISSED_BY_BLOCKING,I_legal_suffix_dominating,Lexical divergence across commercial branding,Address component intersection
S1-22040427,S2,S2-330363155,Lotus Power Private Limited,लोटस पावर प्राइवेट लिमिटेड,"Maharashtra, Gtno523 Nr Nashik Highway, Pune, Flat No A1101 Gloden Palm, Haveli","FLAT NO A1101 GLODEN PLM, HAVELI, PUNE, Maharashtra",India,MISSED_BY_BLOCKING,J_cross_script_dba,"One entity in native Indic script, other in English with different brand phrasing",Indic transliteration + consonant skeleton + address key
S1-22040427,S3,S3-779180947,Lotus Power Private Limited,Drexgild,"Maharashtra, Gtno523 Nr Nashik Highway, Pune, Flat No A1101 Gloden Palm, Haveli","Flat No A1101 Gloden Palm, Gtno523 Nr Nashik Highway, Haveli, Pune, MH",India,MISSED_BY_BLOCKING,B_brand_vs_parent_company,Short distinctive brand name vs multi-word parent company name,Single distinctive brand token + address door/plot number
S1-690263355,S3,S3-348222461,Physical Therapy Specialists,physicaltherapyspecialists.com,"6480 Main Street, Unit Suite 1, Amherst, NY","6480 Main Saint, Unit Suite 1, Buffalo, New York",US,MISSED_BY_BLOCKING,C_website_domain_variation,Candidate name is a website/domain with unsegmented words while S1 is legal entity,Pass A: Strip TLD + token stem concatenation + address anchor
S1-244810289,S3,S3-742580559,Celestial Memorial Trust,celestialmemorialtrust.com,"No. 35, Brentwood Apartments, Defence Colony, 2Nd Main, Indiranagar, Bangalore, Karnataka","Door No 35, Brentwood Apartments, Defence Colony, 2Nd Main, Indiranagar, Bangalore, KA",India,MISSED_BY_BLOCKING,C_website_domain_variation,Candidate name is a website/domain with unsegmented words while S1 is legal entity,Pass A: Strip TLD + token stem concatenation + address anchor
S1-498971879,S3,S3-614559864,New Agro Private Limited,न्यू एग्रो प्राइवेट लिमिटेड,"Plot No. 96, Sector 19/A, Vashi, Navi Mumbai, Mumbai, Mumbai City, Maharashtra","Plot No. 96, Bombay, महाराष्ट्र",India,MISSED_BY_BLOCKING,J_cross_script_dba,"One entity in native Indic script, other in English with different brand phrasing",Indic transliteration + consonant skeleton + address key
S1-351961485,S2,S2-86133459,White Infrastructure Pvt Ltd,व्हाइट इंफ्रास्ट्रक्चर प्रा. लि.,"Office-No-207, Marathon Monte Plaza, Madan Mohan Mamumbai, Mumbai, Mumbai City, Maharashtra","OFFICE-NO207, MUMBAI, MUMBAI CITY, Maharashtra",India,MISSED_BY_BLOCKING,J_cross_script_dba,"One entity in native Indic script, other in English with different brand phrasing",Indic transliteration + consonant skeleton + address key
S1-351961485,S3,S3-22610069,White Infrastructure Pvt Ltd,Arianovi,"Office-No-207, Marathon Monte Plaza, Madan Mohan Mamumbai, Mumbai, Mumbai City, Maharashtra","Ofifce-no-20, Mumbai, Bhandup, MH",India,MISSED_BY_BLOCKING,B_brand_vs_parent_company,Short distinctive brand name vs multi-word parent company name,Single distinctive brand token + address door/plot number
S1-807253308,S3,S3-153089982,Jai Impex Private Limited,Jai Private Limited Center,"C/O Raye Singh Chandan, Singh Jagnear Rd By Pass, Baseri, Dholpur, Rajasthan","Dholpur, Singh Jagnear Rd By Pass, RJ, Baseri, C/o Raye Singh Chandan",India,MISSED_BY_BLOCKING,I_legal_suffix_dominating,Lexical divergence across commercial branding,Address component intersection
S1-807253308,S2,S2-290415268,Jai Impex Private Limited,जय इम्पेक्स प्राइवेट लिमिटेड,"C/O Raye Singh Chandan, Singh Jagnear Rd By Pass, Baseri, Dholpur, Rajasthan","Rajasthan, BASERI, C/O RAYE SINGH CHANDAN, DHOLPUR",India,MISSED_BY_BLOCKING,J_cross_script_dba,"One entity in native Indic script, other in English with different brand phrasing",Indic transliteration + consonant skeleton + address key
S1-807253308,S3,S3-971784543,Jai Impex Private Limited,जय इम्पेक्स प्राइवेट लिमिटेड,"C/O Raye Singh Chandan, Singh Jagnear Rd By Pass, Baseri, Dholpur, Rajasthan","C/o Raye Singh Chandan, Dholpur, Baseri, RJ",India,MISSED_BY_BLOCKING,J_cross_script_dba,"One entity in native Indic script, other in English with different brand phrasing",Indic transliteration + consonant skeleton + address key
S1-694589616,S3,S3-467546601,Global Tech Pvt Ltd,గ్లోబల్ టెక్ ప్రైవేట్ లిమిటెడ్,"C/O Mr. Y. Venkata Reddy, Gid Kaasireddy Nagar Gdlr, Giddalur, Prakasam, Andhra Pradesh","C/o Mr. Y. Venlata Reddy, Gid Kaasireddy Nagar Gdlr, Giddalur, Prakasam, AP",India,MISSED_BY_BLOCKING,J_cross_script_dba,"One entity in native Indic script, other in English with different brand phrasing",Indic transliteration + consonant skeleton + address key
S1-498880285,S3,S3-390432538,Premier Services Private Limited,प्रीमियर सर्विसेज प्राइवेट लिमिटेड,"C/O Rameshwar Soni, Ghawer Ji Ka Bera, Mathania, Jodhpur, Rajasthan","Mathania, Jodhpur, RJ, C/o Rameshwar Soni",India,MISSED_BY_BLOCKING,J_cross_script_dba,"One entity in native Indic script, other in English with different brand phrasing",Indic transliteration + consonant skeleton + address key
S1-990954213,S3,S3-358622231,Galaxy Gold Producer Private Limited,गैलेक्सी गोल्ड प्रोड्यूसर प्राइवेट लिमिटेड,"Nishant Kumar, Manikpur, Dehri On Sone, Dehri, Rohtas, Bihar","Nishant Kumar, Rohtas, Dehri, बिहार",India,MISSED_BY_BLOCKING,J_cross_script_dba,"One entity in native Indic script, other in English with different brand phrasing",Indic transliteration + consonant skeleton + address key
S1-776453630,S2,S2-116320083,Anny Adams Bridge,Wexlyra,"WA, College Place, 108 Mountain View Drive","116 MOUNTAIN VIEW DRIVE, COLLEGE PLACE, WA",US,MISSED_BY_BLOCKING,B_brand_vs_parent_company,Short distinctive brand name vs multi-word parent company name,Single distinctive brand token + address door/plot number
S1-5289414,S3,S3-608818760,Star Management Private Limited,Star Management Enterprises,"Deoria, Uttar Pradesh, Deoria, 79/A/05 Uma Nagar Dakshin",,India,MISSED_BY_BLOCKING,G_empty_or_weak_address,"Address is empty or severely truncated, preventing composite address blocking",Distinctive multi-word name signature fallback (min length 10)
S1-545910471,S3,S3-20397833,Tree Industries Group Private Limited,Jaxorbi,"4/157, Lucknow, Uttar Pradesh, Vipul Khand Gomti Nagar, Lucknow","3/157, Vipul Khand Gomti Nagar, Lucknow, UP",India,MISSED_BY_BLOCKING,B_brand_vs_parent_company,Short distinctive brand name vs multi-word parent company name,Single distinctive brand token + address door/plot number
S1-563312711,S2,S2-583943689,ID Factory Private Limited,idfactory.com,"Mumbai, Maharashtra, Unit No.206, Mumbai City, Kamala Spaces, Near Hdfc Bank, Khira Nagar, S.V.Road, Santacruz-Westmu","KAMALA SPACES, NEAR HDFC BANK, KHIRA NAGAR, S.V.ROAD, SANTACRUZ-WESTMU, Maharashtra, MUMBAI, H.NO 278 UNIT NO.206, MUMBAI CITY",India,MISSED_BY_BLOCKING,C_website_domain_variation,Candidate name is a website/domain with unsegmented words while S1 is legal entity,Pass A: Strip TLD + token stem concatenation + address anchor
S1-776994594,S2,S2-883418707,Dream Management Private Limited,డ్రీమ్ మేనేజ్‌మెంట్ ప్రైవేట్ లిమిటెడ్,"3-105/3/A/13, East Hanuman Nagar, Boduppal, Hyderabad, Telangana","HYDERABAD, 3-105/3/A/13, Andhra Pradesh",India,MISSED_BY_BLOCKING,J_cross_script_dba,"One entity in native Indic script, other in English with different brand phrasing",Indic transliteration + consonant skeleton + address key
S1-776994594,S2,S2-74141587,Dream Management Private Limited,డ్రీమ్ మేనేజ్‌మెంట్ ప్రైవేట్ లిమిటెడ్,"3-105/3/A/13, East Hanuman Nagar, Boduppal, Hyderabad, Telangana","Andhra Pradesh, HYDERABAD, 3-105/3/A/13, HYDERABAD, EAST HANUMAN NAGAR, BODUPPAL",India,MISSED_BY_BLOCKING,J_cross_script_dba,"One entity in native Indic script, other in English with different brand phrasing",Indic transliteration + consonant skeleton + address key
S1-925716253,S2,S2-182520671,Knipp Home Inc,knipphome.com,"88 Middletown Point Road, Thompson, NY","MIDDLETOWN POINT RD, ROCK HILL TOWNSHIP, NY",US,MISSED_BY_BLOCKING,C_website_domain_variation,Candidate name is a website/domain with unsegmented words while S1 is legal entity,Pass A: Strip TLD + token stem concatenation + address anchor
S1-211551350,S3,S3-511274453,Martinez Tri-State Breeze,Martinez Breeze Services,"764 Salem Street, Groveland, MA","764 Salem St, Groveland, Massachusetts",US,MISSED_BY_BLOCKING,I_legal_suffix_dominating,Lexical divergence across commercial branding,Address component intersection
S1-263789178,S3,S3-788599220,CM India Private Limited,@cmindia,"148, A Wing, Balaji Bhavan, Plot No. 42A, Sector - 11, Cbd Belapur, Navi Mumbai, Maharashtra","148, Cbd Belapur, Navi Mumbai, MH",India,MISSED_BY_BLOCKING,C_website_domain_variation,Candidate name is a website/domain with unsegmented words while S1 is legal entity,Pass A: Strip TLD + token stem concatenation + address anchor
S1-437253658,S2,S2-134952464,Future Sree Developers Private Limited,फ्यूचर श्री डेवलपर्स प्राइवेट लिमिटेड,"Bihar, Rasulpur, Dumra, Sitamarhi, C/O Shiv Devi, Dumra, Sitamarhi","C/O SHIV DEVI, RASULPUR, DUMRA, SITAMARHI, DUMRA, SITAMARHI, Bihar",India,MISSED_BY_BLOCKING,J_cross_script_dba,"One entity in native Indic script, other in English with different brand phrasing",Indic transliteration + consonant skeleton + address key
S1-437253658,S3,S3-825245736,Future Sree Developers Private Limited,फ्यूचर श्री डेवलपर्स प्राइवेट लिमिटेड,"Bihar, Rasulpur, Dumra, Sitamarhi, C/O Shiv Devi, Dumra, Sitamarhi","C/o Shiv Devi, Sitamarhi, Dumra, BR",India,MISSED_BY_BLOCKING,J_cross_script_dba,"One entity in native Indic script, other in English with different brand phrasing",Indic transliteration + consonant skeleton + address key
S1-437253658,S3,S3-448782065,Future Sree Developers Private Limited,फ्यूचर श्री डेवलपर्स प्राइवेट लिमिटेड,"Bihar, Rasulpur, Dumra, Sitamarhi, C/O Shiv Devi, Dumra, Sitamarhi","C/o Shiv Devi, Rasulpur, Dumra, Sitamarhi, Dumra, Sitamarhi, BR",India,MISSED_BY_BLOCKING,J_cross_script_dba,"One entity in native Indic script, other in English with different brand phrasing",Indic transliteration + consonant skeleton + address key
S1-437253658,S2,S2-437763946,Future Sree Developers Private Limited,फ्यूचर श्री डेवलपर्स प्राइवेट लिमिटेड,"Bihar, Rasulpur, Dumra, Sitamarhi, C/O Shiv Devi, Dumra, Sitamarhi","C/O SHIV DEVI, SITAMARHI, Bihar, DUMRA, RASULPUR, DUMRA, SITAMARHI",India,MISSED_BY_BLOCKING,J_cross_script_dba,"One entity in native Indic script, other in English with different brand phrasing",Indic transliteration + consonant skeleton + address key
S1-299367178,S2,S2-250009064,American Legacy Islands Inc,Veragildsyn,"729 Cr 11, Tiffin, OH","729 CR 11, CLINTON TWP, OH",US,MISSED_BY_BLOCKING,B_brand_vs_parent_company,Short distinctive brand name vs multi-word parent company name,Single distinctive brand token + address door/plot number
S1-600935582,S2,S2-166122381,Pediatric Care Associates of Columbus Inc,pediatriccareassociates.com,"158 Dakota Avenue, Columbus, OH","DAKOTA AVENUE, COLUMBUS, OH",US,MISSED_BY_BLOCKING,C_website_domain_variation,Candidate name is a website/domain with unsegmented words while S1 is legal entity,Pass A: Strip TLD + token stem concatenation + address anchor
S1-284115450,S2,S2-514193392,Aditya Management Private Limited,আদিত্য ম্যানেজমেন্ট প্রাইভেট লিমিটেড,"106A Shyam Bazar Street Ground Floor, Kolkata, Howrah, West Bengal","06A SHYAM BAZAR STREET GROUND FLOOR, KOLKATA, West Bengal",India,MISSED_BY_BLOCKING,J_cross_script_dba,"One entity in native Indic script, other in English with different brand phrasing",Indic transliteration + consonant skeleton + address key
S1-528762471,S3,S3-91217101,New Delhi Mal Limited,New De1hi Mal Ltd,"New Delhi, Delhi, H-16/128 Gali No-1Govind Garh Tank Road Karol Bagh, Central Delhi","H-16/128 Gali No-1govind Garh Tank Road Karol Bagh, Central Delhi, New Delhi, DL",India,MISSED_BY_BLOCKING,I_legal_suffix_dominating,Lexical divergence across commercial branding,Address component intersection
S1-191912983,S2,S2-255221524,GH Battery Private Limited,ghbatteryprivate.com,"Maharashtra, Mumbai, Seva Sadan Chawl, Rawalpada, Santosh Nagar, Dahisar East, R. No 1","R. NO ##1, SEVA SADAN CHAWL, RAWALPADA, SANTOSH NAGAR, MUMBAI, DAHISAR EAST, Maharashtra",India,MISSED_BY_BLOCKING,C_website_domain_variation,Candidate name is a website/domain with unsegmented words while S1 is legal entity,Pass A: Strip TLD + token stem concatenation + address anchor
S1-718618083,S3,S3-326034544,Minta Cirillo Shipping,mintacirilloshipping.com,"10342 278th Avenue, Village Of Salem Lakes, WI","10342 278th Ave, Trevor CITY, Wisconsin",US,MISSED_BY_BLOCKING,C_website_domain_variation,Candidate name is a website/domain with unsegmented words while S1 is legal entity,Pass A: Strip TLD + token stem concatenation + address anchor
S1-822780661,S2,S2-372115144,Rev It Up Nails,REV-NAILS UP IT,"110 S A Street, Gas City, IN","110 SOUTH A STREET, GAS CITY, IN",US,MISSED_BY_BLOCKING,I_legal_suffix_dominating,Lexical divergence across commercial branding,Address component intersection
S1-822780661,S2,S2-486433708,Rev It Up Nails,revitup.com,"110 S A Street, Gas City, IN","110 SOUTH A ST, GAS CITY, IN",US,MISSED_BY_BLOCKING,C_website_domain_variation,Candidate name is a website/domain with unsegmented words while S1 is legal entity,Pass A: Strip TLD + token stem concatenation + address anchor
S1-190952657,S3,S3-664851954,Future Platforms Pvt Ltd,Future Pvt Ltd Services Enterprises,"Off No.617, 6Th Floor, The Summit Business Park Premises Co Op Soc Ltd, Opp Pvr Cinema, Sir M.V. Road, Andheri East, Mumbai, Maharashtra",,India,MISSED_BY_BLOCKING,G_empty_or_weak_address,"Address is empty or severely truncated, preventing composite address blocking",Distinctive multi-word name signature fallback (min length 10)
S1-80788357,S3,S3-214422570,UU Solar Pvt Ltd,usolar.com,"3Rd Floor, Brigade Towers Brigade Road, Bangalore, Karnataka, Ashoknagar, 312","312, Bangalore, ಕರ್ನಾಟಕ",India,MISSED_BY_BLOCKING,C_website_domain_variation,Candidate name is a website/domain with unsegmented words while S1 is legal entity,Pass A: Strip TLD + token stem concatenation + address anchor
S1-605334018,S3,S3-257861664,Good Products Private Limited,ಗುಡ್ ಪ್ರೊಡಕ್ಟ್ಸ್ ಪ್ರೈವೇಟ್ ಲಿಮಿಟೆಡ್,"314, Manito Commanders Marvel, Duo Marvel Layout, Bangalore North, Bangalore, Karnataka","314, Bangalore North, Bangalore, KA",India,MISSED_BY_BLOCKING,J_cross_script_dba,"One entity in native Indic script, other in English with different brand phrasing",Indic transliteration + consonant skeleton + address key
S1-605334018,S2,S2-343364600,Good Products Private Limited,ಗುಡ್ ಪ್ರೊಡಕ್ಟ್ಸ್ ಪ್ರೈವೇಟ್ ಲಿಮಿಟೆಡ್,"314, Manito Commanders Marvel, Duo Marvel Layout, Bangalore North, Bangalore, Karnataka","314, BANGALORE NORTH, BANGALORE, Karnataka",India,MISSED_BY_BLOCKING,J_cross_script_dba,"One entity in native Indic script, other in English with different brand phrasing",Indic transliteration + consonant skeleton + address key
S1-607884731,S3,S3-939516170,Shivam Construction Private Limited,शिवम कंस्ट्रक्शन प्राइवेट लिमिटेड,"3, Moti Bunglow, Gajra Colony, Dewas, Madhya Pradesh","Dewas, 8-476 3, मध्य प्रदेश",India,MISSED_BY_BLOCKING,J_cross_script_dba,"One entity in native Indic script, other in English with different brand phrasing",Indic transliteration + consonant skeleton + address key
S1-190077985,S3,S3-133195868,Lakshmi Logistics Limited,லக்ஷ்மி லாஜிஸ்டிக்ஸ் லிமிடெட்,"Chennai, Thiruvallur, Ayannampakkam, Tamil Nadu, 308 Kamarajar Salai Ponni Amman Nagar East","30 Kamarajar Salai Ponni Amman Nagar East, Ayannampakkam, Chennai, Thiruvallur, TN",India,MISSED_BY_BLOCKING,J_cross_script_dba,"One entity in native Indic script, other in English with different brand phrasing",Indic transliteration + consonant skeleton + address key
S1-381717008,S3,S3-968865750,Dpg Industries Group Private Limited,Private Dpg Industries Group Limited,"G.T. Road, Chowmatha Khanyan, Hooghly, West Bengal","G.t. Road, Hooghly, পশ্চিমবঙ্গ",India,MISSED_BY_BLOCKING,I_legal_suffix_dominating,Lexical divergence across commercial branding,Address component intersection
S1-541158286,S2,S2-373839503,New Estate Pvt Ltd,newestate.com,"No. 1089, Karnataka, 4Th Floor, 5Th Cross, 8Th Main, Bangalore North, Bangalore","NO. 108 , 4TH FLOOR, 5TH CROSS, 8TH MAIN, BANGALORE NORTH, ಕರ್ನಾಟಕ",India,MISSED_BY_BLOCKING,C_website_domain_variation,Candidate name is a website/domain with unsegmented words while S1 is legal entity,Pass A: Strip TLD + token stem concatenation + address anchor
S1-541158286,S2,S2-360023070,New Estate Pvt Ltd,ನ್ಯೂ ಎಸ್ಟೇಟ್ ಪ್ರೈವೇಟ್ ಲಿಮಿಟೆಡ್,"No. 1089, Karnataka, 4Th Floor, 5Th Cross, 8Th Main, Bangalore North, Bangalore","NO. 108, 4TH FLOOR, 5TH CROSS, 8TH MAIN, BANGALORE NORTH, BANGALORE, Karnataka",India,MISSED_BY_BLOCKING,J_cross_script_dba,"One entity in native Indic script, other in English with different brand phrasing",Indic transliteration + consonant skeleton + address key
S1-390838754,S3,S3-43104736,Womens Health Allied Care Associates Center,womenshealthallied.com,"9347 Cosmo Court, New Hartford, NY","09347 Cosmo Ct, PMB 6704, Sauquoit, New York",US,MISSED_BY_BLOCKING,C_website_domain_variation,Candidate name is a website/domain with unsegmented words while S1 is legal entity,Pass A: Strip TLD + token stem concatenation + address anchor
S1-829565132,S3,S3-498877402,Bangalore Realinfra Private Limited,Mr Bangalore Reaiflra Private Limited,"C-15, Swaminarayan Nagar Vibhag-2, Nr. Kalakunj Temple, Varachha Road, Surat City, Surat, Gujarat",,India,MISSED_BY_BLOCKING,G_empty_or_weak_address,"Address is empty or severely truncated, preventing composite address blocking",Distinctive multi-word name signature fallback (min length 10)
S1-272704324,S3,S3-435665516,DUV Safety LLP,DUV LLP [Services],"Maharashtra, Kolpa Tq. Dist. Latur, Latur","Latur, MH, Kolpa Tq. Dist. Latur, Latur",India,MISSED_BY_BLOCKING,I_legal_suffix_dominating,Lexical divergence across commercial branding,Address component intersection
S1-272704324,S2,S2-427881833,DUV Safety LLP,duvsafety.com,"Maharashtra, Kolpa Tq. Dist. Latur, Latur","KOLPA TQ. DIST. LATUR, LATUR, Maharashtra",India,MISSED_BY_BLOCKING,C_website_domain_variation,Candidate name is a website/domain with unsegmented words while S1 is legal entity,Pass A: Strip TLD + token stem concatenation + address anchor
S1-745912284,S3,S3-49410350,Tirupati Indian Foundation,तिरुपति इंडियन फाउंडेशन,"New Delhi, South Delhi, Delhi, Plot No-138 Block-Bokhla Indl Area Phase I","Plot No-138 Block-bokhla Indl Area Phase I, New Delhi, South Delhi, दिल्ली",India,MISSED_BY_BLOCKING,J_cross_script_dba,"One entity in native Indic script, other in English with different brand phrasing",Indic transliteration + consonant skeleton + address key
S1-624061781,S3,S3-55941776,Modern Producer Pvt Ltd,@modernproducer,"Shop No. 5 South Ganesh Nagar, H.No. 65, Delhi, East Delhi, Delhi","No 65, Delhi, East Delhi, दिल्ली",India,MISSED_BY_BLOCKING,C_website_domain_variation,Candidate name is a website/domain with unsegmented words while S1 is legal entity,Pass A: Strip TLD + token stem concatenation + address anchor
S1-704575390,S3,S3-426114318,Prime Industries,प्राइम इंडस्ट्रीज,"Western Express Highway Andheri (E) Naga, Near Landmark Building, Andheri East, Mumbai, 801 & 802 8Th Floor Viraj Tower, Mumbai, Maharashtra, Mumbai","801 & 802 8Th Floor Viraj Tower, Mumbai, महाराष्ट्र",India,MISSED_BY_BLOCKING,J_cross_script_dba,"One entity in native Indic script, other in English with different brand phrasing",Indic transliteration + consonant skeleton + address key
S1-554453312,S2,S2-614550614,Flyjoy Trust,ftrust.com,"Plot No-224, At-Sijua, Kalinga Nagar, Bhubaneswar, Khordha, Orissa","Odisha, NO 131 PLOT NO-224, AIIMS CAMPUS BRANCH  SIJUA, KHORDHA",India,MISSED_BY_BLOCKING,C_website_domain_variation,Candidate name is a website/domain with unsegmented words while S1 is legal entity,Pass A: Strip TLD + token stem concatenation + address anchor
S1-387635984,S2,S2-145355448,Modern Care Private Limited,मॉडर्न केयर प्राइवेट लिमिटेड,"We-115, Mohan Garden, Rama Park Road, Uttam Nagar, New Delhi, West Delhi, Delhi","PLOT 496 WE-115, NEW DELHI, Delhi",India,MISSED_BY_BLOCKING,J_cross_script_dba,"One entity in native Indic script, other in English with different brand phrasing",Indic transliteration + consonant skeleton + address key
S1-815610789,S3,S3-936630592,Secure Automobile Corp,secureautomobile.com,"19 Foxcroft Road, Unit 123, Naperville, IL","Foxcroft Rd, Napevrille, Illinois",US,MISSED_BY_BLOCKING,C_website_domain_variation,Candidate name is a website/domain with unsegmented words while S1 is legal entity,Pass A: Strip TLD + token stem concatenation + address anchor
S1-738226129,S2,S2-901386970,Star Construction Private Limited,स्टार कंस्ट्रक्शन प्राइवेट लिमिटेड,"Flat No 02, P No 26, 27 & 30, S No 22 Aade Niwas, New Hanuman Nagar, Garkheda, Aurangabad, Maharashtra","FLAT NO 92, CH.SAMBHAJI NAGAR, Maharashtra",India,MISSED_BY_BLOCKING,J_cross_script_dba,"One entity in native Indic script, other in English with different brand phrasing",Indic transliteration + consonant skeleton + address key
S1-578870798,S2,S2-918840834,Bor Charitable Trust Ltd,borcharitabletrust.com,"R V Patel Chawl, R No 3, Daruwala Compound, Malad, Malad West, Mumbai, Maharashtra","R V PATEL CHAWL, R NO 3, DARUWALA COMPOUND, MALAD, MALAD WEST, Maharashtra",India,MISSED_BY_BLOCKING,C_website_domain_variation,Candidate name is a website/domain with unsegmented words while S1 is legal entity,Pass A: Strip TLD + token stem concatenation + address anchor
S1-565665689,S3,S3-127115796,Classic Global Private Limited,क्लासिक ग्लोबल प्राइवेट लिमिटेड,"Sector 19, Pocket-2, Delhi, New Delhi, Flat No..344 Greenview Apartments, South West Delhi","Flat No..34 Greenview Apartments, West Delhi, दिल्ली",India,MISSED_BY_BLOCKING,J_cross_script_dba,"One entity in native Indic script, other in English with different brand phrasing",Indic transliteration + consonant skeleton + address key
S1-565665689,S3,S3-943986526,Classic Global Private Limited,Dr Classic Global Private  Limited,"Sector 19, Pocket-2, Delhi, New Delhi, Flat No..344 Greenview Apartments, South West Delhi","Flat No..34 Greenview Apartmets, West Delhi, DL",India,MISSED_BY_BLOCKING,I_legal_suffix_dominating,Lexical divergence across commercial branding,Address component intersection
S1-565665689,S3,S3-574407507,Classic Global Private Limited,क्लासिक ग्लोबल प्राइवेट लिमिटेड,"Sector 19, Pocket-2, Delhi, New Delhi, Flat No..344 Greenview Apartments, South West Delhi","Flat No..34 Greenview Apartments, New Delhi, South West Delhi, DL",India,MISSED_BY_BLOCKING,J_cross_script_dba,"One entity in native Indic script, other in English with different brand phrasing",Indic transliteration + consonant skeleton + address key
S1-565665689,S3,S3-298879761,Classic Global Private Limited,Classic Limited Private Global,"Sector 19, Pocket-2, Delhi, New Delhi, Flat No..344 Greenview Apartments, South West Delhi",,India,MISSED_BY_BLOCKING,G_empty_or_weak_address,"Address is empty or severely truncated, preventing composite address blocking",Distinctive multi-word name signature fallback (min length 10)
S1-565665689,S2,S2-565945117,Classic Global Private Limited,क्लासिक ग्लोबल प्राइवेट लिमिटेड,"Sector 19, Pocket-2, Delhi, New Delhi, Flat No..344 Greenview Apartments, South West Delhi","DOOR NO 138 FLAT NO..344 GREENVIEW APARTMENTS, NEW DELHI, SOUTH WEST DELHI, Delhi",India,MISSED_BY_BLOCKING,J_cross_script_dba,"One entity in native Indic script, other in English with different brand phrasing",Indic transliteration + consonant skeleton + address key
S1-797166769,S3,S3-47012365,Southern Enterprises Limited,M/s Southern Enterprises (Limited),"2Nd Floor, Plot-69, Anand Vihar, Bhulabhai Desai Road, Cumballa Hill, Mumbai, Mumbai City, Maharashtra",,India,MISSED_BY_BLOCKING,G_empty_or_weak_address,"Address is empty or severely truncated, preventing composite address blocking",Distinctive multi-word name signature fallback (min length 10)
S1-797166769,S3,S3-240127835,Southern Enterprises Limited,Southern Énterprises,"2Nd Floor, Plot-69, Anand Vihar, Bhulabhai Desai Road, Cumballa Hill, Mumbai, Mumbai City, Maharashtra","Mumbai(west), Mumbai, 2Nd- Floor, MH",India,MISSED_BY_BLOCKING,I_legal_suffix_dominating,Lexical divergence across commercial branding,Address component intersection
S1-601132167,S2,S2-903814434,Dynamic Energy Private Limited,डायनामिक एनर्जी प्राइवेट लिमिटेड,"Bai, Mumbai City, Mumbai, Creative Ind Premises C Soc Lt Gala No 10 Sunder Ngr Rd 2 Kalina Mum, Maharashtra","PLOT 00759 CREATIVE IND PREMISES C SOC LT GALA NO 10 SUNDER NGR RD 2 KALINA MUM, BAI, MUMBAI, MUMBAI CITY, Maharashtra",India,MISSED_BY_BLOCKING,J_cross_script_dba,"One entity in native Indic script, other in English with different brand phrasing",Indic transliteration + consonant skeleton + address key
S1-239688983,S3,S3-804474762,Naveen (India) (india) Private Limited,naveenindiaindia.com,"8-1-332/3/B/3, First Floor, Arvind Nagar Colony, 7 Tombs Road, Tolichowki., Hyderabad, Telangana","Block F-909 8-1-332/3/B/3, First Floor, Arvind Nagar Colony, 7 Tombs Road, Tolichowki., Hyderabad, తెలంగాణ",India,MISSED_BY_BLOCKING,C_website_domain_variation,Candidate name is a website/domain with unsegmented words while S1 is legal entity,Pass A: Strip TLD + token stem concatenation + address anchor
S1-239688983,S3,S3-509853946,Naveen (India) (india) Private Limited,Naveenindiaindia.Com,"8-1-332/3/B/3, First Floor, Arvind Nagar Colony, 7 Tombs Road, Tolichowki., Hyderabad, Telangana","Block F-909 8-1-332/3/B/3, First Floor, Arvind Nagar Colony, 7 Tombs Road, Tolichowki., Hyderabad, తెలంగాణ",India,MISSED_BY_BLOCKING,C_website_domain_variation,Candidate name is a website/domain with unsegmented words while S1 is legal entity,Pass A: Strip TLD + token stem concatenation + address anchor
S1-774848541,S2,S2-880969832,Coastal Center,Coastal Sérvice,"4914 Cayman Street, Sioux Falls, SD",,US,MISSED_BY_BLOCKING,G_empty_or_weak_address,"Address is empty or severely truncated, preventing composite address blocking",Distinctive multi-word name signature fallback (min length 10)
S1-912172894,S2,S2-185881109,Make Educational Society,#makeeducational,"Sudhir Bhawan, 1St Floor, Jagannathbati, Near Water Tank, Sugandha, Polba, Chinsurah - Magra, Hooghly, West Bengal","SUDHIR BHAWAN, 1ST  FLOOR, JAGANNATHBATI, NEAR WATER TANK, SUGANDHA, POLBA, CHINSURAH - MAGRA, West Bengal",India,MISSED_BY_BLOCKING,B_brand_vs_parent_company,Short distinctive brand name vs multi-word parent company name,Single distinctive brand token + address door/plot number
S1-636155616,S3,S3-795600751,Innovative Software Private Limited,ઇનોવેટિવ સોફ્ટવેર પ્રાઇવેટ લિમિટેડ,"Gujarat, Okhamandal, Japata Chowk, Jamnagar","Japata Chowk, Okhamandal, Jamnagar, ગુજરાત",India,MISSED_BY_BLOCKING,J_cross_script_dba,"One entity in native Indic script, other in English with different brand phrasing",Indic transliteration + consonant skeleton + address key
S1-636155616,S3,S3-304265393,Innovative Software Private Limited,ઇનોવેટિવ સોફ્ટવેર પ્રાઇવેટ લિમિટેડ,"Gujarat, Okhamandal, Japata Chowk, Jamnagar","GJ, Okhamandal, Jamnagar, Japata Chowk",India,MISSED_BY_BLOCKING,J_cross_script_dba,"One entity in native Indic script, other in English with different brand phrasing",Indic transliteration + consonant skeleton + address key
S1-636155616,S2,S2-487681181,Innovative Software Private Limited,ઇનોવેટિવ સોફ્ટવેર પ્રાઇવેટ લિમિટેડ,"Gujarat, Okhamandal, Japata Chowk, Jamnagar","JAPATA CHOWK, JAMNAGAR, OKHAMANDAL, Gujarat",India,MISSED_BY_BLOCKING,J_cross_script_dba,"One entity in native Indic script, other in English with different brand phrasing",Indic transliteration + consonant skeleton + address key
S1-907769280,S3,S3-637536707,Modern Exports Private Limited,Sri Gildquo,"485/I Sapthagiri, Yerlapady, Bailoor, Karkala, Karkala, Udupi, Karnataka","<NULL>, Udupi, 592 Sapthagiri, Karkala, ಕರ್ನಾಟಕ",India,MISSED_BY_BLOCKING,I_legal_suffix_dominating,Lexical divergence across commercial branding,Address component intersection
S1-494533763,S3,S3-253430807,North Cascade Research,cascaderesearch.com,"30251 Roosevelt Street, Maricopa County, AZ","Arizona, Maricopa County, Roosevelt Street",US,MISSED_BY_BLOCKING,C_website_domain_variation,Candidate name is a website/domain with unsegmented words while S1 is legal entity,Pass A: Strip TLD + token stem concatenation + address anchor
S1-644613879,S2,S2-6481087,Foot & Ankle Prairie Care Associates LLC,Foot + LLC Prairie Care Associates Ankle,"4814 Harrison Street, Omaha, NE","4814 HARRISON STREET, OMAHA, NE",US,MISSED_BY_BLOCKING,I_legal_suffix_dominating,Lexical divergence across commercial branding,Address component intersection
S1-672951415,S3,S3-753197196,Hyderabad Research Limited,Hyderabad Rdmoarhhc Limited,"Flat No.202, No.8/2/456, Road No.4, Banjara Hills, Hyderabad, Telangana",,India,MISSED_BY_BLOCKING,G_empty_or_weak_address,"Address is empty or severely truncated, preventing composite address blocking",Distinctive multi-word name signature fallback (min length 10)
S1-840415978,S2,S2-860550924,Akshaya Unique Private Limited,Akshaya Private Limited [Service],"House No-128, 2Nd Floor, Pocket-1, Sector-20, Rohini, C-Block, Sultanpuri, Delhi, North West, Delhi",,India,MISSED_BY_BLOCKING,G_empty_or_weak_address,"Address is empty or severely truncated, preventing composite address blocking",Distinctive multi-word name signature fallback (min length 10)
S1-765233993,S2,S2-709189952,Red Foods Limited,রেড ফুডস লিমিটেড,"C/O Parvej Alam, Umrapur, Murshidabad, West Bengal","MURSHIDABAD, পশ্চিমবঙ্গ, C/O PARVEJ ALAM",India,MISSED_BY_BLOCKING,J_cross_script_dba,"One entity in native Indic script, other in English with different brand phrasing",Indic transliteration + consonant skeleton + address key
S1-496893663,S3,S3-978093617,Gujarat Business Limited,gujaratbusiness.com,"Sri Sakthivel Towers, First Floor, 687/2 Trichy Road, Ramanathapuram, Coimbatore, Tamil Nadu","Sri Sakthivel Towers, Ramanathapuram, Coimbatore, TN",India,MISSED_BY_BLOCKING,C_website_domain_variation,Candidate name is a website/domain with unsegmented words while S1 is legal entity,Pass A: Strip TLD + token stem concatenation + address anchor
S1-178022840,S3,S3-968500624,Orthopedic Highland Center,Orthopedic Center Services,"8111 Lucas Lane, Jeffersonville, IN","111 Lucas Ln, Charlestown, Indiana",US,MISSED_BY_BLOCKING,I_legal_suffix_dominating,Lexical divergence across commercial branding,Address component intersection
S1-64638510,S3,S3-553773888,Vision Tri-State Medicine,visiontristatemedicine.com,"6421 Fianna Hills Drive, Fort Worth, TX","6421 1/2 Fianna Hills Drive, Fort Worth, Texas",US,MISSED_BY_BLOCKING,C_website_domain_variation,Candidate name is a website/domain with unsegmented words while S1 is legal entity,Pass A: Strip TLD + token stem concatenation + address anchor
S1-616221144,S2,S2-343887266,One Food LLP,वन फूड एलएलपी,"Flat No 905, B Plot No A, Anand Prime, Sector 8, Pratap Nagar, Jaipur, Rajasthan","DOOR NO 90, B PLOT NO A, ANAND PRIME, SECTOR 8, PRATAP NAGAR, JAIPUR, Rajasthan",India,MISSED_BY_BLOCKING,J_cross_script_dba,"One entity in native Indic script, other in English with different brand phrasing",Indic transliteration + consonant skeleton + address key
S1-616221144,S2,S2-476189446,One Food LLP,वन फूड एलएलपी,"Flat No 905, B Plot No A, Anand Prime, Sector 8, Pratap Nagar, Jaipur, Rajasthan","JAIPUR, 90, Rajasthan, JAIPUR",India,MISSED_BY_BLOCKING,J_cross_script_dba,"One entity in native Indic script, other in English with different brand phrasing",Indic transliteration + consonant skeleton + address key
S1-126265290,S3,S3-676150561,Devore Beyond Inc,Ariagild,"Sparks, OK, 350103 970 Road","350103 970 Road, Sparkks, Oklahoma",US,MISSED_BY_BLOCKING,B_brand_vs_parent_company,Short distinctive brand name vs multi-word parent company name,Single distinctive brand token + address door/plot number
S1-352410589,S2,S2-427461441,Fortune Estate Private Limited,ફોર્ચ્યુન એસ્ટેટ પ્રાઇવેટ લિમિટેડ,"Plot No.89, Shop No. 2, Nilkantheshwar Society, Sumul Dairy Road, Surat City, Surat, Gujarat","#89, SURAT, SURAT CITY, Gujarat",India,MISSED_BY_BLOCKING,J_cross_script_dba,"One entity in native Indic script, other in English with different brand phrasing",Indic transliteration + consonant skeleton + address key
S1-312389741,S3,S3-248428998,Anchor Pyrophyte LLC,Anchor LLC Partners,"2 Apple Lane, Deerpark, NY","Apple Lane, Cuddebackville, New York",US,MISSED_BY_BLOCKING,I_legal_suffix_dominating,Lexical divergence across commercial branding,Address component intersection
S1-269808871,S2,S2-198112303,Back Alley Tavern,backalley.com,"4500 College Avenue, Unit 2110A, College Park, MD","450 COLLEGE AVENUE, COLLEGE PARK, MD",US,MISSED_BY_BLOCKING,C_website_domain_variation,Candidate name is a website/domain with unsegmented words while S1 is legal entity,Pass A: Strip TLD + token stem concatenation + address anchor
S1-753261502,S2,S2-164881736,Black Global Private Limited,ब्लैक ग्लोबल प्राइवेट लिमिटेड,"Shop No: 5, 1St Floor, Om Heera Panna Premises Ch Near Oshiwara Police Station, Jogeshwar, I West, Mumbai, Mumbai City, Maharashtra","SHOP NO: 05, MUMBAI CITY, MUMBAI, Maharashtra",India,MISSED_BY_BLOCKING,J_cross_script_dba,"One entity in native Indic script, other in English with different brand phrasing",Indic transliteration + consonant skeleton + address key
S1-753261502,S3,S3-791944839,Black Global Private Limited,ब्लैक ग्लोबल प्राइवेट लिमिटेड,"Shop No: 5, 1St Floor, Om Heera Panna Premises Ch Near Oshiwara Police Station, Jogeshwar, I West, Mumbai, Mumbai City, Maharashtra","MH, Mumbai City, Mumbai, Block E-296 Shop No: 5",India,MISSED_BY_BLOCKING,J_cross_script_dba,"One entity in native Indic script, other in English with different brand phrasing",Indic transliteration + consonant skeleton + address key
S1-631761609,S2,S2-890113107,Alpha Marketing Private Limited,अल्फा मार्केटिंग प्राइवेट लिमिटेड,"Plot.I N Kh.No.78 Min, 1St/F, Kapashera Near Deepan Hospital, New Delhi, South West Delhi, Delhi","PLO.I N KH.NO.5-78 MIN, NEW DELHI, SOUTH WEST DELHI, Delhi",India,MISSED_BY_BLOCKING,J_cross_script_dba,"One entity in native Indic script, other in English with different brand phrasing",Indic transliteration + consonant skeleton + address key
S1-431175894,S3,S3-378746918,Bailey Montessori School,Bmschool.Com,"205 Hamilton Street, Energy, IL","205 Hamilton St, Energy, Illinois",US,MISSED_BY_BLOCKING,C_website_domain_variation,Candidate name is a website/domain with unsegmented words while S1 is legal entity,Pass A: Strip TLD + token stem concatenation + address anchor
S1-101445397,S2,S2-864095982,Al International Private Limited,ALINTERNATIONAL.COM,"1-98/3/5/23 To 27, Jubilee Enclave, Madhapur, Shaikpet, Hyderabad, Telangana","###1-98/3/5/23 TO 27, SHAIKPET, HYDERABAD, తెలంగాణ",India,MISSED_BY_BLOCKING,C_website_domain_variation,Candidate name is a website/domain with unsegmented words while S1 is legal entity,Pass A: Strip TLD + token stem concatenation + address anchor
S1-82799546,S2,S2-770339084,Caldium Auto Glass,#caldiumauto,"12218 Ambiance Way, Franklin, TN","1221 AMBIANCE WAY, FRANKLIN, TN",US,MISSED_BY_BLOCKING,B_brand_vs_parent_company,Short distinctive brand name vs multi-word parent company name,Single distinctive brand token + address door/plot number
S1-915035258,S2,S2-732099594,Womens Health Ace Physicians LLC,WOMENSHEALTHACECOM,"Sioux Falls, SD, 6608 Hawker Circle","6608 HAWKER CIRCLE, SIOUX FALLS, SD",US,MISSED_BY_BLOCKING,B_brand_vs_parent_company,Short distinctive brand name vs multi-word parent company name,Single distinctive brand token + address door/plot number
S1-915035258,S3,S3-620318731,Womens Health Ace Physicians LLC,Womens,"Sioux Falls, SD, 6608 Hawker Circle","6608 Hawker Circle, Sioux Falls, SD",US,MISSED_BY_BLOCKING,B_brand_vs_parent_company,Short distinctive brand name vs multi-word parent company name,Single distinctive brand token + address door/plot number
S1-859261995,S2,S2-190670604,Lotus Producer Pvt Ltd,लोटस प्रोड्यूसर प्रा. लि.,"S/O-Ram Murat, H.No-1/165, Ward No-2, Barwan Nasirpur, Nibiyahwa Pokhra, Akbarpur, Ambedkar Nagar, Uttar Pradesh","S/O-RAM MURAT, AKBARPUR, AMBEDKAR NAGAR, Uttar Pradesh",India,MISSED_BY_BLOCKING,J_cross_script_dba,"One entity in native Indic script, other in English with different brand phrasing",Indic transliteration + consonant skeleton + address key
S1-716766032,S3,S3-363513459,QE Trading Private Limited,#qetrading,"Flat No. 210, S No. 84/9 To 13 Gajanan Darshan, Khed, Satara, Maharashtra","No 210, Satara, MH",India,MISSED_BY_BLOCKING,B_brand_vs_parent_company,Short distinctive brand name vs multi-word parent company name,Single distinctive brand token + address door/plot number
S1-637497001,S2,S2-463055745,Dream Blue Infrastructure Private Limited,ड्रीम ब्लू इंफ्रास्ट्रक्चर प्राइवेट लिमिटेड,"Basement, Sughandha Complex Perkota, Saugor, Madhya Pradesh","BASEMENT, SUGHANDHA COMPLEX PERKOTA, SAUGOR, Madhya Pradesh",India,MISSED_BY_BLOCKING,J_cross_script_dba,"One entity in native Indic script, other in English with different brand phrasing",Indic transliteration + consonant skeleton + address key
S1-154844790,S3,S3-169963812,Ear Nose & Throat Center Inc.,#earnose,"113 Blue Bird Avenue, Berea, KY","00113 Blue Bird Ave, Berea, Kentucky",US,MISSED_BY_BLOCKING,B_brand_vs_parent_company,Short distinctive brand name vs multi-word parent company name,Single distinctive brand token + address door/plot number
S1-595843047,S2,S2-666936974,Red Hair Studio,Jaxkor,"N8230 Wainer Drive, Town Of Trego, WI","N8230 WAIAER DR, TREGO, WI",US,MISSED_BY_BLOCKING,B_brand_vs_parent_company,Short distinctive brand name vs multi-word parent company name,Single distinctive brand token + address door/plot number
S1-924630389,S3,S3-10826619,Piyush Educational Society,Piyush,"No.A/4, Rahat Garden Apartments, Sakthi Nagar First Main Road, Jamin Pall, Avaram, Chennai, Tamil Nadu","No.A/4, Rahat Garden Apartments, Sakthi Nagar First Main Road, Jamin Pall, Avaram, Chennai, Tamil Nadu",India,MISSED_BY_BLOCKING,B_brand_vs_parent_company,Short distinctive brand name vs multi-word parent company name,Single distinctive brand token + address door/plot number
S1-429935006,S2,S2-664828528,Vaayuendra Tech Private Limited,Vaayuendra Tech Pcivate Limited,"H No. 24-65/35, Plot No. 35, Road No.1, Maruthi Nagar, Lothkunta, Secunderabad, Tirumalagiri, Hyderabad, Telangana",,India,MISSED_BY_BLOCKING,G_empty_or_weak_address,"Address is empty or severely truncated, preventing composite address blocking",Distinctive multi-word name signature fallback (min length 10)
S1-336017308,S2,S2-244058830,Blue Construction,બ્લૂ કન્સ્ટ્રક્શન,"Plot No: 914-915, Near Krushi Crop, At- Kerala, Gidc Ta: Bavala, Village: Ke, Rala, Ahmedabad, Gujarat","PLOT NO: 914-915, AHMEDABAD, Gujarat",India,MISSED_BY_BLOCKING,J_cross_script_dba,"One entity in native Indic script, other in English with different brand phrasing",Indic transliteration + consonant skeleton + address key
S1-812705214,S3,S3-41620126,Victory Industries Private Limited,@victoryindustries,"15Th Floor, Urmi Estate, Tower A 95, Ganpatrao Kadam Marg, Lower Parel We, St, Mumbai, Mumbai City, Maharashtra","No 15Th/6 Floor, Mumbai, Mumbai City, महाराष्ट्र",India,MISSED_BY_BLOCKING,D_website_redirect_weak_address,Domain name present but address is missing or disparate,Strict domain core exact match + country agreement
S1-913420023,S2,S2-414095109,ZQ Transport,VERADOVATAVO,"1-2/20, Ii Cross, 9Th Main, B.T.M I Stage, Bangalore., Bangalore, Karnataka","2/20, II CROSS, 9TH MAIN, B.T.M I STAGE, BANGALORE, BANGALORE., Karnataka",India,MISSED_BY_BLOCKING,B_brand_vs_parent_company,Short distinctive brand name vs multi-word parent company name,Single distinctive brand token + address door/plot number
S1-989747483,S2,S2-848579793,Rev It Up Ice Cream!,revitup.com,"2213 7th Street, Broken Arrow, OK","2213. SEVENTH ST, BROKEN ARROW, OK",US,MISSED_BY_BLOCKING,C_website_domain_variation,Candidate name is a website/domain with unsegmented words while S1 is legal entity,Pass A: Strip TLD + token stem concatenation + address anchor
S1-989747483,S3,S3-945593092,Rev It Up Ice Cream!,Rev,"2213 7th Street, Broken Arrow, OK","Broken Arrow, 2213 7th Street, OK",US,MISSED_BY_BLOCKING,B_brand_vs_parent_company,Short distinctive brand name vs multi-word parent company name,Single distinctive brand token + address door/plot number
S1-211367912,S3,S3-318653684,International Construction Private Limited,इंटरनेशनल कंस्ट्रक्शन प्राइवेट लिमिटेड,"301 T/F Plot No-15, Community Center Preet, New Delhi, Delhi","H.no 301 T/f Plot No-15, East Delhi, New Delhi, DL",India,MISSED_BY_BLOCKING,J_cross_script_dba,"One entity in native Indic script, other in English with different brand phrasing",Indic transliteration + consonant skeleton + address key
S1-549559960,S3,S3-292200508,Hari Urban Ventures Pvt Ltd,హరి అర్బన్ వెంచర్స్ ప్రైవేట్ లిమిటెడ్,"8-491, Sai Nilayam, Flat No Ff-1, Srls Colony, Vijayawada (Rural), Krishna, Andhra Pradesh","7-491, Sai Nilayam, Flat No Ff-1, Srls Colony, Vijayawada (Rural), Krishna, AP",India,MISSED_BY_BLOCKING,J_cross_script_dba,"One entity in native Indic script, other in English with different brand phrasing",Indic transliteration + consonant skeleton + address key
S1-549559960,S2,S2-848203707,Hari Urban Ventures Pvt Ltd,హరి అర్బన్ వెంచర్స్ ప్రైవేట్ లిమిటెడ్,"8-491, Sai Nilayam, Flat No Ff-1, Srls Colony, Vijayawada (Rural), Krishna, Andhra Pradesh","9-491, VIJAYAWADA (RURAL), KRISHNA, Andhra Pradesh",India,MISSED_BY_BLOCKING,J_cross_script_dba,"One entity in native Indic script, other in English with different brand phrasing",Indic transliteration + consonant skeleton + address key
S1-549559960,S3,S3-231650119,Hari Urban Ventures Pvt Ltd,హరి అర్బన్ వెంచర్స్ ప్రైవేట్ లిమిటెడ్,"8-491, Sai Nilayam, Flat No Ff-1, Srls Colony, Vijayawada (Rural), Krishna, Andhra Pradesh","7-491, Sai Nilayam, Flat No Ff-1, Srls Colony, Krishna, Vijayawada (Rural), AP",India,MISSED_BY_BLOCKING,J_cross_script_dba,"One entity in native Indic script, other in English with different brand phrasing",Indic transliteration + consonant skeleton + address key
S1-122888975,S2,S2-257288400,Vision Estate Private Limited,விஷன் எஸ்டேட் பிரைவேட் லிமிடெட்,"17-1, Roja Nagar, Ranganathapuram, Kannampalyam Road, Kannampalaym, Palladam, Coimbatore, Tamil Nadu","17-1, PALLADAM, COIMBATORE, Tamil Nadu",India,MISSED_BY_BLOCKING,J_cross_script_dba,"One entity in native Indic script, other in English with different brand phrasing",Indic transliteration + consonant skeleton + address key
S1-122888975,S3,S3-931345914,Vision Estate Private Limited,விஷன் எஸ்டேட் பிரைவேட் லிமிடெட்,"17-1, Roja Nagar, Ranganathapuram, Kannampalyam Road, Kannampalaym, Palladam, Coimbatore, Tamil Nadu","#17-1, Palladam, Coimbatore, TN",India,MISSED_BY_BLOCKING,J_cross_script_dba,"One entity in native Indic script, other in English with different brand phrasing",Indic transliteration + consonant skeleton + address key
S1-315544608,S2,S2-144709526,R+ Vernal Inc,R+ Vrethal Inc,"158 Trailblazer Drive, Bastrop, TX",,US,MISSED_BY_BLOCKING,G_empty_or_weak_address,"Address is empty or severely truncated, preventing composite address blocking",Distinctive multi-word name signature fallback (min length 10)
S1-899426174,S3,S3-394945566,Mount Church Clinic,Mountchurchclinic.Com,"1812 Cedar Creek Drive, Norman, OK","Cedar Creek Drive, Norman, Oklahoma",US,MISSED_BY_BLOCKING,C_website_domain_variation,Candidate name is a website/domain with unsegmented words while S1 is legal entity,Pass A: Strip TLD + token stem concatenation + address anchor
S1-954517023,S3,S3-859520399,Gsk Formulations,Gsk  Formulntlins,"C/O Mohri, Jassa Ram Doli, Jodhpur, Jodhpur, Rajasthan","#421 C/o Mohhi, Jassa Ram Doli, Jodhpur, Jodhpur, राजस्थान",India,MISSED_BY_BLOCKING,I_legal_suffix_dominating,Lexical divergence across commercial branding,Address component intersection
S1-310661818,S2,S2-54075739,Om Ventures Private Limited,ॐ वेंचर्स प्राइवेट लिमिटेड,"Palwal, Haryana, Flat No 302 The Shri Shiv, Faridabad, Kirpa Co Op Ghs Ltd Sec 2","THE SHRI SHIV, PALWAL, FARIDABAD, Haryana",India,MISSED_BY_BLOCKING,J_cross_script_dba,"One entity in native Indic script, other in English with different brand phrasing",Indic transliteration + consonant skeleton + address key
S1-310661818,S3,S3-551449829,Om Ventures Private Limited,Ciranex,"Palwal, Haryana, Flat No 302 The Shri Shiv, Faridabad, Kirpa Co Op Ghs Ltd Sec 2","H.no ##302 The Shri Shiv, Kirpa Co Op Ghs Ltd Sec 2, Palwal, Faridabad, HR",India,MISSED_BY_BLOCKING,B_brand_vs_parent_company,Short distinctive brand name vs multi-word parent company name,Single distinctive brand token + address door/plot number
S1-14437240,S3,S3-98327432,New Delhi Nidhi Private Limited,Vantagevera,"55 Nehru Place, Delhi, Fifth Floor 504 Madhuban Building, New Delhi, South Delhi","55 Nehru Place, South Delhi, Delhi, New Delhi, Fifth Floor 504 Madhuban Building",India,MISSED_BY_BLOCKING,B_brand_vs_parent_company,Short distinctive brand name vs multi-word parent company name,Single distinctive brand token + address door/plot number
S1-505165525,S3,S3-324747406,Nsr Industries Group Corp,Nsr Industries Group Corp Corp,"179, Sector-4 Imt Manesar, Gurgaon, Haryana",,India,MISSED_BY_BLOCKING,G_empty_or_weak_address,"Address is empty or severely truncated, preventing composite address blocking",Distinctive multi-word name signature fallback (min length 10)
S1-349460457,S3,S3-25266492,East Technology Private Limited,ET,"Yunus Beg S/O Bashe Beg Nai Bazar Bhinga, Bahraich, Shravasti, Uttar Pradesh","Shravasti, Uttar Pradesh, Bahraich, Yunus Beg S/O Bashe Beg Nai Bazar Bhinga",India,MISSED_BY_BLOCKING,E_abbreviated_brand_acronym,Entity name is an acronym/initialism of the full corporate name,Deterministic acronym generation + postal/address anchor
S1-988816252,S3,S3-168287570,Main Street Deli,mainstreetdeli.com,"303 Cloudless Sky Drive, PA, Silver Spring Township","303 Cloudless Sky Drive, Silver Spring Township, Pennsylvania",US,MISSED_BY_BLOCKING,C_website_domain_variation,Candidate name is a website/domain with unsegmented words while S1 is legal entity,Pass A: Strip TLD + token stem concatenation + address anchor
S1-988816252,S2,S2-877875891,Main Street Deli,MAIN DÉLI SETRETET,"303 Cloudless Sky Drive, PA, Silver Spring Township","303 CLOUDLESS SKY DR, MECHANICSBURG, PA",US,MISSED_BY_BLOCKING,I_legal_suffix_dominating,Lexical divergence across commercial branding,Address component intersection
S1-774875542,S3,S3-136044391,Heartland Coalition VI Inc,hcvi.com,"3240 31st Street, Cleveland, OH","03236 31rd St, Cleveland, Ohio",US,MISSED_BY_BLOCKING,C_website_domain_variation,Candidate name is a website/domain with unsegmented words while S1 is legal entity,Pass A: Strip TLD + token stem concatenation + address anchor
S1-914459278,S3,S3-823575012,Al Systems Private Limited,అల్ Systems Private Limited,"30-1565/1, Chandragiri Colony Vedha Bhavan Lane, Neredmet, Hyderabad, Telangana","Brock F-175 30-1565/1, Hyderabad, Andhra Pradesh",India,MISSED_BY_BLOCKING,J_cross_script_dba,"One entity in native Indic script, other in English with different brand phrasing",Indic transliteration + consonant skeleton + address key
S1-385203350,S2,S2-59686400,Mountain Healthcare LLC,Mountain LLC LLC Hea1thcare,"5504 Jamar Street, Village Of Weston, WI",,US,MISSED_BY_BLOCKING,G_empty_or_weak_address,"Address is empty or severely truncated, preventing composite address blocking",Distinctive multi-word name signature fallback (min length 10)
S1-516843244,S2,S2-96685976,Great Jaws,GREAT JNIWS,"500 Stonebridge Way, Unit 5107, Columbia, TN",,US,MISSED_BY_BLOCKING,G_empty_or_weak_address,"Address is empty or severely truncated, preventing composite address blocking",Distinctive multi-word name signature fallback (min length 10)
S1-663488086,S3,S3-506403997,Quality Healthcare Inc,Quality Heatilhecre Inc,"WI, W6432 Kraft Road, Town Of Bradley","Tomahawk, Wisconsin, W6432 Kraft Rd",US,MISSED_BY_BLOCKING,I_legal_suffix_dominating,Lexical divergence across commercial branding,Address component intersection
S1-619804628,S2,S2-530209279,Physical Therapy Heritage Group,Physical  Heritage Group Center,"6095 Echo Crossing Road, Tucson, AZ","6095 ECHO CROSSING RD, TUCSOON, AZ",US,MISSED_BY_BLOCKING,I_legal_suffix_dominating,Lexical divergence across commercial branding,Address component intersection
S1-722018025,S3,S3-888466611,Belinsoft LLC,Bnlistdft LLC,"632 Cedar Run Road, Pendleton, KY","63 Cedar Run Rd, Sulphur, Kentucky",US,MISSED_BY_BLOCKING,I_legal_suffix_dominating,Lexical divergence across commercial branding,Address component intersection
S1-135974824,S3,S3-159446464,Hitech Foundation Private Limited,হাইটেক ফাউন্ডেশন প্রাইভেট লিমিটেড,"505A, 5Th Floor, Infinity It Lagoon, Salt Lake City, 24 North Paraganas, Kolkata, Kolkata, Howrah, West Bengal","505A, Kolkata, Howrah, WB",India,MISSED_BY_BLOCKING,J_cross_script_dba,"One entity in native Indic script, other in English with different brand phrasing",Indic transliteration + consonant skeleton + address key
S1-135974824,S2,S2-859035662,Hitech Foundation Private Limited,হাইটেক ফাউন্ডেশন প্রাইভেট লিমিটেড,"505A, 5Th Floor, Infinity It Lagoon, Salt Lake City, 24 North Paraganas, Kolkata, Kolkata, Howrah, West Bengal","#505A, KOLKATA, West Bengal, <NULL>",India,MISSED_BY_BLOCKING,J_cross_script_dba,"One entity in native Indic script, other in English with different brand phrasing",Indic transliteration + consonant skeleton + address key
S1-105352607,S2,S2-108192360,Universal Tech,ಯುನಿವರ್ಸಲ್ ಟೆಕ್,"Bangalore, A404-1, No122 Kashi Nagar, Amrutha Halli, Karnataka, Prakruthi Meadows Apts","HN 778  PRAKRUTHI MEADOWS APTS, A404-1, NO122 KASHI NAGAR, AMRUTHA HALLI, BANGALORE, Karnataka",India,MISSED_BY_BLOCKING,J_cross_script_dba,"One entity in native Indic script, other in English with different brand phrasing",Indic transliteration + consonant skeleton + address key
S1-958314896,S3,S3-622467613,Sai Software Private Limited,ಸಾಯಿ ಸಾಫ್ಟ್‌ವೇರ್ ಪ್ರೈವೇಟ್ ಲಿಮಿಟೆಡ್,"No. 71, Xv Cross, Malleshwarm, Bangalore-3., Bangalore, Karnataka","No 7-1, Bangalore-3., Bangalore, KA",India,MISSED_BY_BLOCKING,J_cross_script_dba,"One entity in native Indic script, other in English with different brand phrasing",Indic transliteration + consonant skeleton + address key
S1-37533698,S3,S3-825222852,Back Alley Bistro,backalleybistr0.com,"1211 Cedar Grove Road, Supply, NC","211 Cedar Grove Rd, Supply, North Carolina",US,MISSED_BY_BLOCKING,C_website_domain_variation,Candidate name is a website/domain with unsegmented words while S1 is legal entity,Pass A: Strip TLD + token stem concatenation + address anchor
S1-125961849,S2,S2-868792989,New Apex Engineering,न्यू एपेक्स इंजीनियरिंग,"Maharashtra, Pco Booth, R B Chandoorkar Marg, Saat Rasta, Agripada, Jacob Circle, Mumbai, Floor-Grd, Mumbai City","BLOCK B-285 FLOOR-GRD, PCO BOOTH, R B CHANDOORKAR MARG, SAAT RASTA, AGRIPADA, JACOB CIRCLE, MUMBAI CITY, MUMBAI, महाराष्ट्र",India,MISSED_BY_BLOCKING,J_cross_script_dba,"One entity in native Indic script, other in English with different brand phrasing",Indic transliteration + consonant skeleton + address key
S1-125961849,S3,S3-684814319,New Apex Engineering,*** Newapexengineering.Com,"Maharashtra, Pco Booth, R B Chandoorkar Marg, Saat Rasta, Agripada, Jacob Circle, Mumbai, Floor-Grd, Mumbai City","Floor-grd, Mumbai, Mumbai City, MH",India,MISSED_BY_BLOCKING,D_website_redirect_weak_address,Domain name present but address is missing or disparate,Strict domain core exact match + country agreement
S1-925439166,S2,S2-170517809,Bsd Advisors,bsdadvisors.com,"7Th K.M., Barwala Road, Talwandi Rana, Hisar, Haryana","7TH K.M., BARWALA ROAD, TALWANDI RANA, HISAR, Haryana",India,MISSED_BY_BLOCKING,C_website_domain_variation,Candidate name is a website/domain with unsegmented words while S1 is legal entity,Pass A: Strip TLD + token stem concatenation + address anchor
S1-129783257,S3,S3-683078820,KB Arcelormittal LLC,KB LLC Services,"202 Bluebird Court, TX, Van","Bluebird Ct, Van, Texas",US,MISSED_BY_BLOCKING,F_missing_business_name_tokens,Address matches strongly but business names have disparate commercial branding,High-precision address anchor (plot number + 2 distinctive street words)
S1-861032717,S3,S3-549678242,J/U Earths LLC,J/U LLC Center,"11304 Templeton Drive, Cincinnati, OH",,US,MISSED_BY_BLOCKING,G_empty_or_weak_address,"Address is empty or severely truncated, preventing composite address blocking",Distinctive multi-word name signature fallback (min length 10)
S1-687325312,S2,S2-814097790,Ms (India) Ventures Pvt Ltd,msindiaventures.com,"B/1201 Raj Spaces, L. T. Road No. 2, Off M.G Road, Goregaon West, Mumbai, Mumbai City, Maharashtra","B/1201 RAJ SPACES, MUMBAI, Maharashtra, MUMBAI CITY",India,MISSED_BY_BLOCKING,C_website_domain_variation,Candidate name is a website/domain with unsegmented words while S1 is legal entity,Pass A: Strip TLD + token stem concatenation + address anchor
S1-140763859,S2,S2-672232195,Pediatric Dentistry Clinic of Northbrook,DENTISTRYPEDIATRIC.COM,"2501 Mayapple Court, Northbrook, IL","2501 MAYAPPLE CT, NORTHBROOK, IL",US,MISSED_BY_BLOCKING,C_website_domain_variation,Candidate name is a website/domain with unsegmented words while S1 is legal entity,Pass A: Strip TLD + token stem concatenation + address anchor
S1-140763859,S3,S3-912364563,Pediatric Dentistry Clinic of Northbrook,dentistryclinic.com,"2501 Mayapple Court, Northbrook, IL","Northbrook, 2501 Mayapple Ct, Illinois",US,MISSED_BY_BLOCKING,C_website_domain_variation,Candidate name is a website/domain with unsegmented words while S1 is legal entity,Pass A: Strip TLD + token stem concatenation + address anchor
S1-111459660,S2,S2-637093837,Jay Products Private Limited,जय प्रोडक्ट्स प्राइवेट लिमिटेड,"Cts No.15854/B/1, 2, Office No.430, Matrix Complex, Aurangabad, Maharashtra","AURANGABAD, CTS NO.15854/B/1, Maharashtra, AURANGABAD",India,MISSED_BY_BLOCKING,J_cross_script_dba,"One entity in native Indic script, other in English with different brand phrasing",Indic transliteration + consonant skeleton + address key
S1-307907516,S3,S3-742908979,Back Alley Grill,backalleygrill.com,"3773 Maryland Highway, Oakland, MD","3773 Maryland Highway, Oakland, Maryland",US,MISSED_BY_BLOCKING,C_website_domain_variation,Candidate name is a website/domain with unsegmented words while S1 is legal entity,Pass A: Strip TLD + token stem concatenation + address anchor
S1-990433106,S3,S3-823878280,Universal Impex,ইউনিভার্সাল ইম্পেক্স,"22 Bigha, Near Iim, Kolkata, Joka, Howrah, Kolkata, West Bengal","Hn 330 Joka, NULL, Kolkata, Howrah, WB",India,MISSED_BY_BLOCKING,J_cross_script_dba,"One entity in native Indic script, other in English with different brand phrasing",Indic transliteration + consonant skeleton + address key
S1-165500502,S2,S2-123831863,Milestone World (India) Ltd,milestoneworldindia.com,"Plot No: 29, 2Nd Street, Vadavenni Amman Nagar, Maduravoyal, Chennai, Tamil Nadu","Tamil Nadu, PLOT NO: 2-9, 2ND STREET, VADAVENNI AMMAN NAGAR, MADURAVOYAL",India,MISSED_BY_BLOCKING,C_website_domain_variation,Candidate name is a website/domain with unsegmented words while S1 is legal entity,Pass A: Strip TLD + token stem concatenation + address anchor
S1-775802668,S2,S2-45262101,Ems Traders Private Limited,emstraders.com,"Rajasthan, Jaipur, 14, Jaipur, Krishna Enclave, Patrakar Colony Mansrovar","14, KRISHNA ENCLAVE, PATRAKAR COLONY MANSROVAR, JAIPUR, Rajasthan",India,MISSED_BY_BLOCKING,C_website_domain_variation,Candidate name is a website/domain with unsegmented words while S1 is legal entity,Pass A: Strip TLD + token stem concatenation + address anchor
S1-648376479,S3,S3-87215067,Cascade,Cascade Enterprises 2,"13709 Olde Post Road, Pickerington, OH",,US,MISSED_BY_BLOCKING,G_empty_or_weak_address,"Address is empty or severely truncated, preventing composite address blocking",Distinctive multi-word name signature fallback (min length 10)
S1-151067224,S2,S2-723513670,Apex Electronics Technologies Inc,Apex Technologies Inc Center,"70 Young Harris Road, Warne, NC",,US,MISSED_BY_BLOCKING,G_empty_or_weak_address,"Address is empty or severely truncated, preventing composite address blocking",Distinctive multi-word name signature fallback (min length 10)
S1-389105824,S2,S2-767386628,FT Supreme Nasdaq LLC,ftsupremenasdaq.com,"301 19th Street, Chattanooga, TN","19TH ST, CHATTANOOGA, TN",US,MISSED_BY_BLOCKING,C_website_domain_variation,Candidate name is a website/domain with unsegmented words while S1 is legal entity,Pass A: Strip TLD + token stem concatenation + address anchor
S1-825671680,S2,S2-665085322,Hari Indian Enterprises Private Limited,हरि इंडियन एंटरप्राइजेज प्राइवेट लिमिटेड,"206, 2Nd Floor, Shreekant Chambers, Sion Trombay Road, Chembur, Mumbai, Mumbai City, Maharashtra","206., MUMBAI, MUMBAI CITY, महाराष्ट्र",India,MISSED_BY_BLOCKING,J_cross_script_dba,"One entity in native Indic script, other in English with different brand phrasing",Indic transliteration + consonant skeleton + address key
S1-825671680,S3,S3-657071449,Hari Indian Enterprises Private Limited,हरि इंडियन एंटरप्राइजेज प्राइवेट लिमिटेड,"206, 2Nd Floor, Shreekant Chambers, Sion Trombay Road, Chembur, Mumbai, Mumbai City, Maharashtra","205, 2Nd Floor, Shreekant Chambers, Sion Trombay Road, Chembur, Mumbai, Mumbai City, MH",India,MISSED_BY_BLOCKING,J_cross_script_dba,"One entity in native Indic script, other in English with different brand phrasing",Indic transliteration + consonant skeleton + address key
S1-255643554,S3,S3-336927608,Mana Trading Private Limited,manatrading.com,"S.No71, H.No2, Mokashi Pada, Opp. Khot Bunglow, Thane, Maharashtra","महाराष्ट्र, S.no71, Navi Mumbai Region",India,MISSED_BY_BLOCKING,D_website_redirect_weak_address,Domain name present but address is missing or disparate,Strict domain core exact match + country agreement
S1-445313633,S2,S2-516799189,Back Alley Grill,Back A1lye-Grill,"8918 Woodstream Drive, Fort Wayne, IN","8918 WOODSTREAM DRIVE, FT WAYNE, IN",US,MISSED_BY_BLOCKING,I_legal_suffix_dominating,Lexical divergence across commercial branding,Address component intersection
S1-244643323,S2,S2-104793636,Good Life Services Pvt Ltd,गुड लाइफ सर्विसेज प्रा. लि.,"Plot No. 100-101, Sector-35, Hsiidc Udyog Vihar, Phase-Vii, Sadar Bazar, Gurgaon, Haryana","DOOR NO 100-101/6, GURGAON, SADAR BAZAR, Haryana",India,MISSED_BY_BLOCKING,J_cross_script_dba,"One entity in native Indic script, other in English with different brand phrasing",Indic transliteration + consonant skeleton + address key
S1-244643323,S2,S2-688909187,Good Life Services Pvt Ltd,गुड लाइफ सर्विसेज प्रा. लि.,"Plot No. 100-101, Sector-35, Hsiidc Udyog Vihar, Phase-Vii, Sadar Bazar, Gurgaon, Haryana","#100-101/6, SADAR BAZAR, GURGAON, Haryana",India,MISSED_BY_BLOCKING,J_cross_script_dba,"One entity in native Indic script, other in English with different brand phrasing",Indic transliteration + consonant skeleton + address key
S1-668526761,S2,S2-51623269,High Impex Private Limited,ਹਾਈ ਇੰਪੈਕਸ ਪ੍ਰਾਈਵੇਟ ਲਿਮਟਿਡ,"H.No. 10, Block A2 Savitry Enclave, Vip Road, Zirakpur, Mohali, Punjab","H.NO. 10, MOHALI, ZIRAKPUR, Punjab",India,MISSED_BY_BLOCKING,J_cross_script_dba,"One entity in native Indic script, other in English with different brand phrasing",Indic transliteration + consonant skeleton + address key
S1-580892228,S3,S3-78564231,Modern Builders Private Limited,મોડર્ન બિલ્ડર્સ પ્રાઇવેટ લિમિટેડ,"Shop No. 346, Sodhaliya Chokdi, Village- Sodhaliya, Naswadi, Vadodara, Gujarat","No D/346, Naswadi, Vadodara, GJ",India,MISSED_BY_BLOCKING,J_cross_script_dba,"One entity in native Indic script, other in English with different brand phrasing",Indic transliteration + consonant skeleton + address key
S1-565544874,S3,S3-643795699,Dolley's Boutique,Dolleysboutique.Com,"5140 155th Street, Urbandale, IA","5140 155th Street, Waukkee, Iowa",US,MISSED_BY_BLOCKING,C_website_domain_variation,Candidate name is a website/domain with unsegmented words while S1 is legal entity,Pass A: Strip TLD + token stem concatenation + address anchor
S1-331917946,S3,S3-245151653,Straight Edge Ice Cream,Straight,"953 44th Avenue, Unit 103, Nashville, TN","953 44th Avenue, Unit 103, Nashville, TN",US,MISSED_BY_BLOCKING,B_brand_vs_parent_company,Short distinctive brand name vs multi-word parent company name,Single distinctive brand token + address door/plot number
S1-780436723,S3,S3-552403069,Bharani Trust,8harani Trust,"First Floor, C-23 Fateh Nagar, Jail Road, New Delhi, West Delhi, Delhi","First Floor, New Delhi, West Delhi, DL",India,MISSED_BY_BLOCKING,I_legal_suffix_dominating,Lexical divergence across commercial branding,Address component intersection
S1-604054176,S2,S2-668688387,Harris Peak Microelectronics,harrispeakmicroelectronics.com,"IN, Indianapolis, Unit APT D, 7486 Rockleigh Avenue","ROCKLEIGH AVE, INDIANAPOLIS, IN",US,MISSED_BY_BLOCKING,C_website_domain_variation,Candidate name is a website/domain with unsegmented words while S1 is legal entity,Pass A: Strip TLD + token stem concatenation + address anchor
S1-250158361,S2,S2-582930260,Urgent Care Specialists Inc,URGENT SPECIALISTS INC [PARTNERS],"11785 Primer Court, Prince William County, VA","11785 PRIMER COURT, PRINCE WILLIAM COUNTY, VA",US,MISSED_BY_BLOCKING,I_legal_suffix_dominating,Lexical divergence across commercial branding,Address component intersection
S1-697332200,S3,S3-42117384,Alpha Constructions Private Limited,আলফা কনস্ট্রাকশনস প্রাইভেট লিমিটেড,"Kolkata, Jl Nehru Road, 9Th Floor, R.M. No.-, A-11, Kolkata, Chatterjee International Centre 33A, Howrah, West Bengal","Plot 72 Chatterjee International Centre 33A, Howrah, WB",India,MISSED_BY_BLOCKING,J_cross_script_dba,"One entity in native Indic script, other in English with different brand phrasing",Indic transliteration + consonant skeleton + address key
S1-697332200,S3,S3-832599561,Alpha Constructions Private Limited,আলফা কনস্ট্রাকশনস Private Limited,"Kolkata, Jl Nehru Road, 9Th Floor, R.M. No.-, A-11, Kolkata, Chatterjee International Centre 33A, Howrah, West Bengal","Howrah, Plot 72 Chatterjee International Centre 33A, পশ্চিমবঙ্গ",India,MISSED_BY_BLOCKING,J_cross_script_dba,"One entity in native Indic script, other in English with different brand phrasing",Indic transliteration + consonant skeleton + address key
S1-697332200,S2,S2-522628160,Alpha Constructions Private Limited,আলফা কনস্ট্রাকশনস প্রাইভেট লিমিটেড,"Kolkata, Jl Nehru Road, 9Th Floor, R.M. No.-, A-11, Kolkata, Chatterjee International Centre 33A, Howrah, West Bengal","CHATTERJEE INTERNATIONAL CENTRE 033A, JL NEHRU ROAD, 9TH FLOOR, R.M. NO.-, A-11, KOLKATA, KOLKATA REGION, HOWRAH, West Bengal",India,MISSED_BY_BLOCKING,J_cross_script_dba,"One entity in native Indic script, other in English with different brand phrasing",Indic transliteration + consonant skeleton + address key
S1-697332200,S2,S2-913383201,Alpha Constructions Private Limited,আলফা কনস্ট্রাকশনস প্রাইভেট লিমিটেড,"Kolkata, Jl Nehru Road, 9Th Floor, R.M. No.-, A-11, Kolkata, Chatterjee International Centre 33A, Howrah, West Bengal","CHATTERJEE INTERNATIONAL CENTRE 033A, JL NEHRU ROAD, 9TH FLOOR, R.M. NO.-, A-11, KOLKATA, KOLKATA, পশ্চিমবঙ্গ",India,MISSED_BY_BLOCKING,J_cross_script_dba,"One entity in native Indic script, other in English with different brand phrasing",Indic transliteration + consonant skeleton + address key
S1-93763115,S3,S3-189707927,Cardiology Modern Health Inc,cardiologymodernhealth.com,"1030 8th Street, Yorktown, TX","8th Street, Yorktown, Texas",US,MISSED_BY_BLOCKING,C_website_domain_variation,Candidate name is a website/domain with unsegmented words while S1 is legal entity,Pass A: Strip TLD + token stem concatenation + address anchor
S1-474642502,S2,S2-157025869,Asset Building Institute Inc,assetbuildinginstitute.com,"509 Avenue E, Midlothian, TX","509 AVENUE EATT, MIIDLOTHIAN, TX",US,MISSED_BY_BLOCKING,C_website_domain_variation,Candidate name is a website/domain with unsegmented words while S1 is legal entity,Pass A: Strip TLD + token stem concatenation + address anchor
S1-686913759,S2,S2-584238851,Behavioral Health Clinic,BEHAVIORALHEALTHCLINIC.COM,"2493 Pennwood Court, Round Lake Beach, IL","2493 PENNWOOD CT, ROUND LAKE BEACH, IL",US,MISSED_BY_BLOCKING,C_website_domain_variation,Candidate name is a website/domain with unsegmented words while S1 is legal entity,Pass A: Strip TLD + token stem concatenation + address anchor
S1-845159413,S2,S2-292770080,Kochevar Charter School,K0chevar Charter,"2774 North Avenue, Baltimore, MD","2774 North Avenue, BALTIMORE, MD",US,MISSED_BY_BLOCKING,I_legal_suffix_dominating,Lexical divergence across commercial branding,Address component intersection
S1-659169271,S2,S2-773586635,Shreeram Institute of Technology,shreeraminstitute.com,"Bangalore, No 427/14, Karnataka, 41St Cross, 9Th Main, 5Th Block Jayanagar, Bangalore, Bangalore","#427/14 , 41ST CROSS, 9TH MAIN, 5TH BLOCK JAYANAGAR, BANGALORE, BANGALORE, Karnataka",India,MISSED_BY_BLOCKING,C_website_domain_variation,Candidate name is a website/domain with unsegmented words while S1 is legal entity,Pass A: Strip TLD + token stem concatenation + address anchor
S1-145484728,S2,S2-763049494,Exports (India) Resorts Pvt. Ltd.,EXPORTSINDIARESORTS.COM,"Delhi, 102, Delhi, Ist Floor, Mayur Plaza Shopping Complex Near Samachar Appartment, Lsc Mayur Vihar, Phase-1","PLOT 829 102, IST FLOOR, MAYUR PLAZA SHOPPING COMPLEX NEAR SAMACHAR APPARTMENT, LSC MAYUR VIHAR, PHASE-1, Delhi",India,MISSED_BY_BLOCKING,C_website_domain_variation,Candidate name is a website/domain with unsegmented words while S1 is legal entity,Pass A: Strip TLD + token stem concatenation + address anchor
S1-599851577,S2,S2-467920801,Unique Software Private Limited,यूनिक सॉफ्टवेयर प्राइवेट लिमिटेड,"61-A, Florida Apts, 33-Mount Mary Road, Bandra West, Mumbai, Mumbai City, Maharashtra","61-A, MUMBAI REGION, MUMBAI CITY, Maharashtra",India,MISSED_BY_BLOCKING,J_cross_script_dba,"One entity in native Indic script, other in English with different brand phrasing",Indic transliteration + consonant skeleton + address key
S1-599851577,S2,S2-336862241,Unique Software Private Limited,यूनिक सॉफ्टवेयर प्राइवेट लिमिटेड,"61-A, Florida Apts, 33-Mount Mary Road, Bandra West, Mumbai, Mumbai City, Maharashtra","61-A, MUMBAI REGION, MUMBAI, Maharashtra",India,MISSED_BY_BLOCKING,J_cross_script_dba,"One entity in native Indic script, other in English with different brand phrasing",Indic transliteration + consonant skeleton + address key
S1-284783623,S3,S3-725004239,Baba Management Private Limited,बाबा मैनेजमेंट प्राइवेट लिमिटेड,"1495/31, Industrial Area, Railway Phatak To Daultabad With In M.C Area, Surat Nagar, Phase1, Gurgaon, Haryana","G-1495/31, Haryana, Gurgaon, हरियाणा",India,MISSED_BY_BLOCKING,J_cross_script_dba,"One entity in native Indic script, other in English with different brand phrasing",Indic transliteration + consonant skeleton + address key
S1-284783623,S2,S2-793729079,Baba Management Private Limited,बाबा मैनेजमेंट प्राइवेट लिमिटेड,"1495/31, Industrial Area, Railway Phatak To Daultabad With In M.C Area, Surat Nagar, Phase1, Gurgaon, Haryana","1495/31, GURGAON, PHASE1, Haryana",India,MISSED_BY_BLOCKING,J_cross_script_dba,"One entity in native Indic script, other in English with different brand phrasing",Indic transliteration + consonant skeleton + address key
S1-284783623,S3,S3-771165608,Baba Management Private Limited,BABA Management Private Limited Enterprises,"1495/31, Industrial Area, Railway Phatak To Daultabad With In M.C Area, Surat Nagar, Phase1, Gurgaon, Haryana",,India,MISSED_BY_BLOCKING,G_empty_or_weak_address,"Address is empty or severely truncated, preventing composite address blocking",Distinctive multi-word name signature fallback (min length 10)
S1-295400413,S2,S2-986420375,White Ventures Private Limited,వైట్ వెంచర్స్ ప్రైవేట్ లిమిటెడ్,"Flat No. 201, Ongole, Andhra Pradesh, 3Rd Floor, Sai Nilayam Apartments Opposite Pavitra Junior College, Lawyer, Pet Extn., Prakasam","201, 3RD FLOOR, SAI NILAYAM APARTMENTS OPPOSITE PAVITRA JUNIOR COLLEGE, LAWYER, PET EXTN., ONGOLE, PRAKASAM, Andhra Pradesh",India,MISSED_BY_BLOCKING,J_cross_script_dba,"One entity in native Indic script, other in English with different brand phrasing",Indic transliteration + consonant skeleton + address key
S1-466277913,S3,S3-280749539,Sterling Eastern Inc,Inc 5terling Eastern,"8526 Kensley Lane, Lakesite, TN","Tennessee, Hixson, Kensley Ln",US,MISSED_BY_BLOCKING,I_legal_suffix_dominating,Lexical divergence across commercial branding,Address component intersection
S1-84047623,S2,S2-961908524,Grj (India) Technology Private Limited,Zephkelofaye,"Secunderabad, H No. 11-3-387/3, Hyderabad, Telangana, Srinivasa Nagar","DOOR NO 11-3-387/3, HYDERABAD, తెలంగాణ, SRINIVASA NAGAR, SECUNDERABAD",India,MISSED_BY_BLOCKING,B_brand_vs_parent_company,Short distinctive brand name vs multi-word parent company name,Single distinctive brand token + address door/plot number
S1-266344604,S2,S2-568551176,Dream Construction Private Limited,ড্রিম কনস্ট্রাকশন প্রাইভেট লিমিটেড,"4A, 4Th Flr, Ram Krishna Abashan Phase-Ii Dr.B.C Roy Sarani, Jyangra, Baguiati, Kolkata, Parganas North, West Bengal","4A, NORTH 24 PARGANAS, KOLKATA, West Bengal",India,MISSED_BY_BLOCKING,J_cross_script_dba,"One entity in native Indic script, other in English with different brand phrasing",Indic transliteration + consonant skeleton + address key
S1-266344604,S3,S3-300641912,Dream Construction Private Limited,ড্রিম কনস্ট্রাকশন প্রাইভেট লিমিটেড,"4A, 4Th Flr, Ram Krishna Abashan Phase-Ii Dr.B.C Roy Sarani, Jyangra, Baguiati, Kolkata, Parganas North, West Bengal","4A, Kolkata, Parganas North, পশ্চিমবঙ্গ",India,MISSED_BY_BLOCKING,J_cross_script_dba,"One entity in native Indic script, other in English with different brand phrasing",Indic transliteration + consonant skeleton + address key
S1-381423102,S3,S3-270397120,"Womens Health Precision Physicians, LLC","Womens Hoalht Precision Physicians, LLC","Mansfield, TX, 8463 612","8463 612, Mansfield, Texas",US,MISSED_BY_BLOCKING,I_legal_suffix_dominating,Lexical divergence across commercial branding,Address component intersection
S1-263007283,S2,S2-306998513,Straight Edge Auto Body PC,STRAIGHTEDGE.COM,"2325 Mccarty Street, Houston, TX","2325. MCCARTY STREET, HOUSTON TONWSHIP, TX",US,MISSED_BY_BLOCKING,C_website_domain_variation,Candidate name is a website/domain with unsegmented words while S1 is legal entity,Pass A: Strip TLD + token stem concatenation + address anchor
S1-885742978,S3,S3-975806917,Bright Software Pvt Ltd,Dr Bright Softare Pvt Ltd,"3/A20 Shree Leela Appt, Azad Nagar, Kanpur, Uttar Pradesh",,India,MISSED_BY_BLOCKING,G_empty_or_weak_address,"Address is empty or severely truncated, preventing composite address blocking",Distinctive multi-word name signature fallback (min length 10)
S1-810167495,S3,S3-741699431,Balaji Enterprises Limited,Balaji Limited Center,"1307, Plot No.A-7, Aggarwal Corporate Heights, Netaji Shubash Place, Pitampura, Delhi, North West Delhi, Delhi","130, Delhi, North West Delhi, दिल्ली",India,MISSED_BY_BLOCKING,I_legal_suffix_dominating,Lexical divergence across commercial branding,Address component intersection
S1-810167495,S2,S2-959888456,Balaji Enterprises Limited,बालाजी एंटरप्राइजेज लिमिटेड,"1307, Plot No.A-7, Aggarwal Corporate Heights, Netaji Shubash Place, Pitampura, Delhi, North West Delhi, Delhi","DELHI, 1307, Delhi",India,MISSED_BY_BLOCKING,J_cross_script_dba,"One entity in native Indic script, other in English with different brand phrasing",Indic transliteration + consonant skeleton + address key
S1-965748913,S2,S2-240735088,City Industries,सिटी इंडस्ट्रीज,"Delhi, Shop No.5, Delhi, Ground Floor, Wz-98, Lamba Complex, Jwala Heri Market, Pashch, Im Vihar, New Delhi","SHOP NO.5., GROUND FLOOR, WZ-98, LAMBA COMPLEX, JWALA HERI MARKET, PASHCH, IM VIHAR, DELHI, NEW DELHI, दिल्ली",India,MISSED_BY_BLOCKING,J_cross_script_dba,"One entity in native Indic script, other in English with different brand phrasing",Indic transliteration + consonant skeleton + address key
S1-195015571,S2,S2-748955932,Indo Foundation Limited,ಇಂಡೋ ಫೌಂಡೇಶನ್ ಲಿಮಿಟೆಡ್,"E-2, Epsilon, Yemlur Main Road Bangalore, Bangalore, Karnataka","E-2, BANGALORE, Karnataka",India,MISSED_BY_BLOCKING,J_cross_script_dba,"One entity in native Indic script, other in English with different brand phrasing",Indic transliteration + consonant skeleton + address key
S1-640719554,S2,S2-876657293,Golden Builders Pvt Ltd,ਗੋਲਡਨ ਬਿਲਡਰਜ਼ ਪ੍ਰਾ. ਲਿ.,"Focal Point Rjp Jagdish Singh, Rajpura, Patiala, Punjab","RAJPURA, ਪੰਜਾਬ, RAJPURA, FOCAL POINT RJP JAGDISH SINGH",India,MISSED_BY_BLOCKING,J_cross_script_dba,"One entity in native Indic script, other in English with different brand phrasing",Indic transliteration + consonant skeleton + address key
S1-812109216,S3,S3-43441421,Green Shivam Builders Private Limited,ग्रीन शिवम बिल्डर्स प्राइवेट लिमिटेड,"E.P.C-17, S.B.S Colony, Gaya, Bihar","E.p.c-1-7, S.b.s Colony, Gaya, BR",India,MISSED_BY_BLOCKING,J_cross_script_dba,"One entity in native Indic script, other in English with different brand phrasing",Indic transliteration + consonant skeleton + address key
S1-812109216,S3,S3-727222735,Green Shivam Builders Private Limited,ग्रीन शिवम बिल्डर्स प्राइवेट लिमिटेड,"E.P.C-17, S.B.S Colony, Gaya, Bihar","Gaya, E.p.c-1-7, BR, Gaya, S.b.s Colony",India,MISSED_BY_BLOCKING,J_cross_script_dba,"One entity in native Indic script, other in English with different brand phrasing",Indic transliteration + consonant skeleton + address key
S1-796797006,S3,S3-862001321,Esmart Memorial Trust,memorialtrust.com,"Floor-7, A-Wing, Mahavir Krupa Near Sewree Bus Depot, Sewree West, Maharashtra, Mumbai City, Mumbai, A-73","A-073, Floor-7, A-wing, Mahavir Krupa Near Sewree Bus Depot, Sewree West, Mumbai, Mumbai City, MH",India,MISSED_BY_BLOCKING,C_website_domain_variation,Candidate name is a website/domain with unsegmented words while S1 is legal entity,Pass A: Strip TLD + token stem concatenation + address anchor
S1-616924638,S2,S2-690587101,Seven Consultants,सेवन कंसल्टेंट्स,"Plot No Ci/2, Midc Hingna Midc, Nagpur, Maharashtra","GONDKHAIRI, NAGPUR, PLOT NO CI/2, Maharashtra, MIDC HINGNA MIDC",India,MISSED_BY_BLOCKING,J_cross_script_dba,"One entity in native Indic script, other in English with different brand phrasing",Indic transliteration + consonant skeleton + address key
S1-656907129,S2,S2-810171121,Hotel Products Private Limited,ಹೋಟೆಲ್ ಪ್ರೊಡಕ್ಟ್ಸ್ ಪ್ರೈವೇಟ್ ಲಿಮಿಟೆಡ್,"No. 01, Shop No. 4, 1St Floor, Near R K Plaza, Ramaiah Layout, Dodda Banaswadi, Bangalore North, Bangalore, Karnataka","NO. 01, BANGALORE NORTH, BANGALORE, Karnataka",India,MISSED_BY_BLOCKING,J_cross_script_dba,"One entity in native Indic script, other in English with different brand phrasing",Indic transliteration + consonant skeleton + address key
S1-656907129,S3,S3-866035631,Hotel Products Private Limited,ಹೋಟೆಲ್ ಪ್ರೊಡಕ್ಟ್ಸ್ ಪ್ರೈವೇಟ್ ಲಿಮಿಟೆಡ್,"No. 01, Shop No. 4, 1St Floor, Near R K Plaza, Ramaiah Layout, Dodda Banaswadi, Bangalore North, Bangalore, Karnataka","No. ##01, Bangalore North, Bangalore, KA",India,MISSED_BY_BLOCKING,J_cross_script_dba,"One entity in native Indic script, other in English with different brand phrasing",Indic transliteration + consonant skeleton + address key
S1-768342196,S2,S2-480346373,Hotel Foundation Private Limited,होटल फाउंडेशन प्राइवेट लिमिटेड,"C-99, First Floor, Ekta Vihar, Jaitpur Extn. Part-1, New Delhi, Delhi, New Delhi, Delhi","C-99, NEW DELHI, DELHI, दिल्ली",India,MISSED_BY_BLOCKING,J_cross_script_dba,"One entity in native Indic script, other in English with different brand phrasing",Indic transliteration + consonant skeleton + address key
S1-531928114,S3,S3-110146591,Tri-State Guild,tristateguild.com,"2915 Dares Beach Road, Prince Frederick, MD","915 Dares Beach Rd, PMB 6098, Prince Frederick CDP, Maryland",US,MISSED_BY_BLOCKING,C_website_domain_variation,Candidate name is a website/domain with unsegmented words while S1 is legal entity,Pass A: Strip TLD + token stem concatenation + address anchor
S1-950521576,S3,S3-384027285,Pediatric Partners LLC,Pediatric Parlters LLC,"10816 Weston Drive, Carmel, IN","#10816 Weston Drive, Carmel, Indiana",US,MISSED_BY_BLOCKING,I_legal_suffix_dominating,Lexical divergence across commercial branding,Address component intersection
S1-950521576,S3,S3-594574240,Pediatric Partners LLC,Pediatricpartners.Com,"10816 Weston Drive, Carmel, IN","#10816 Weston Dr, Carmel, Indiana",US,MISSED_BY_BLOCKING,C_website_domain_variation,Candidate name is a website/domain with unsegmented words while S1 is legal entity,Pass A: Strip TLD + token stem concatenation + address anchor
S1-950521576,S3,S3-533607015,Pediatric Partners LLC,Pediatric,"10816 Weston Drive, Carmel, IN","10816 Weston Drive, Carmel, IN",US,MISSED_BY_BLOCKING,B_brand_vs_parent_company,Short distinctive brand name vs multi-word parent company name,Single distinctive brand token + address door/plot number
S1-440203228,S3,S3-55656528,Seven Ventures Private Limited,सेवन वेंचर्स प्राइवेट लिमिटेड,"401, T-7, Panchsheel Primrose, Govindpuram, Ghaziabad, Uttar Pradesh","Block E-303 401, N/A, Ghaziabad, UP",India,MISSED_BY_BLOCKING,J_cross_script_dba,"One entity in native Indic script, other in English with different brand phrasing",Indic transliteration + consonant skeleton + address key
S1-425587153,S2,S2-340857416,Royal Business Private Limited,रॉयल बिजनेस प्राइवेट लिमिटेड,"N 273, Dlf Park Place, Golf Course Road Sector54, Galleria Dlf-Iv, Gurgaon, Haryana","N 273, GURUGRAM, GURGAON, Haryana",India,MISSED_BY_BLOCKING,J_cross_script_dba,"One entity in native Indic script, other in English with different brand phrasing",Indic transliteration + consonant skeleton + address key
S1-617583032,S2,S2-510881175,"A/H Hospitality, LLC","A/H Hospitality, L.L.C.","1705 Gray Slate Court, Virginia Beach City, VA",,US,MISSED_BY_BLOCKING,G_empty_or_weak_address,"Address is empty or severely truncated, preventing composite address blocking",Distinctive multi-word name signature fallback (min length 10)
S1-77668714,S3,S3-516142574,CO Health Private Limited,CO CO Health Private Ltd,"Kalyan Bhiwandi Road, Behind Water Tank, Gove, Sarvali, Bhiwandi, Thane, Maharashtra",,India,MISSED_BY_BLOCKING,G_empty_or_weak_address,"Address is empty or severely truncated, preventing composite address blocking",Distinctive multi-word name signature fallback (min length 10)
S1-302364466,S3,S3-811240667,Tejtech Tradelinks Pvt Ltd,Evovio - 5537801104,"Sr.No.35/4/1/1, Flat No.-4, Sita Residency Ganara, Pune, Maharashtra","महाराष्ट्र, null, Pune, Sr.no.#35/4/1/1, Pune",India,MISSED_BY_BLOCKING,I_legal_suffix_dominating,Lexical divergence across commercial branding,Address component intersection
S1-885067039,S3,S3-269050716,Amber,Ábber,"IN, North Manchester, 208 4th Street","08 Fourth Street, North Manchester, Indiana",US,MISSED_BY_BLOCKING,B_brand_vs_parent_company,Short distinctive brand name vs multi-word parent company name,Single distinctive brand token + address door/plot number
S1-885067039,S3,S3-856439070,Amber,Anier,"IN, North Manchester, 208 4th Street","08 4th St, North Manchester, Indiana",US,MISSED_BY_BLOCKING,B_brand_vs_parent_company,Short distinctive brand name vs multi-word parent company name,Single distinctive brand token + address door/plot number
S1-885067039,S3,S3-541538495,Amber,Aoser,"IN, North Manchester, 208 4th Street","08 Fourth Street, North Manchester, Indiana",US,MISSED_BY_BLOCKING,B_brand_vs_parent_company,Short distinctive brand name vs multi-word parent company name,Single distinctive brand token + address door/plot number
S1-270877495,S3,S3-785554559,Bombay Associates Private Limited,Nylafluxkor,"Flat No 261, Ground Floor, Tagore Garden Extension, New Delhi, West Delhi, Delhi","#261, New Delhi, West Delhi, DL",India,MISSED_BY_BLOCKING,B_brand_vs_parent_company,Short distinctive brand name vs multi-word parent company name,Single distinctive brand token + address door/plot number
S1-115251266,S2,S2-162506576,Skilled Solutions (India) Limited,M/s skilledsolutionsindia.com,"H.No. 1325, Matond Tal-Vengurla Matond, Vengurla, Sindhudurg, Maharashtra","DOOR NO 325 , MATOND TAL-VENGURLA MATOND, VENGURLA, महाराष्ट्र",India,MISSED_BY_BLOCKING,C_website_domain_variation,Candidate name is a website/domain with unsegmented words while S1 is legal entity,Pass A: Strip TLD + token stem concatenation + address anchor
S1-399471693,S2,S2-274841234,First Constructions,फर्स्ट कंस्ट्रक्शंस,"404, 4Th Floor, Ascot Centre, Sahar Road, Andheri (E), Mumbai, Mumbai City, Maharashtra","404, MUMBAI CITY, MUMBAI, महाराष्ट्र",India,MISSED_BY_BLOCKING,J_cross_script_dba,"One entity in native Indic script, other in English with different brand phrasing",Indic transliteration + consonant skeleton + address key
S1-451731570,S2,S2-294221614,International Finance Private Limited,ఇంటర్నేషనల్ ఫైనాన్స్ ప్రైవేట్ లిమిటెడ్,"# 1-3-53, Hyderabad, General Bazar, Telangana, Sunderabad","DOOR NO B3/1-3-53, GENERAL BAZAR, SUNDERABAD, HYDERABAD, Telangana",India,MISSED_BY_BLOCKING,J_cross_script_dba,"One entity in native Indic script, other in English with different brand phrasing",Indic transliteration + consonant skeleton + address key
S1-451731570,S3,S3-330201065,International Finance Private Limited,ఇంటర్నేషనల్ ఫైనాన్స్ ప్రైవేట్ లిమిటెడ్,"# 1-3-53, Hyderabad, General Bazar, Telangana, Sunderabad","# #1-3-53, General Bazar, Sunderabad, Hyderabad, TG",India,MISSED_BY_BLOCKING,J_cross_script_dba,"One entity in native Indic script, other in English with different brand phrasing",Indic transliteration + consonant skeleton + address key
S1-295437535,S3,S3-651788103,Kerala (India) Granites Limited,Keralaindiagranites.Com,"Medak, Telangana, Shivajinagar, Siddipet, 8-2-67/1/A/3/1","Andhra Pradesh, Medak, 8-2-67/1/A/3/1, Siddipet",India,MISSED_BY_BLOCKING,C_website_domain_variation,Candidate name is a website/domain with unsegmented words while S1 is legal entity,Pass A: Strip TLD + token stem concatenation + address anchor
S1-711931055,S3,S3-84131570,Tri-State Reliable Medical LLC,Haloorbi née Tri-State Reliable Medical LLC,"Webster, 109 Lake Street, MA, Unit 2","109 Lake Street, Unit 2, Webster, MA",US,MISSED_BY_BLOCKING,I_legal_suffix_dominating,Lexical divergence across commercial branding,Address component intersection
S1-387007971,S3,S3-581984138,Jay Ventures Private Limited,Jay Vrerse Private Limited,"B-102, Twinkle Apartments Chs. Ltd., Off Link Road, Lokhandwala Complex, Near Kamat Club, Andheri-West, Mumbai, Maharashtra",,India,MISSED_BY_BLOCKING,G_empty_or_weak_address,"Address is empty or severely truncated, preventing composite address blocking",Distinctive multi-word name signature fallback (min length 10)
S1-13769216,S2,S2-519902081,Great Construction Private Limited,ग्रेट कंस्ट्रक्शन प्राइवेट लिमिटेड,"47 Sai Vihar Colony Sarakpur, Bakshi Ka Talab, Lucknow, Uttar Pradesh","LUCKNOW, N/A, LUCKNOW, उत्तर प्रदेश, 47 SAI VIHAR COLONY SARAKPUR",India,MISSED_BY_BLOCKING,J_cross_script_dba,"One entity in native Indic script, other in English with different brand phrasing",Indic transliteration + consonant skeleton + address key
S1-462827766,S3,S3-248433114,Maa Trading Limited,মা ট্রেডিং লিমিটেড,"West Bengal, House- Bina Shah, Bardhaman, Asansol, Munshi Premchand Palli Post -Mohishila Gram Via Kalipahari","House- Bina Shah, Munshi Premchand Palli Post -Mohishila Gram Via Kalipahari, Asansol, WB",India,MISSED_BY_BLOCKING,J_cross_script_dba,"One entity in native Indic script, other in English with different brand phrasing",Indic transliteration + consonant skeleton + address key
S1-462827766,S2,S2-710468648,Maa Trading Limited,মা ট্রেডিং লিমিটেড,"West Bengal, House- Bina Shah, Bardhaman, Asansol, Munshi Premchand Palli Post -Mohishila Gram Via Kalipahari","HOUSE- BINA SHAH, MUNSHI PREMCHAND PALLI POST -MOHISHILA GRAM VIA KALIPAHARI, ASANSOL, BARDHAMAN, West Bengal",India,MISSED_BY_BLOCKING,J_cross_script_dba,"One entity in native Indic script, other in English with different brand phrasing",Indic transliteration + consonant skeleton + address key
S1-462827766,S3,S3-557421430,Maa Trading Limited,Maa Limited Center,"West Bengal, House- Bina Shah, Bardhaman, Asansol, Munshi Premchand Palli Post -Mohishila Gram Via Kalipahari","House- Bina Shah, Bardhaman, Asansol, WB",India,MISSED_BY_BLOCKING,I_legal_suffix_dominating,Lexical divergence across commercial branding,Address component intersection
S1-462827766,S2,S2-871468107,Maa Trading Limited,মা ট্রেডিং লিমিটেড,"West Bengal, House- Bina Shah, Bardhaman, Asansol, Munshi Premchand Palli Post -Mohishila Gram Via Kalipahari","HOUSE- BINA SHAH, MUNSHI PREMCHAND PALLI POST -MOHISHILA GRAM VIA KALIPAHARI, ASANSOL, BARDHAMAN, পশ্চিমবঙ্গ",India,MISSED_BY_BLOCKING,J_cross_script_dba,"One entity in native Indic script, other in English with different brand phrasing",Indic transliteration + consonant skeleton + address key
S1-282878791,S2,S2-36257236,International Parabolic Development Pvt Ltd,internationalparabolicdevelopment.com,"C/O Bhagwan Sah, Vill- Anwarpur, Bhagwanpur Lalganj, Hajipur, Vaishali, Bihar","Bihar, C/O BHAGWAN SAH, VILL- ANWARPUR, BHAGWANPUR LALGANJ, HAJIPUR",India,MISSED_BY_BLOCKING,C_website_domain_variation,Candidate name is a website/domain with unsegmented words while S1 is legal entity,Pass A: Strip TLD + token stem concatenation + address anchor
S1-113968826,S3,S3-286876911,Unique Tech Private Limited,यूनिक टेक प्राइवेट लिमिटेड,"F/203, Greenwoods Complex, Chakala, Sir M. V Road Andheri - Kurla Rd. Andheri (East)., Mumbai, Maharashtra","F/203, Sir M. V Road Andheri - Kurla Rd. Andheri (East)., MH",India,MISSED_BY_BLOCKING,J_cross_script_dba,"One entity in native Indic script, other in English with different brand phrasing",Indic transliteration + consonant skeleton + address key
S1-113968826,S3,S3-653146379,Unique Tech Private Limited,यूनिक टेक प्राइवेट लिमिटेड,"F/203, Greenwoods Complex, Chakala, Sir M. V Road Andheri - Kurla Rd. Andheri (East)., Mumbai, Maharashtra","F/203, Sir M. V Road Andheri - Kurla Rd. Andheri (East)., Mumbai, MH",India,MISSED_BY_BLOCKING,J_cross_script_dba,"One entity in native Indic script, other in English with different brand phrasing",Indic transliteration + consonant skeleton + address key
S1-113968826,S2,S2-370721678,Unique Tech Private Limited,Novievopyra,"F/203, Greenwoods Complex, Chakala, Sir M. V Road Andheri - Kurla Rd. Andheri (East)., Mumbai, Maharashtra","F/203, MUMBAI, SIR M. V ROAD ANDHERI - KURLA RD. ANDHERI (EAST)., महाराष्ट्र",India,MISSED_BY_BLOCKING,B_brand_vs_parent_company,Short distinctive brand name vs multi-word parent company name,Single distinctive brand token + address door/plot number
S1-113968826,S2,S2-99099897,Unique Tech Private Limited,यूनिक टेक प्राइवेट लिमिटेड,"F/203, Greenwoods Complex, Chakala, Sir M. V Road Andheri - Kurla Rd. Andheri (East)., Mumbai, Maharashtra","Maharashtra, SIR M. V ROAD ANDHERI - KURLA RD. ANDHERI (EAST)., F/203, MUMBAI",India,MISSED_BY_BLOCKING,J_cross_script_dba,"One entity in native Indic script, other in English with different brand phrasing",Indic transliteration + consonant skeleton + address key
S1-113968826,S3,S3-373631637,Unique Tech Private Limited,यूनिक टेक प्राइवेट लिमिटेड,"F/203, Greenwoods Complex, Chakala, Sir M. V Road Andheri - Kurla Rd. Andheri (East)., Mumbai, Maharashtra","Mumbai, MH, Sir M. V Road Andheri - Kurla Rd. Andheri (East)., F/203",India,MISSED_BY_BLOCKING,J_cross_script_dba,"One entity in native Indic script, other in English with different brand phrasing",Indic transliteration + consonant skeleton + address key
S1-276296929,S2,S2-618793748,Wood Integrated Oncology LLC,Synavikor,"2228 Sandra Terrace, Phoenix, AZ","222 SANDRA TER, SUNNYSLOPE, AZ",US,MISSED_BY_BLOCKING,B_brand_vs_parent_company,Short distinctive brand name vs multi-word parent company name,Single distinctive brand token + address door/plot number
S1-94172981,S3,S3-294249110,Cure Hair Studio,Curehairstudio.Com,"655 Philadelphia Avenue, Pinebluff, NC","Philadelphia Ave, Pinebluff, North Carolina",US,MISSED_BY_BLOCKING,C_website_domain_variation,Candidate name is a website/domain with unsegmented words while S1 is legal entity,Pass A: Strip TLD + token stem concatenation + address anchor
S1-94172981,S2,S2-528827942,Cure Hair Studio,BRIXAVI,"655 Philadelphia Avenue, Pinebluff, NC","655 PHILADELPHIA AVE, PINEBLUFF, NC",US,MISSED_BY_BLOCKING,B_brand_vs_parent_company,Short distinctive brand name vs multi-word parent company name,Single distinctive brand token + address door/plot number
S1-565043932,S3,S3-257030906,Clinton Dental Associates Inc,Ariaevoveo,"1728 865, Clinton, UT","1728 865, Clearfield, Utah",US,MISSED_BY_BLOCKING,B_brand_vs_parent_company,Short distinctive brand name vs multi-word parent company name,Single distinctive brand token + address door/plot number
S1-349849273,S2,S2-947199280,Jajodia & Co Ltd,Mr j.com,"B-303, Sai Anand Apartment, Sambhaji Nagar, Vaitiwadi, Thane (West), Thane, Maharashtra","PLOT 233 B-303, THANE, Maharashtra",India,MISSED_BY_BLOCKING,C_website_domain_variation,Candidate name is a website/domain with unsegmented words while S1 is legal entity,Pass A: Strip TLD + token stem concatenation + address anchor
S1-680297893,S3,S3-297843429,Prime Foods Pvt Ltd,പ്രൈം ഫുഡ്സ് പ്രൈവറ്റ് ലിമിറ്റഡ്,"Wayanad, Kerala, Wayanad, Kakkavayal Po, Meenangadi Via, Room No: 12/443E","Room No: 12/443E, Kakkavayal Po, Meenangadi Via, Wayanad, KL",India,MISSED_BY_BLOCKING,J_cross_script_dba,"One entity in native Indic script, other in English with different brand phrasing",Indic transliteration + consonant skeleton + address key
S1-479271554,S2,S2-987493767,Best Infrastructure Private Limited,बेस्ट इंफ्रास्ट्रक्चर प्राइवेट लिमिटेड,"06, Pradeep Chambers, 164/65, Bhandarkar Road, Pune, Maharashtra","06, PUNE, Maharashtra",India,MISSED_BY_BLOCKING,J_cross_script_dba,"One entity in native Indic script, other in English with different brand phrasing",Indic transliteration + consonant skeleton + address key
S1-617698128,S2,S2-975686620,Pediatric Group Care,Pediatric-Group,"232835 Pickard Avenue, Town Of Holton, WI","PICKARD AVENUE, TOWN OF HOLTON, WI",US,MISSED_BY_BLOCKING,B_brand_vs_parent_company,Short distinctive brand name vs multi-word parent company name,Single distinctive brand token + address door/plot number
S1-729926555,S2,S2-566609290,High Infrastructure Private Limited,हाई इंफ्रास्ट्रक्चर प्राइवेट लिमिटेड,"F-30B, Lal Bahadur Nagar West, Jawahar Lal Nehru Marg, Jaipur, Rajasthan","राजस्थान, JAIPUR, F-30B, JAIPUR",India,MISSED_BY_BLOCKING,J_cross_script_dba,"One entity in native Indic script, other in English with different brand phrasing",Indic transliteration + consonant skeleton + address key
S1-985611673,S3,S3-348074151,Man & Co,Mr man.com - 3555918024,"1St Floor Old No 67 New No 70 New Avadi Road Kilpauk Chennai., Perambur Purasawalkam, Chennai, Tamil Nadu",,India,MISSED_BY_BLOCKING,D_website_redirect_weak_address,Domain name present but address is missing or disparate,Strict domain core exact match + country agreement
S1-944869323,S3,S3-334869431,First Industries Pvt Ltd,ફર્સ્ટ ઇન્ડસ્ટ્રીઝ પ્રા. લિ.,"B No.7, Gulmahor Greens, Ls No. 683/684 Paikee, Ahmedabad, Gujarat","B No.7, Ahmadabad, Ahmedabad, GJ",India,MISSED_BY_BLOCKING,J_cross_script_dba,"One entity in native Indic script, other in English with different brand phrasing",Indic transliteration + consonant skeleton + address key
S1-689703267,S2,S2-460805674,Hari Foundation Private Limited,ഹരി ഫൗണ്ടേഷൻ പ്രൈവറ്റ് ലിമിറ്റഡ്,"Tirur Tourist Home, Near Tirur Railwaystation, Tirur, Malappuram, Malapuram, Kerala","TIRUR TOURIST HOME, MALAPPURAM, MALAPURAM, Kerala",India,MISSED_BY_BLOCKING,J_cross_script_dba,"One entity in native Indic script, other in English with different brand phrasing",Indic transliteration + consonant skeleton + address key
S1-6536886,S3,S3-492584127,Moon Analytics Private Limited,moonanalytics.com,"W/O Sh.Sanjai Kothar Pro., Samriddhi Shory Noda, Ajmer, Rajasthan","राजस्थान, Ajmer, Samriddhi Shory Noda, Ajmer, W/o Sh.sanjai Kothar Pro.",India,MISSED_BY_BLOCKING,C_website_domain_variation,Candidate name is a website/domain with unsegmented words while S1 is legal entity,Pass A: Strip TLD + token stem concatenation + address anchor
S1-344795581,S2,S2-850224110,Foot & Ankle Health of Phoenix LLC,FOOTANKLEHEALTH.COM,"18830 34th Lane, Unit 4, Phoenix, AZ","#18830 34RD LANE, PHOENIX, AZ",US,MISSED_BY_BLOCKING,C_website_domain_variation,Candidate name is a website/domain with unsegmented words while S1 is legal entity,Pass A: Strip TLD + token stem concatenation + address anchor
S1-344795581,S3,S3-714373203,Foot & Ankle Health of Phoenix LLC,Foot  & Ank1e Health of Phoenix [LLC],"18830 34th Lane, Unit 4, Phoenix, AZ","##18830 34rd Lane, Phoenix, Arizona",US,MISSED_BY_BLOCKING,I_legal_suffix_dominating,Lexical divergence across commercial branding,Address component intersection
S1-105272358,S3,S3-238807303,Jai Galaxy Engineering Private Limited,ஜெய் கேலக்ஸி இன்ஜினியரிங் பிரைவேட் லிமிடெட்,"Chennai, Old No. 176/2, Tamil Nadu, New No. 281, Sydenhams Road, Periamet","Old No. 176, New No. 281, Sydenhams Road, Periamet, Madras, Chennai, TN",India,MISSED_BY_BLOCKING,J_cross_script_dba,"One entity in native Indic script, other in English with different brand phrasing",Indic transliteration + consonant skeleton + address key
S1-105272358,S3,S3-258892549,Jai Galaxy Engineering Private Limited,ஜெய் கேலக்ஸி இன்ஜினியரிங் Private Limited,"Chennai, Old No. 176/2, Tamil Nadu, New No. 281, Sydenhams Road, Periamet","Old No. 176, New No. 281, Sydenhams Road, Periamet, Madras, Chennai, தமிழ்நாடு",India,MISSED_BY_BLOCKING,J_cross_script_dba,"One entity in native Indic script, other in English with different brand phrasing",Indic transliteration + consonant skeleton + address key
S1-332488068,S2,S2-292129257,Urgent Care Sterling Partners,#URGENTCARE,"745 Lexington Avenue, Saint Charles, IL","SAINT CHARLES, IL, 745 LEXINGTON AVENUE",US,MISSED_BY_BLOCKING,B_brand_vs_parent_company,Short distinctive brand name vs multi-word parent company name,Single distinctive brand token + address door/plot number
S1-866813114,S3,S3-61221964,New Delhi Infrastructure Private Limited,newdelhiinfrastructure.com,"A-208, Second Floor Lajpat Nagar - 1, New Delhi, South Delhi, Delhi","A-208, Second Floor Lajpat Nagar - 1, New Delhi, Bahadurgarh, DL",India,MISSED_BY_BLOCKING,C_website_domain_variation,Candidate name is a website/domain with unsegmented words while S1 is legal entity,Pass A: Strip TLD + token stem concatenation + address anchor
S1-391369705,S3,S3-932954425,Mountain Institute of Technology,Nexfaye,"269 37th Place, Washington, DC","0269 37rd Pl, Washington, District of Columbia",US,MISSED_BY_BLOCKING,B_brand_vs_parent_company,Short distinctive brand name vs multi-word parent company name,Single distinctive brand token + address door/plot number
S1-399433959,S2,S2-473110779,Garcia and Coulson Cherry,garciacoulsoncherry.com,"15011 Xkimo Street, Ramsey, MN","Xkimo Street, RAMSEY, MN",US,MISSED_BY_BLOCKING,C_website_domain_variation,Candidate name is a website/domain with unsegmented words while S1 is legal entity,Pass A: Strip TLD + token stem concatenation + address anchor
S1-124565085,S2,S2-860727218,All Solutions Pvt Ltd,ஆல் சொல்யூஷன்ஸ் பிரைவேட் லிமிடெட்,"Tamil Nadu, Coimbatore, S.F No. 352, Angeripalayam, Thottipalayam Village, Tiruppur","S.F NO. 352, ANGERIPALAYAM, THOTTIPALAYAM VILLAGE, TIRUPPUR, COIMBATORE, தமிழ்நாடு",India,MISSED_BY_BLOCKING,J_cross_script_dba,"One entity in native Indic script, other in English with different brand phrasing",Indic transliteration + consonant skeleton + address key
S1-124565085,S3,S3-274409765,All Solutions Pvt Ltd,ஆல் சொல்யூஷன்ஸ் பிரைவேட் லிமிடெட்,"Tamil Nadu, Coimbatore, S.F No. 352, Angeripalayam, Thottipalayam Village, Tiruppur","S.f No. 352, Angeripalayam, Thottipalayam Village, Tiruppur, Coimbatore, TN",India,MISSED_BY_BLOCKING,J_cross_script_dba,"One entity in native Indic script, other in English with different brand phrasing",Indic transliteration + consonant skeleton + address key
S1-124565085,S3,S3-269789575,All Solutions Pvt Ltd,ஆல் சொல்யூஷன்ஸ் பிரைவேட் லிமிடெட்,"Tamil Nadu, Coimbatore, S.F No. 352, Angeripalayam, Thottipalayam Village, Tiruppur","S.f No. 352, Angeripalayam, Thottipalayam Village, Tiruppur, Coimbatore, தமிழ்நாடு",India,MISSED_BY_BLOCKING,J_cross_script_dba,"One entity in native Indic script, other in English with different brand phrasing",Indic transliteration + consonant skeleton + address key
S1-124565085,S2,S2-998964026,All Solutions Pvt Ltd,ஆல் சொல்யூஷன்ஸ் பிரைவேட் லிமிடெட்,"Tamil Nadu, Coimbatore, S.F No. 352, Angeripalayam, Thottipalayam Village, Tiruppur","S.F NO. 352, ANGERIPALAYAM, THOTTIPALAYAM VILLAGE, TIRUPPUR, COIMBATORE, Tamil Nadu",India,MISSED_BY_BLOCKING,J_cross_script_dba,"One entity in native Indic script, other in English with different brand phrasing",Indic transliteration + consonant skeleton + address key
S1-381100503,S3,S3-369806707,Sree Trading,Úmbraorbikor,"Plot No. 1-A, Kh No. 37/1, Pp No. 1916, Ranaji Enclave, Ms Block, Najafgarh, Delhi, South West Delhi, Delhi","Kh No. 37/1, Pp No. 1916, Ranaji Enclave, Ms Block, Najafgarh, Plot No. 1-A/9, South West Delhi, DL, Delhi",India,MISSED_BY_BLOCKING,B_brand_vs_parent_company,Short distinctive brand name vs multi-word parent company name,Single distinctive brand token + address door/plot number
S1-381100503,S2,S2-558524160,Sree Trading,sreetrading.com,"Plot No. 1-A, Kh No. 37/1, Pp No. 1916, Ranaji Enclave, Ms Block, Najafgarh, Delhi, South West Delhi, Delhi","PLOT NO. 3-A , KH NO. 37/1, PP NO. 1916, RANAJI ENCLAVE, MS BLOCK, NAJAFGARH, DELHI, Delhi",India,MISSED_BY_BLOCKING,C_website_domain_variation,Candidate name is a website/domain with unsegmented words while S1 is legal entity,Pass A: Strip TLD + token stem concatenation + address anchor
S1-329923701,S2,S2-697988092,International Properties Private Limited,इंटरनेशनल प्रॉपर्टीज प्राइवेट लिमिटेड,"Flat No 5 First Floorscindia House Connaught Circus, New Delhi, Central Delhi, Delhi","5 FIRST FLOORSCINDIA HOUSE CONNAUGHT CIRCUS, CENTRAL DELHI, NEW DELHI, Delhi",India,MISSED_BY_BLOCKING,J_cross_script_dba,"One entity in native Indic script, other in English with different brand phrasing",Indic transliteration + consonant skeleton + address key
S1-329923701,S2,S2-919858156,International Properties Private Limited,इंटरनेशनल प्रॉपर्टीज प्राइवेट लिमिटेड,"Flat No 5 First Floorscindia House Connaught Circus, New Delhi, Central Delhi, Delhi","H.NO 5 FIRST FLOORSCINDIA HOUSE CONNAUGHT CIRCUS, NEW DELHI, CENTRAL DELHI, Delhi",India,MISSED_BY_BLOCKING,J_cross_script_dba,"One entity in native Indic script, other in English with different brand phrasing",Indic transliteration + consonant skeleton + address key
S1-710149190,S2,S2-60796846,STY Wireless Inc,STY Inc Center,"70 Besco Road, Wheelersburg, OH","BESCO RD, WHEELERSBURG, OH",US,MISSED_BY_BLOCKING,F_missing_business_name_tokens,Address matches strongly but business names have disparate commercial branding,High-precision address anchor (plot number + 2 distinctive street words)
S1-840961764,S2,S2-308741469,Behavioral Health Clinic Inc.,Belonylayuma,"UT, Highland, 5534 10480","5534 10480, AMERICAN FORK, UT",US,MISSED_BY_BLOCKING,B_brand_vs_parent_company,Short distinctive brand name vs multi-word parent company name,Single distinctive brand token + address door/plot number
S1-840961764,S2,S2-326313763,Behavioral Health Clinic Inc.,healthclinicbehavioral.com,"UT, Highland, 5534 10480","10480, HIGHLAND, UT",US,MISSED_BY_BLOCKING,C_website_domain_variation,Candidate name is a website/domain with unsegmented words while S1 is legal entity,Pass A: Strip TLD + token stem concatenation + address anchor
S1-840961764,S2,S2-618341747,Behavioral Health Clinic Inc.,behavioralhealth.com,"UT, Highland, 5534 10480","5534 10480, HIGHLAND, UT",US,MISSED_BY_BLOCKING,C_website_domain_variation,Candidate name is a website/domain with unsegmented words while S1 is legal entity,Pass A: Strip TLD + token stem concatenation + address anchor
S1-840961764,S3,S3-697564549,Behavioral Health Clinic Inc.,Behaviora1 Health Clinic Inc.,"UT, Highland, 5534 10480","5534 10480, American Fork, Utah",US,MISSED_BY_BLOCKING,I_legal_suffix_dominating,Lexical divergence across commercial branding,Address component intersection
S1-156011256,S2,S2-139194535,Maa Ventures Pvt Ltd,मां वेंचर्स प्रा. लि.,"Hno 114, Rajendra, Ward No 1, Jabalpur, Sihora, Katni, Madhya Pradesh","114, SIHORA, KATNI, मध्य प्रदेश",India,MISSED_BY_BLOCKING,J_cross_script_dba,"One entity in native Indic script, other in English with different brand phrasing",Indic transliteration + consonant skeleton + address key
S1-273846317,S3,S3-43311570,Pacific School of Medicine,Orbifayenyla,"1213 Melrose Street, Tullahoma, TN","1213 Melrose Street, Tullahoma Township, Tennessee",US,MISSED_BY_BLOCKING,B_brand_vs_parent_company,Short distinctive brand name vs multi-word parent company name,Single distinctive brand token + address door/plot number
S1-107384007,S3,S3-731434111,Triton Law Chambers Pvt. Ltd.,Triton,"12, Jai Bharat Society, 2Nd Samruta Bldg. 5Th Road, Khar(West), Mumbai, Mumbai City, Maharashtra","12, Jai Bharat Society, 2Nd Samruta Bldg. 5Th Road, Khar(West), Mumbai, Mumbai City, Maharashtra",India,MISSED_BY_BLOCKING,B_brand_vs_parent_company,Short distinctive brand name vs multi-word parent company name,Single distinctive brand token + address door/plot number
S1-602338402,S2,S2-109947876,New Engineering Private Limited,न्यू इंजीनियरिंग प्राइवेट लिमिटेड,"6/5, Block-6 Tilak Nagar, New Delhi, Delhi","A-6/5, NEW DELHI, Delhi",India,MISSED_BY_BLOCKING,J_cross_script_dba,"One entity in native Indic script, other in English with different brand phrasing",Indic transliteration + consonant skeleton + address key
S1-619790759,S2,S2-929906383,Commission on Finance,@commissionon,"1704 Southwell Court, Raleigh, NC","1704-1708 SOUTHWELL CT, RALEIGH, NC",US,MISSED_BY_BLOCKING,C_website_domain_variation,Candidate name is a website/domain with unsegmented words while S1 is legal entity,Pass A: Strip TLD + token stem concatenation + address anchor
S1-619790759,S3,S3-536790798,Commission on Finance,C0mmission On Finance,"1704 Southwell Court, Raleigh, NC","Southwell Ct, Raleigh, North Carolina",US,MISSED_BY_BLOCKING,I_legal_suffix_dominating,Lexical divergence across commercial branding,Address component intersection
S1-859833400,S3,S3-162424784,Main Street Tavern Inc,@mainstreet,"9 Mansion Street, Poughkeepsie, NY","9 Mansion Street, New York, Poughkeepsie",US,MISSED_BY_BLOCKING,C_website_domain_variation,Candidate name is a website/domain with unsegmented words while S1 is legal entity,Pass A: Strip TLD + token stem concatenation + address anchor
S1-859833400,S2,S2-365077827,Main Street Tavern Inc,ECTODREXKOR,"9 Mansion Street, Poughkeepsie, NY","9 MANSION ST, POUGHKEEPSIE, NY",US,MISSED_BY_BLOCKING,B_brand_vs_parent_company,Short distinctive brand name vs multi-word parent company name,Single distinctive brand token + address door/plot number
S1-826768625,S2,S2-711682790,North Kodiak,NORTH  CENTER,"1152 Cushendall Terrace, Unit APT 302, Rock Hill, SC","CUSHENDALL TER, ROCK HILL, SC",US,MISSED_BY_BLOCKING,I_legal_suffix_dominating,Lexical divergence across commercial branding,Address component intersection
S1-659175866,S2,S2-677006055,Roo Royal Centers LLC,roocentersroyal.com,"543 Fm 833, Fairfield, TX","543 FM 833, FAIRFIEL CITY, TX",US,MISSED_BY_BLOCKING,C_website_domain_variation,Candidate name is a website/domain with unsegmented words while S1 is legal entity,Pass A: Strip TLD + token stem concatenation + address anchor
S1-388049779,S3,S3-967697107,Good Tirupati Impex Private Limited,ಗುಡ್ ತಿರುಪತಿ ಇಂಪೆಕ್ಸ್ ಪ್ರೈವೇಟ್ ಲಿಮಿಟೆಡ್,"Karnataka, 4Th Floor, Smart Avenue, 80 Feet Road Indiranagar, Flat No-4-03, Bangalore","Flat No-004-03, Bangalore, KA, Bangalore, 4Th Floor, Smart Avenue, 80 Feet Road Indiranagar",India,MISSED_BY_BLOCKING,J_cross_script_dba,"One entity in native Indic script, other in English with different brand phrasing",Indic transliteration + consonant skeleton + address key
S1-388049779,S2,S2-593836013,Good Tirupati Impex Private Limited,ಗುಡ್ ತಿರುಪತಿ ಇಂಪೆಕ್ಸ್ ಪ್ರೈವೇಟ್ ಲಿಮಿಟೆಡ್,"Karnataka, 4Th Floor, Smart Avenue, 80 Feet Road Indiranagar, Flat No-4-03, Bangalore","FLAT NO-4-03/7, BANGALORE, INDIRANAGAR, Karnataka",India,MISSED_BY_BLOCKING,J_cross_script_dba,"One entity in native Indic script, other in English with different brand phrasing",Indic transliteration + consonant skeleton + address key
S1-578417233,S2,S2-378920891,South Investments Private Limited,സൗത്ത് ഇൻവെസ്റ്റ്മെന്റ്സ് പ്രൈവറ്റ് ലിമിറ്റഡ്,"49/404, Beevi Mahal Kamachankandy Paramba Near Civil Court, Tellicherry, Kannur, Kerala","49/404, TELLICHERRY, KANNUR, Kerala",India,MISSED_BY_BLOCKING,J_cross_script_dba,"One entity in native Indic script, other in English with different brand phrasing",Indic transliteration + consonant skeleton + address key
S1-622413375,S2,S2-711658126,Baker Equipment,bakerequipment.com,"155 Coolidge Street, Unit 1, Brookline, MA","55 COOLIDGE ST, BROOKLINE, MA",US,MISSED_BY_BLOCKING,C_website_domain_variation,Candidate name is a website/domain with unsegmented words while S1 is legal entity,Pass A: Strip TLD + token stem concatenation + address anchor
S1-622413375,S2,S2-477154554,Baker Equipment,BEQUIPMENT.COM,"155 Coolidge Street, Unit 1, Brookline, MA","BROOKLINE, 55 COOLIDGE STREET, MA",US,MISSED_BY_BLOCKING,C_website_domain_variation,Candidate name is a website/domain with unsegmented words while S1 is legal entity,Pass A: Strip TLD + token stem concatenation + address anchor
S1-226447201,S3,S3-328150181,(india) Km Legal Private Limited,indiakmlegal.com,"601, 6Th Floor, Shree Shivdutta Coop Hsg Topiwala Lane, Goregaon West, Mumbai, Mumbai City, Maharashtra","601, Goregaon W, MH",India,MISSED_BY_BLOCKING,C_website_domain_variation,Candidate name is a website/domain with unsegmented words while S1 is legal entity,Pass A: Strip TLD + token stem concatenation + address anchor
S1-852775221,S2,S2-630518358,Universal Foundation Pvt Ltd,யுனிவர்சல் ஃபவுண்டேஷன் பிரைவேட் லிமிடெட்,"G1, Amirtha Varshini, 131, Old No.52, Kothanda Ramar Koil Street, West Mambala, M, Chennai, Tamil Nadu","GD/1, CHENNAI, Tamil Nadu",India,MISSED_BY_BLOCKING,J_cross_script_dba,"One entity in native Indic script, other in English with different brand phrasing",Indic transliteration + consonant skeleton + address key
S1-394928776,S2,S2-250503970,Womens Health Clinic of Baltimore,WOMENS CLINIC SERVICE BALTIMORE OF,"1214 Broening Highway, Baltimore, MD","BALTIMORE, MD, 1214 BOENING HIGHWAY",US,MISSED_BY_BLOCKING,I_legal_suffix_dominating,Lexical divergence across commercial branding,Address component intersection
S1-532702314,S2,S2-380221627,Physical Therapy Specialists Clinic,physicaltherapyspecialists.com,"2959 Central Drive, Unit APT 101, Casper, WY","##2959 CENTRAL DR, CASPER, WY",US,MISSED_BY_BLOCKING,C_website_domain_variation,Candidate name is a website/domain with unsegmented words while S1 is legal entity,Pass A: Strip TLD + token stem concatenation + address anchor
S1-403227224,S2,S2-969067065,Total Real,Total Services,"1328 Elizabeth Street, Crete, IL","ELIZABETH ST, INCORPORATED, IL",US,MISSED_BY_BLOCKING,I_legal_suffix_dominating,Lexical divergence across commercial branding,Address component intersection
S1-492737885,S3,S3-259734659,Shivam Software Private Limited,शिवम सॉफ्टवेयर प्राइवेट लिमिटेड,"I Underhill Road Civil Lines, Delhi, North Delhi, Delhi","Hn 204/7 I Underhill Roda Civil Lines, Delhi, North Delhi, DL",India,MISSED_BY_BLOCKING,J_cross_script_dba,"One entity in native Indic script, other in English with different brand phrasing",Indic transliteration + consonant skeleton + address key
S1-492737885,S2,S2-371108126,Shivam Software Private Limited,शिवम सॉफ्टवेयर प्राइवेट लिमिटेड,"I Underhill Road Civil Lines, Delhi, North Delhi, Delhi","NO. 697 I UNDERHILL ROAD CIVIL LINES, DELHI, NORTH DELHI, Delhi",India,MISSED_BY_BLOCKING,J_cross_script_dba,"One entity in native Indic script, other in English with different brand phrasing",Indic transliteration + consonant skeleton + address key
S1-329276806,S2,S2-503933218,Jain Constructions Private Limited,জৈন কনস্ট্রাকশনস প্রাইভেট লিমিটেড,"Vill- Bibirait, P.O.- B. Narayanpur, Police Station- Bhangore, 24 Parganas So, Uth, Kolkata, Parganas South, West Bengal","VILL- BIBIRAIT, PARGANAS SOUTH, West Bengal",India,MISSED_BY_BLOCKING,J_cross_script_dba,"One entity in native Indic script, other in English with different brand phrasing",Indic transliteration + consonant skeleton + address key
S1-779866134,S2,S2-276355156,Liberty Edison,Liberty Edsii,"323 Keith Road, Orgas, WV",,US,MISSED_BY_BLOCKING,G_empty_or_weak_address,"Address is empty or severely truncated, preventing composite address blocking",Distinctive multi-word name signature fallback (min length 10)
S1-911672680,S2,S2-488041389,Great Infrastructure,GINFRASTRUCTURE.COM,"11386 Eldorado Street, Unit Unit H, Blaine, MN","1138 ELDORADO ST, BLAINE, MN",US,MISSED_BY_BLOCKING,C_website_domain_variation,Candidate name is a website/domain with unsegmented words while S1 is legal entity,Pass A: Strip TLD + token stem concatenation + address anchor
S1-10222665,S2,S2-494483805,Jupitar (India) Planners Pvt. Ltd.,Smt IJPLANNERS.COM,"443-The Boulevard, Opp. Western Bus Hub, Surat City, Surat, Gujarat","SURAT CITY, BOULEVARD, Gujarat",India,MISSED_BY_BLOCKING,C_website_domain_variation,Candidate name is a website/domain with unsegmented words while S1 is legal entity,Pass A: Strip TLD + token stem concatenation + address anchor
S1-958358002,S2,S2-352616267,Ace International Private Limited,एस इंटरनेशनल प्राइवेट लिमिटेड,"C/O Devanti Gupta, 2116051, Dariyapur, Kadam Kuan, Sampatchak, Patna, Bihar","DOOR NO 55 C/O DEVANTI GUPTA, PATNA, SAMPATCHAK, बिहार",India,MISSED_BY_BLOCKING,J_cross_script_dba,"One entity in native Indic script, other in English with different brand phrasing",Indic transliteration + consonant skeleton + address key
S1-308522028,S3,S3-263805040,Anand Trading Limited,आनंद ट्रेडिंग लिमिटेड,"A-67, Mount Kailash East Of Kailash, New Delhi, Delhi","A-c-67, South Delhi, New Delhi, DL",India,MISSED_BY_BLOCKING,J_cross_script_dba,"One entity in native Indic script, other in English with different brand phrasing",Indic transliteration + consonant skeleton + address key
S1-260786295,S2,S2-263623499,Jgs Real Private Limited,jgsreal.com,"G-89Midc Ajanta Road, Jalgaon, Maharashtra","G-89MIDC AJANTA ROAD, JALGAON, Maharashtra",India,MISSED_BY_BLOCKING,C_website_domain_variation,Candidate name is a website/domain with unsegmented words while S1 is legal entity,Pass A: Strip TLD + token stem concatenation + address anchor
S1-260786295,S3,S3-126821570,Jgs Real Private Limited,Jgs Rea1 Private Limited,"G-89Midc Ajanta Road, Jalgaon, Maharashtra","G-##89midc Ajanta Road, Jalgaon, MH",India,MISSED_BY_BLOCKING,I_legal_suffix_dominating,Lexical divergence across commercial branding,Address component intersection
S1-260786295,S3,S3-584785197,Jgs Real Private Limited,Jgs,"G-89Midc Ajanta Road, Jalgaon, Maharashtra","Jalgaon, G-89Midc Ajanta Road, Maharashtra, Jalgaon",India,MISSED_BY_BLOCKING,B_brand_vs_parent_company,Short distinctive brand name vs multi-word parent company name,Single distinctive brand token + address door/plot number
S1-536974738,S2,S2-187648463,Primary Care Associates of Rotterdam,@primarycare,"2236 Helderberg Avenue, Rotterdam, NY","2236 HELDERBERG AVE, SCHENECTADY, NY",US,MISSED_BY_BLOCKING,C_website_domain_variation,Candidate name is a website/domain with unsegmented words while S1 is legal entity,Pass A: Strip TLD + token stem concatenation + address anchor
S1-683515854,S2,S2-756250340,Shiva Exports,शिवा एक्सपोर्ट्स,"Charitravan Buxar Infront Of Mv College, Buxar, Bihar","DOOR NO 559 CHARITRAVAN BUXAR INFRONT OF MV COLLEGE, BUXAR, Bihar",India,MISSED_BY_BLOCKING,J_cross_script_dba,"One entity in native Indic script, other in English with different brand phrasing",Indic transliteration + consonant skeleton + address key
S1-902181206,S3,S3-75467692,Services Samarth Systems Private Limited,Private Services Samarh Systems Limited,"Krishna Bhuvan, Block No. 3, 67, Nehru Road, Vile Parle (East), Mumbai, Mumbai City, Maharashtra","H.no 463 Krishna Bhuvan, Mumbai, Mumbai City, MH",India,MISSED_BY_BLOCKING,I_legal_suffix_dominating,Lexical divergence across commercial branding,Address component intersection
S1-558784443,S2,S2-83125388,Eastern Marketing Private Limited,ईस्टर्न मार्केटिंग प्राइवेट लिमिटेड,"2033/1, Susuwahi, Near Hyderabad Gate, Dafi, Varanasi, Uttar Pradesh","2033/1, VARANASI, Uttar Pradesh",India,MISSED_BY_BLOCKING,J_cross_script_dba,"One entity in native Indic script, other in English with different brand phrasing",Indic transliteration + consonant skeleton + address key
S1-53266804,S3,S3-539090963,Sincere (India) Producer Private Limited,Pyrazephsol,"807, Swati Crimson And Clover, Near Shilaj Circle, Daskroi, Ahmedabad, Gujarat","807, Daskroi, Gujarat, Ahmedabad, Swati Crimson And Clover, Near Shilaj Circle",India,MISSED_BY_BLOCKING,B_brand_vs_parent_company,Short distinctive brand name vs multi-word parent company name,Single distinctive brand token + address door/plot number
S1-431903166,S3,S3-849762532,Celesta Foundations Private Limited,celestafoundations.com,"4, Lee Road, Vaibhav Plaza 1St Floor, Room No- 11, Kolkata, Howrah, West Bengal","Block B-0269 4, Kolkata, Howrah, WB",India,MISSED_BY_BLOCKING,C_website_domain_variation,Candidate name is a website/domain with unsegmented words while S1 is legal entity,Pass A: Strip TLD + token stem concatenation + address anchor
S1-732819608,S3,S3-922679784,P M & S Bio,P M & S Bio Corp,"TN, Monteagle, 5101 Madison Avenue",,US,MISSED_BY_BLOCKING,G_empty_or_weak_address,"Address is empty or severely truncated, preventing composite address blocking",Distinctive multi-word name signature fallback (min length 10)
S1-849049594,S2,S2-706145368,Hyderabad Biotech Private Limited,DELTANOVI,"Plot No. 71, Road No, 03 Himapuri Colony, Mansoorabad, Hyderabad, Telangana","PLOT NO. 71, HYDERABAD, Telangana",India,MISSED_BY_BLOCKING,B_brand_vs_parent_company,Short distinctive brand name vs multi-word parent company name,Single distinctive brand token + address door/plot number
S1-693625465,S2,S2-10144385,Swastik Industries Limited,ಸ್ವಸ್ತಿಕ್ ಇಂಡಸ್ಟ್ರೀಸ್ ಲಿಮಿಟೆಡ್,"No.59, 35Th Main, Banagiri Nagar Banashankari 3Rd Stage, Bangalore, Karnataka","BANGALORE, NO.59, Karnataka, BANGALORE, 35TH MAIN, BANAGIRI NAGAR BANASHANKARI 3RD STAGE",India,MISSED_BY_BLOCKING,J_cross_script_dba,"One entity in native Indic script, other in English with different brand phrasing",Indic transliteration + consonant skeleton + address key
S1-832587885,S3,S3-719224844,Infrastructure (India) Developers Limited,Dr Infrastructure Infrastructure (India) Developers [Ltd],"111/Sitaram Nagar, Road No.6 Eru Char Rasta, Ta-Jalalpor, Navsari, Gujarat","#11/Sitaram Nagar, Navsari, GJ",India,MISSED_BY_BLOCKING,I_legal_suffix_dominating,Lexical divergence across commercial branding,Address component intersection
S1-984940763,S2,S2-537176720,"Ear Nose & Throat Health, LLC",EARNOSETHROAT.COM,"17076 Boy Scout Road, Durango, IA","17076. BOY SCOUT RD, DURANGO, IA",US,MISSED_BY_BLOCKING,C_website_domain_variation,Candidate name is a website/domain with unsegmented words while S1 is legal entity,Pass A: Strip TLD + token stem concatenation + address anchor
S1-984940763,S3,S3-482974611,"Ear Nose & Throat Health, LLC",éarnosethroat.com,"17076 Boy Scout Road, Durango, IA","17076 Boy Scout Road, Durango, Iowa",US,MISSED_BY_BLOCKING,C_website_domain_variation,Candidate name is a website/domain with unsegmented words while S1 is legal entity,Pass A: Strip TLD + token stem concatenation + address anchor
S1-502542662,S3,S3-434534279,Amron Finance,Amron (Services),"H.No.43, Om Shree Green Homes Phase-1 Shamshabad Road, Kalika Nagla, Agra, Uttar Pradesh",,India,MISSED_BY_BLOCKING,G_empty_or_weak_address,"Address is empty or severely truncated, preventing composite address blocking",Distinctive multi-word name signature fallback (min length 10)
S1-627598051,S2,S2-370598152,AL Hotels Ltd,AL Hotesl Ltd,"Delhi, Chandni Chowk, Delhi, Ist Floor, Kucha Mahajani, 1164",,India,MISSED_BY_BLOCKING,G_empty_or_weak_address,"Address is empty or severely truncated, preventing composite address blocking",Distinctive multi-word name signature fallback (min length 10)
S1-289531847,S3,S3-562293535,Family Services,Family Services Corporation,"222 3rd Avenue, Minneapolis, MN","Third Ave, Minneapolis, Minnesota",US,MISSED_BY_BLOCKING,I_legal_suffix_dominating,Lexical divergence across commercial branding,Address component intersection
S1-299773245,S3,S3-460127726,DJ Marines Limited,*** Djmarines.Com,"Gram-Sagunahan, Post- Babatpur, Varanasi, Uttar Pradesh","UP, Post- Babatpur, Varanasi, Gram-sagunahan, Varanasi",India,MISSED_BY_BLOCKING,C_website_domain_variation,Candidate name is a website/domain with unsegmented words while S1 is legal entity,Pass A: Strip TLD + token stem concatenation + address anchor
S1-949948557,S2,S2-245172620,Tech Food Private Limited,टेक फूड प्राइवेट लिमिटेड,"124, Sukh Shanti Nagar, Near Nagori Bera, Jodhpur, Rajasthan","124, JODHPUR, Rajasthan",India,MISSED_BY_BLOCKING,J_cross_script_dba,"One entity in native Indic script, other in English with different brand phrasing",Indic transliteration + consonant skeleton + address key
S1-949948557,S2,S2-731450644,Tech Food Private Limited,टेक फूड प्राइवेट लिमिटेड,"124, Sukh Shanti Nagar, Near Nagori Bera, Jodhpur, Rajasthan","124, JODHPUR, Rajasthan",India,MISSED_BY_BLOCKING,J_cross_script_dba,"One entity in native Indic script, other in English with different brand phrasing",Indic transliteration + consonant skeleton + address key
S1-612211644,S3,S3-295654535,Looks Technologies Ltd,Looks Techno1ogies Ltd,"7, D.D.A. Market, E Block, East Of Kailash, New Delhi, Delhi",,India,MISSED_BY_BLOCKING,G_empty_or_weak_address,"Address is empty or severely truncated, preventing composite address blocking",Distinctive multi-word name signature fallback (min length 10)
S1-189481999,S2,S2-560066928,United Foods Private Limited,यूनाइटेड फूड्स प्राइवेट लिमिटेड,"A-103, Raghav Vasant Valley Complex Film City Road, Malad (E), Mumbai, Mumbai City, Maharashtra","A-103, MUMBAI CITY, GREATER MUMBAI, Maharashtra",India,MISSED_BY_BLOCKING,J_cross_script_dba,"One entity in native Indic script, other in English with different brand phrasing",Indic transliteration + consonant skeleton + address key
S1-189481999,S3,S3-507015413,United Foods Private Limited,यूनाइटेड फूड्स प्राइवेट लिमिटेड,"A-103, Raghav Vasant Valley Complex Film City Road, Malad (E), Mumbai, Mumbai City, Maharashtra","Plot 043 A-103, Mumbai (SUBURBAN), महाराष्ट्र",India,MISSED_BY_BLOCKING,J_cross_script_dba,"One entity in native Indic script, other in English with different brand phrasing",Indic transliteration + consonant skeleton + address key
S1-300289723,S3,S3-918851466,Healthy Engineering Limited,Healthy Limited Services,"Flat No. 803, Mi Rustle Court, Sector-6, Lucknow, Uttar Pradesh",,India,MISSED_BY_BLOCKING,G_empty_or_weak_address,"Address is empty or severely truncated, preventing composite address blocking",Distinctive multi-word name signature fallback (min length 10)
S1-320182292,S3,S3-678664304,Bangalore It Private Limited,@bangaloreit,"No 21 (Old 68), 1St Main Road, Lower Palace Orchards Vyalikaval, Bangalore, Karnataka","(Old 68), Bangalore, KA",India,MISSED_BY_BLOCKING,C_website_domain_variation,Candidate name is a website/domain with unsegmented words while S1 is legal entity,Pass A: Strip TLD + token stem concatenation + address anchor
S1-718006993,S2,S2-782244770,Chand Vision,M/s CVISION.COM,"30-2-12/1 Burra Varii Street, Kakinada, East Godavari, Andhra Pradesh","EAST GODAVARI, Andhra Pradesh, KAKINADA, 30-2-12/1  BURRA VARII STREET",India,MISSED_BY_BLOCKING,C_website_domain_variation,Candidate name is a website/domain with unsegmented words while S1 is legal entity,Pass A: Strip TLD + token stem concatenation + address anchor
S1-697052512,S3,S3-105206286,Convex Ventures Private Limited,convexventures.com,"C-601, Anand Sapphire, Opp. Vishvas City-7, Nr. Vishvas City-6, Gota, Ahmadabad City, Ahmedabad, Gujarat","C-601, Ahmadabad City, Ahmedabad, ગુજરાત",India,MISSED_BY_BLOCKING,C_website_domain_variation,Candidate name is a website/domain with unsegmented words while S1 is legal entity,Pass A: Strip TLD + token stem concatenation + address anchor
S1-375445832,S3,S3-635499548,Vieth & Meza Inc,viethmeza.com,"112 4th Avenue, Islip, NY","4th Avenue, Bay Shore, New York",US,MISSED_BY_BLOCKING,D_website_redirect_weak_address,Domain name present but address is missing or disparate,Strict domain core exact match + country agreement
S1-698319799,S2,S2-624377539,Urban Bistro Inc,Urban Bsgaor Inc,"2912 Garfield Terrace, Washington, DC","GARFIELD TERRACE, PO BOX 8506, WASHINGTON, DC",US,MISSED_BY_BLOCKING,I_legal_suffix_dominating,Lexical divergence across commercial branding,Address component intersection
S1-185491325,S2,S2-563314886,Gold Software Pvt Ltd,গোল্ড সফটওয়্যার প্রাইভেট লিমিটেড,"Sh-2 Bl-A, Gr-Fr-467-Hldg, Surya Sen Pally Lp-162/15, Kolkata, Kolkata, Howrah, West Bengal","SH-2 BL-A, KOLKATA, West Bengal, HOWRAH",India,MISSED_BY_BLOCKING,J_cross_script_dba,"One entity in native Indic script, other in English with different brand phrasing",Indic transliteration + consonant skeleton + address key
S1-760608209,S2,S2-553651717,Chiropractic Partners Inc,Service Chiropractic Inc,"2350 Griffin Creek Road, Fl 1, Medford, OR","2192 GRIFFIN CREEK ROAD, MEDFORD, OR",US,MISSED_BY_BLOCKING,I_legal_suffix_dominating,Lexical divergence across commercial branding,Address component intersection
S1-839661205,S3,S3-382067340,Behavioral Health Center LLC,Veolum Labs doing business as Behavioral Health Center LLC,"1402 Elliott Court, Clarksville, TN","1402 Elliott Court, Clarksville, TN",US,MISSED_BY_BLOCKING,I_legal_suffix_dominating,Lexical divergence across commercial branding,Address component intersection
S1-839661205,S3,S3-309891655,Behavioral Health Center LLC,behavioralhealthcenter.com,"1402 Elliott Court, Clarksville, TN","1402 Elliott Ct, Clarksville, Tennessee",US,MISSED_BY_BLOCKING,C_website_domain_variation,Candidate name is a website/domain with unsegmented words while S1 is legal entity,Pass A: Strip TLD + token stem concatenation + address anchor
S1-825226270,S2,S2-992264377,Congregation Cathedral,cóngregationcathedral.com,"201 Camellia Hills Court, Weddington, NC","01 CAMELLIA HILLS COURT, WEDDINGTON, NC",US,MISSED_BY_BLOCKING,C_website_domain_variation,Candidate name is a website/domain with unsegmented words while S1 is legal entity,Pass A: Strip TLD + token stem concatenation + address anchor
S1-803001939,S3,S3-750301100,Longshoremen Local Union 77,Korbelo,"30 Elm Street, Old Town, ME","30 Elm Saint, Old Town, Maine",US,MISSED_BY_BLOCKING,B_brand_vs_parent_company,Short distinctive brand name vs multi-word parent company name,Single distinctive brand token + address door/plot number
S1-803001939,S3,S3-55589046,Longshoremen Local Union 77,Kelopyra,"30 Elm Street, Old Town, ME","30 Elm St, Old Town, Maine",US,MISSED_BY_BLOCKING,B_brand_vs_parent_company,Short distinctive brand name vs multi-word parent company name,Single distinctive brand token + address door/plot number
S1-939928083,S2,S2-684375872,Sentini & Sons Private Limited,sentinisons.com,"H. No. 7-1-636/31, F No. 102, Park View Apts, Ameerpet, Hyderabad, Telangana","H. NO. 9-1-636/31 , F NO. 102, PARK VIEW APTS, AMEERPET, Andhra Pradesh",India,MISSED_BY_BLOCKING,C_website_domain_variation,Candidate name is a website/domain with unsegmented words while S1 is legal entity,Pass A: Strip TLD + token stem concatenation + address anchor
S1-759928343,S3,S3-662179122,Back Alley Ice Cream Inc,Back Acley Ice Cream Inc,"Riverdale, 4201 River Road, MD, Unit 5099","4201 River Rd, Riverdael, Maryland",US,MISSED_BY_BLOCKING,I_legal_suffix_dominating,Lexical divergence across commercial branding,Address component intersection
S1-455065535,S2,S2-988601963,LK Bio Limited,#lkbi0,"Plot No.55, Welcome Society, Dabha, Nagpur (Urban), Nagpur, Maharashtra","NAGPUR (URBAN), DOOR NO ##55, NAGPUR, महाराष्ट्र",India,MISSED_BY_BLOCKING,B_brand_vs_parent_company,Short distinctive brand name vs multi-word parent company name,Single distinctive brand token + address door/plot number
S1-756886721,S3,S3-452811748,Kriya Holdings,Fluxaria,"Orissa, Jobra, Geeta Memorial Hospitalgmhatdasasahi, Cuttack","Cuttack, Jobra, Orissa, Geeta Memorial Hospitalgmhatdasasahi",India,MISSED_BY_BLOCKING,B_brand_vs_parent_company,Short distinctive brand name vs multi-word parent company name,Single distinctive brand token + address door/plot number
S1-756886721,S2,S2-212726025,Kriya Holdings,KIDRYA HOLDINGS,"Orissa, Jobra, Geeta Memorial Hospitalgmhatdasasahi, Cuttack","CUTTACK, JOBRA, GEETA MEMORIAL HOSPITALGMHATDASASLHI, Orissa",India,MISSED_BY_BLOCKING,I_legal_suffix_dominating,Lexical divergence across commercial branding,Address component intersection
S1-67110500,S2,S2-97598293,Urgent Care Peak Partners LLC,Urgent Cgrre Peak Partners LLC,"10201 Tannery Lane, Croghan, NY","TANNERY LANE, PMB 1935, CROGAN, NY",US,MISSED_BY_BLOCKING,I_legal_suffix_dominating,Lexical divergence across commercial branding,Address component intersection
S1-418602091,S2,S2-411689769,Premier Services Private Limited,प्रीमियर सर्विसेज प्राइवेट लिमिटेड,"Plot No.166, Sec. No.25, Apooghar Road, Nigdi, Pune, Maharashtra","PLOT NO.66, PUNE, Maharashtra",India,MISSED_BY_BLOCKING,J_cross_script_dba,"One entity in native Indic script, other in English with different brand phrasing",Indic transliteration + consonant skeleton + address key
S1-418602091,S3,S3-794141572,Premier Services Private Limited,प्रीमियर सर्विसेज प्राइवेट लिमिटेड,"Plot No.166, Sec. No.25, Apooghar Road, Nigdi, Pune, Maharashtra","Plot 678 456, Pune, MH",India,MISSED_BY_BLOCKING,J_cross_script_dba,"One entity in native Indic script, other in English with different brand phrasing",Indic transliteration + consonant skeleton + address key
S1-138739529,S2,S2-165489128,Smith Medical Center Corp,SMITH CENTER CORP PARTNERS,"214 Napoleon Road, Unit 215, Bowling Green, OH",,US,MISSED_BY_BLOCKING,G_empty_or_weak_address,"Address is empty or severely truncated, preventing composite address blocking",Distinctive multi-word name signature fallback (min length 10)
S1-905704570,S2,S2-206585075,Tirupati Foundation Private Limited,તિરુપતિ ફાઉન્ડેશન પ્રાઇવેટ લિમિટેડ,"A-510, Stellar, Sindhu Bhavan Road, Nr. Pakwan Cross Road, Bodakdev, Ahmedabad, Gujarat","A-10, AHMADABAD, AHMEDABAD, Gujarat",India,MISSED_BY_BLOCKING,J_cross_script_dba,"One entity in native Indic script, other in English with different brand phrasing",Indic transliteration + consonant skeleton + address key
S1-964798872,S3,S3-701496578,Black Developers Limited,ब्लैक डेवलपर्स लिमिटेड,"Plot No.78, 1St Floor, Dahanukarwadi, Datt Mandir Cross Road, Kandivali(West), Mumbai, Maharashtra","MH, Mumbai, Kandivali(west), Plot No.##78",India,MISSED_BY_BLOCKING,J_cross_script_dba,"One entity in native Indic script, other in English with different brand phrasing",Indic transliteration + consonant skeleton + address key
S1-748398865,S2,S2-181010914,High Industries Private Limited,हाई इंडस्ट्रीज प्राइवेट लिमिटेड,"A/4, Iii, Tree Shade C.H.S., Jeeva Mahale Road, Andheri (East), Mumbai, Mumbai City, Maharashtra","A/4, MUMBAI CITY, MUMBAI, Maharashtra",India,MISSED_BY_BLOCKING,J_cross_script_dba,"One entity in native Indic script, other in English with different brand phrasing",Indic transliteration + consonant skeleton + address key
S1-812948946,S3,S3-618017453,Maithan & Sons Pvt. Ltd.,maithansons.com,"Emmar Arcade, Puthanparambu, Tirurangadi, Malappuram, Malapuram, Kerala, 480/E","480/E, Malappuram, Malapuram, KL",India,MISSED_BY_BLOCKING,C_website_domain_variation,Candidate name is a website/domain with unsegmented words while S1 is legal entity,Pass A: Strip TLD + token stem concatenation + address anchor
S1-555737979,S3,S3-463357539,Pediatric Dental Clinic LLC,pediatricdentalclinic.com,"1892 Cardinal Circle, West Norriton Township, PA","892 Cardinal Circle, West Norriton Township, Pennsylvania",US,MISSED_BY_BLOCKING,C_website_domain_variation,Candidate name is a website/domain with unsegmented words while S1 is legal entity,Pass A: Strip TLD + token stem concatenation + address anchor
S1-625184406,S2,S2-250562706,Body Marketing Private Limited,bmprivate.com | www.bmprivate.com,"Flat No 2, Basundhara App, Gr-02, Jagacha Gip Colony, Bally Jagachha, Howrah, West Bengal","8, HOWRAH, পশ্চিমবঙ্গ",India,MISSED_BY_BLOCKING,D_website_redirect_weak_address,Domain name present but address is missing or disparate,Strict domain core exact match + country agreement
S1-665957316,S2,S2-231611785,Indo Solutions Pvt Ltd,Nylafaye,"G-148, Kalkaji, New Delhi, South Delhi, Delhi","G-248, NEW DELHI, SOUTH DELHI, Delhi",India,MISSED_BY_BLOCKING,B_brand_vs_parent_company,Short distinctive brand name vs multi-word parent company name,Single distinctive brand token + address door/plot number
S1-171232743,S3,S3-590337572,Services Tauras Investment Private Limited,Services Tuecm Investment Private Limited,"Bldg No. 218 / F, Madappatuparambil, Pannithadam, Chiramanangad P.O. Kunnamkulam, Thrissur, Kerala",,India,MISSED_BY_BLOCKING,G_empty_or_weak_address,"Address is empty or severely truncated, preventing composite address blocking",Distinctive multi-word name signature fallback (min length 10)
S1-171232743,S3,S3-636690699,Services Tauras Investment Private Limited,Services Tauraa Investment Private Limited,"Bldg No. 218 / F, Madappatuparambil, Pannithadam, Chiramanangad P.O. Kunnamkulam, Thrissur, Kerala",,India,MISSED_BY_BLOCKING,G_empty_or_weak_address,"Address is empty or severely truncated, preventing composite address blocking",Distinctive multi-word name signature fallback (min length 10)
S1-289543301,S3,S3-543615254,Internal Medicine Innovative Care PLLC,Internal,"1604 Creekview Drive, Clayton, NC","1604 Creekview Drive, Clayton, NC",US,MISSED_BY_BLOCKING,B_brand_vs_parent_company,Short distinctive brand name vs multi-word parent company name,Single distinctive brand token + address door/plot number
S1-781943999,S2,S2-488229934,Bright Bakery,Bright Blmakey,"Washington City, UT, Unit 24, 180 1100",,US,MISSED_BY_BLOCKING,G_empty_or_weak_address,"Address is empty or severely truncated, preventing composite address blocking",Distinctive multi-word name signature fallback (min length 10)
S1-656226670,S3,S3-767874925,Cook Rice Inc,Cálomirabrix,"1111 165th Street, South Holland, IL","01111 165rd Street, Illinois, South Holand",US,MISSED_BY_BLOCKING,B_brand_vs_parent_company,Short distinctive brand name vs multi-word parent company name,Single distinctive brand token + address door/plot number
S1-204552244,S2,S2-202813015,Pediatric Dentistry Associates LLC,Pediatric Dnrntlsrty Associates LLC,"Millcreek, 3510 Westwood Drive, UT","UT, MILLCREEK, 003510 Westwood Drive",US,MISSED_BY_BLOCKING,I_legal_suffix_dominating,Lexical divergence across commercial branding,Address component intersection
S1-705118055,S2,S2-574977697,Jarleus Idea Partners,#jarleusidea,"5013 62nd Street, Sapulpa, OK","OK, TULSA, 013 62ND STREET",US,MISSED_BY_BLOCKING,B_brand_vs_parent_company,Short distinctive brand name vs multi-word parent company name,Single distinctive brand token + address door/plot number
S1-979232639,S3,S3-478676800,Gujarat Systems,గుజరాత్ సిస్టమ్స్,"405, Minar Apartments, Deccan Towers, Basheerbagh, Hyderabad, Telangana","405, <NULL>, Hyderabad, TG",India,MISSED_BY_BLOCKING,J_cross_script_dba,"One entity in native Indic script, other in English with different brand phrasing",Indic transliteration + consonant skeleton + address key
S1-199554784,S2,S2-425339415,New Delhi Ai Private Limited,New Di Ai Private Limited,"New Delhi, Nhai Corporate Officeplot G-5 & 6 Sector -10 Dwarka, West Delhi, Delhi",,India,MISSED_BY_BLOCKING,G_empty_or_weak_address,"Address is empty or severely truncated, preventing composite address blocking",Distinctive multi-word name signature fallback (min length 10)
S1-338232407,S3,S3-630964099,Services Brilliant Services Limited,Services Brgilelatsimt Services  Limited,"S-12, 2Nd Floor, Malik Plaza Plot No 5, Sector-4, Dwarka, New Delhi, South West Delhi, Delhi","S-12, New Delhi, South West Delhi, दिल्ली",India,MISSED_BY_BLOCKING,I_legal_suffix_dominating,Lexical divergence across commercial branding,Address component intersection
S1-695615467,S3,S3-483158045,Supreme Consultants LLP,supremeconsu1tants.com,"Plot No 56, 1-100/8, Harsha Chamber Ayyappa Society, Madhapur, Hyderabad, Telangana","H.no A-56, Hyderabad Urban, Hyderabad, తెలంగాణ",India,MISSED_BY_BLOCKING,C_website_domain_variation,Candidate name is a website/domain with unsegmented words while S1 is legal entity,Pass A: Strip TLD + token stem concatenation + address anchor
S1-695615467,S2,S2-400839981,Supreme Consultants LLP,సుప్రీమ్ కన్సల్టెంట్స్ ఎల్‌ఎల్‌పీ,"Plot No 56, 1-100/8, Harsha Chamber Ayyappa Society, Madhapur, Hyderabad, Telangana","PLOT NO 56, HYDERABAD, Telangana",India,MISSED_BY_BLOCKING,J_cross_script_dba,"One entity in native Indic script, other in English with different brand phrasing",Indic transliteration + consonant skeleton + address key
S1-556931972,S3,S3-33279901,Physical Therapy Physicians Care,Physical Care Physicians Therapy,"1102 Stonelake Drive, Cleburne, TX","##1102 Stonelake Dr, Cleburne, Texas",US,MISSED_BY_BLOCKING,I_legal_suffix_dominating,Lexical divergence across commercial branding,Address component intersection
S1-184105088,S3,S3-25657097,Corley Computing,corleycomputing.com,"8277 1800th Avenue, Jewett, IL","8438 1/2 1800st Ave, Jewett, Illinois",US,MISSED_BY_BLOCKING,C_website_domain_variation,Candidate name is a website/domain with unsegmented words while S1 is legal entity,Pass A: Strip TLD + token stem concatenation + address anchor
S1-757724109,S3,S3-931996272,Red Agro Private Limited,রেড অ্যাগ্রো প্রাইভেট লিমিটেড,"2/1A, Sarat Bose Road, Lansdowne Towers, 4Th Flr, Kolkata, Kolkata, Howrah, West Bengal","2/1A, Howrah, Kolkata, WB",India,MISSED_BY_BLOCKING,J_cross_script_dba,"One entity in native Indic script, other in English with different brand phrasing",Indic transliteration + consonant skeleton + address key
S1-757724109,S3,S3-955075928,Red Agro Private Limited,রেড অ্যাগ্রো প্রাইভেট লিমিটেড,"2/1A, Sarat Bose Road, Lansdowne Towers, 4Th Flr, Kolkata, Kolkata, Howrah, West Bengal","2/1A, Sarat Bose Road, Lansdowne Towers, 4Th Flr, Kolkata, Kolkata, Howrah, পশ্চিমবঙ্গ",India,MISSED_BY_BLOCKING,J_cross_script_dba,"One entity in native Indic script, other in English with different brand phrasing",Indic transliteration + consonant skeleton + address key
S1-757724109,S2,S2-539942617,Red Agro Private Limited,রেড অ্যাগ্রো প্রাইভেট লিমিটেড,"2/1A, Sarat Bose Road, Lansdowne Towers, 4Th Flr, Kolkata, Kolkata, Howrah, West Bengal","2/1A, CALCUTTA, HOWRAH, পশ্চিমবঙ্গ",India,MISSED_BY_BLOCKING,J_cross_script_dba,"One entity in native Indic script, other in English with different brand phrasing",Indic transliteration + consonant skeleton + address key
S1-757724109,S2,S2-597857710,Red Agro Private Limited,রেড অ্যাগ্রো প্রাইভেট লিমিটেড,"2/1A, Sarat Bose Road, Lansdowne Towers, 4Th Flr, Kolkata, Kolkata, Howrah, West Bengal","2/1A, CALCUTTA, HOWRAH, West Bengal",India,MISSED_BY_BLOCKING,J_cross_script_dba,"One entity in native Indic script, other in English with different brand phrasing",Indic transliteration + consonant skeleton + address key
S1-84404240,S2,S2-546552546,D S & T Islands Inc,D S & T Islonads Inc,"320 South Street, Fostoria, OH","338-B SOUTH STREET, FOSTORIA, OH",US,MISSED_BY_BLOCKING,I_legal_suffix_dominating,Lexical divergence across commercial branding,Address component intersection
S1-936157856,S2,S2-302609562,Best Hospitality Private Limited,ബെസ്റ്റ് ഹോസ്പിറ്റാലിറ്റി പ്രൈവറ്റ് ലിമിറ്റഡ്,"Tc 12/282, Plammoodu - Thekummoodu Road, Pattom P.O., Thiruvananthapuram, Trivandrum, Kerala","TC 12/282/2, TRIVANDRUM, Kerala",India,MISSED_BY_BLOCKING,J_cross_script_dba,"One entity in native Indic script, other in English with different brand phrasing",Indic transliteration + consonant skeleton + address key
S1-683534190,S2,S2-152912300,Physical Therapy Clinic,PHYSICAL TERY CLINIC,"1742 17th Avenue, Eugene, OR","1742 17TH AVE, EUGENE CITY, OR",US,MISSED_BY_BLOCKING,I_legal_suffix_dominating,Lexical divergence across commercial branding,Address component intersection
S1-749766134,S2,S2-163878429,Aditya It Private Limited,আদিত্য আইটি প্রাইভেট লিমিটেড,"84/1, Jelia Para Lane P. S. Golabari, Howrah, West Bengal","84/1, HOWRAH, null, West Bengal",India,MISSED_BY_BLOCKING,J_cross_script_dba,"One entity in native Indic script, other in English with different brand phrasing",Indic transliteration + consonant skeleton + address key
S1-749766134,S3,S3-329070717,Aditya It Private Limited,আদিত্য আইটি প্রাইভেট লিমিটেড,"84/1, Jelia Para Lane P. S. Golabari, Howrah, West Bengal","6-84/1, Howrah, WB",India,MISSED_BY_BLOCKING,J_cross_script_dba,"One entity in native Indic script, other in English with different brand phrasing",Indic transliteration + consonant skeleton + address key
S1-291280879,S3,S3-890979959,Shivam Management,சிவம் மேனேஜ்மெண்ட்,"New No.5, Old No.3, Smith Lane Anna Salai, Chennai, Tamil Nadu","Chennai, TN, Chennai, New No.5",India,MISSED_BY_BLOCKING,J_cross_script_dba,"One entity in native Indic script, other in English with different brand phrasing",Indic transliteration + consonant skeleton + address key
S1-291280879,S3,S3-777038472,Shivam Management,சிவம் மேனேஜ்மெண்ட்,"New No.5, Old No.3, Smith Lane Anna Salai, Chennai, Tamil Nadu","Chennai, Door No 5, TN",India,MISSED_BY_BLOCKING,J_cross_script_dba,"One entity in native Indic script, other in English with different brand phrasing",Indic transliteration + consonant skeleton + address key
S1-695566958,S3,S3-658465955,Foot & Ankle Express Care Associates,Footankleexpress.Com,"5742 Wayne Memorial Drive, Pikeville, NC","North Carolina, 5742 Wayne Memorial Dr, Pikeville",US,MISSED_BY_BLOCKING,C_website_domain_variation,Candidate name is a website/domain with unsegmented words while S1 is legal entity,Pass A: Strip TLD + token stem concatenation + address anchor
S1-593287812,S2,S2-382989211,Ace Consultancy Private Limited,എയ്സ് കൺസൾട്ടൻസി പ്രൈവറ്റ് ലിമിറ്റഡ്,"Kerala, Palakkad, Thrissur, The Govardhana Holiday Village111/413 Rock Garden Road Malampuzha Dam P O","THE GOVARDHANA HOLIDAY VILLAGE111/413 ROCK GARDEN ROAD MALAMPUZHA DAM P O, PALAKKAD, THRISSUR, Kerala",India,MISSED_BY_BLOCKING,J_cross_script_dba,"One entity in native Indic script, other in English with different brand phrasing",Indic transliteration + consonant skeleton + address key
S1-593287812,S2,S2-46169967,Ace Consultancy Private Limited,Ace Cognsdltancy Private Limited (ID: 44168),"Kerala, Palakkad, Thrissur, The Govardhana Holiday Village111/413 Rock Garden Road Malampuzha Dam P O",,India,MISSED_BY_BLOCKING,G_empty_or_weak_address,"Address is empty or severely truncated, preventing composite address blocking",Distinctive multi-word name signature fallback (min length 10)
S1-593287812,S3,S3-942889684,Ace Consultancy Private Limited,എയ്സ് കൺസൾട്ടൻസി പ്രൈവറ്റ് ലിമിറ്റഡ്,"Kerala, Palakkad, Thrissur, The Govardhana Holiday Village111/413 Rock Garden Road Malampuzha Dam P O","The Govardhana Holiday Village111/413 Rock Gadren Road Malampuzha Dam P O, Palakkad, KL",India,MISSED_BY_BLOCKING,J_cross_script_dba,"One entity in native Indic script, other in English with different brand phrasing",Indic transliteration + consonant skeleton + address key
S1-894815311,S3,S3-342997548,Balaji Marketing Private Limited,বালাজি মার্কেটিং প্রাইভেট লিমিটেড,"12, Shib Chandra Chatterjee Street Belurmath, Belur, Howrah, West Bengal","WB, Howrah, #12",India,MISSED_BY_BLOCKING,J_cross_script_dba,"One entity in native Indic script, other in English with different brand phrasing",Indic transliteration + consonant skeleton + address key
S1-638252846,S2,S2-171179881,Apex Technology Limited,एपेक्स टेक्नोलॉजी लिमिटेड,"Indore, Madhya Pradesh, Survey No. 101/5 Village Lasudiya Mori, Indore","DOOR NO 101/5 VILLAGE LASDIYA MORI, NULL, INDORE, Madhya Pradesh",India,MISSED_BY_BLOCKING,J_cross_script_dba,"One entity in native Indic script, other in English with different brand phrasing",Indic transliteration + consonant skeleton + address key
S1-638252846,S2,S2-748021495,Apex Technology Limited,एपेक्स टेक्नोलॉजी लिमिटेड,"Indore, Madhya Pradesh, Survey No. 101/5 Village Lasudiya Mori, Indore","DOOR NO 101/5 VILLAGE LASUDIYA MORI, NULL, INDORE, मध्य प्रदेश",India,MISSED_BY_BLOCKING,J_cross_script_dba,"One entity in native Indic script, other in English with different brand phrasing",Indic transliteration + consonant skeleton + address key
S1-828872098,S2,S2-744321827,American Fellowship,americanfellowship.com,"31568 Winterberry Parkway, Unit 209, Selbyville, DE","31568 WILTERBERRY PKWY, SELBYVILLE, DE",US,MISSED_BY_BLOCKING,C_website_domain_variation,Candidate name is a website/domain with unsegmented words while S1 is legal entity,Pass A: Strip TLD + token stem concatenation + address anchor
S1-617916374,S3,S3-152776466,Cleveland Creative Oil,clevelandcreativeoil.com,"12502 Cooley Avenue, Cleveland, OH","1250 Cooley Ave, Clveeland, Ohio",US,MISSED_BY_BLOCKING,C_website_domain_variation,Candidate name is a website/domain with unsegmented words while S1 is legal entity,Pass A: Strip TLD + token stem concatenation + address anchor
S1-284938229,S2,S2-34169267,Jain Ventures Private Limited,ಜೈನ್ ವೆಂಚರ್ಸ್ ಪ್ರೈವೇಟ್ ಲಿಮಿಟೆಡ್,"#313, J.C. Extension, Vijayapur, Devanhalli Ta, Luk, Vagdevi Nilaya, Bangalore, Karnataka, Bangalore","VAGDEVI NILAYA, BANGALORE, Karnataka",India,MISSED_BY_BLOCKING,J_cross_script_dba,"One entity in native Indic script, other in English with different brand phrasing",Indic transliteration + consonant skeleton + address key
S1-606109978,S3,S3-558509835,Dynamic Technologies Private Limited,Dynamic Dynamic Technologies Prvonet Limited,"C-4, Madhikar Garh Colony, Tehsil, Kotputli, Jaipur, Rajasthan",,India,MISSED_BY_BLOCKING,G_empty_or_weak_address,"Address is empty or severely truncated, preventing composite address blocking",Distinctive multi-word name signature fallback (min length 10)
S1-507016566,S3,S3-183842606,Laxmi Decors Private Limited,Laxmidecors.Com,"Door No 4/72, Paittakulam Oliyappuram P.O, Koothattukulam, Ernakulam, Kerala","Door No 2/72, Paittakulam Oliyappuram P.o, Ernakulam, Koothattukulam, Keralam",India,MISSED_BY_BLOCKING,C_website_domain_variation,Candidate name is a website/domain with unsegmented words while S1 is legal entity,Pass A: Strip TLD + token stem concatenation + address anchor
S1-27188964,S3,S3-339853582,Internal Medicine Partners LLC,Interna1 Medicine Partners,"3938 Byram Avenue, Indianapolis, IN","3938 Byram Ave, Indianapolis, Indiana",US,MISSED_BY_BLOCKING,I_legal_suffix_dominating,Lexical divergence across commercial branding,Address component intersection
S1-533002349,S3,S3-701952918,Aditya Investments Limited,आदित्य इन्वेस्टमेंट्स लिमिटेड,"South West Delhi, Delhi, Kh No. 20/2/21/2 Rz-93J G Floor Telephone Exchange Road Samalkha","Kh No. 20/2/21/2 Rz-93j G Floor Telepoone Exchange Road Samalkha, Delhi, South West Delhi, DL",India,MISSED_BY_BLOCKING,J_cross_script_dba,"One entity in native Indic script, other in English with different brand phrasing",Indic transliteration + consonant skeleton + address key
S1-237177847,S3,S3-538637647,Laborers Union Local No 454,laborersunionlocal.com,"100 Brahman Road, Magdalena, NM","Brahman Rd, Magdalena, New Mexico",US,MISSED_BY_BLOCKING,C_website_domain_variation,Candidate name is a website/domain with unsegmented words while S1 is legal entity,Pass A: Strip TLD + token stem concatenation + address anchor
S1-338741452,S3,S3-273630144,"Dermatology Medicine, Inc",medicinedermatology.com,"2121 Legacy Lane, City Of Madison, WI","Legacy Ln, Madisson, Wisconsin",US,MISSED_BY_BLOCKING,C_website_domain_variation,Candidate name is a website/domain with unsegmented words while S1 is legal entity,Pass A: Strip TLD + token stem concatenation + address anchor
S1-574308285,S3,S3-875723263,Atlantic Coalition,Atlantic  Center,"104 Noel Cove Circle, Nashville, TN","Noel Cove Cir, Hermitage, Tennessee",US,MISSED_BY_BLOCKING,I_legal_suffix_dominating,Lexical divergence across commercial branding,Address component intersection
S1-166510323,S2,S2-623938316,White Power Private Limited,વ્હાઇટ પાવર પ્રાઇવેટ લિમિટેડ,"611, J. B. Tower, Opp. Doordarshan Kendra, Ahmadabad City, Ahmedabad, Gujarat","11, J. B. TOWER, OPP. DOORDARSHAN KENDRA, AHMEDABAD, Gujarat",India,MISSED_BY_BLOCKING,J_cross_script_dba,"One entity in native Indic script, other in English with different brand phrasing",Indic transliteration + consonant skeleton + address key
S1-166510323,S2,S2-663097256,White Power Private Limited,વ્હાઇટ પાવર પ્રાઇવેટ લિમિટેડ,"611, J. B. Tower, Opp. Doordarshan Kendra, Ahmadabad City, Ahmedabad, Gujarat","11, J. B. TOWER, OPP. DOORDARSHAN KENDRA, AHMEDABAD, Gujarat",India,MISSED_BY_BLOCKING,J_cross_script_dba,"One entity in native Indic script, other in English with different brand phrasing",Indic transliteration + consonant skeleton + address key
S1-190941677,S2,S2-170049056,Urgent Care Medicine Inc,Urgent Medicine Medicine Care Inc,"1842 Clifty Drive, Madison, IN","1842 CLIFTY DR, MADISON, IN",US,MISSED_BY_BLOCKING,I_legal_suffix_dominating,Lexical divergence across commercial branding,Address component intersection
S1-379191085,S3,S3-790614096,Gold Enterprises Private Limited,Wexnex One t/a Gold Enterprises Private Limited,"Uttar Pradesh, Gautam Buddha Nagar, Greater Noida, Tugalpur, Metro Piller No.P-828 Near Pari Chowk, Office No.18","Office No.18, Tugalpur, Metro Piller No.P-828 Near Pari Chowk, Greater Noida, Gautam Buddha Nagar, Uttar Pradesh",India,MISSED_BY_BLOCKING,I_legal_suffix_dominating,Lexical divergence across commercial branding,Address component intersection
S1-442158893,S3,S3-642711293,Life Software Limited,लाइफ सॉफ्टवेयर लिमिटेड,"Patel Group Ofinstitution, Campus Vill Ratibad, Bhopal, Madhya Pradesh","Patel Group Ofinstitution, Campus Vill Ratibad, Bhopal, MP",India,MISSED_BY_BLOCKING,J_cross_script_dba,"One entity in native Indic script, other in English with different brand phrasing",Indic transliteration + consonant skeleton + address key
S1-220812052,S3,S3-401990901,Southern Technology Private Limited,Southerntechnology.Com,"Jaipur, Rajasthan, Kalyanpura Khurd, C/O Mukesh Kumar Gurjar, Jaipur","C/o Mukesh Kumar Gurjar, Kalyanpura Khurd, Jaipur, राजस्थान",India,MISSED_BY_BLOCKING,C_website_domain_variation,Candidate name is a website/domain with unsegmented words while S1 is legal entity,Pass A: Strip TLD + token stem concatenation + address anchor
S1-220812052,S3,S3-455012668,Southern Technology Private Limited,सदर्न टेक्नोलॉजी प्राइवेट लिमिटेड,"Jaipur, Rajasthan, Kalyanpura Khurd, C/O Mukesh Kumar Gurjar, Jaipur","C/o Mukesh Kumar Gurjar, Jaipur, राजस्थान",India,MISSED_BY_BLOCKING,J_cross_script_dba,"One entity in native Indic script, other in English with different brand phrasing",Indic transliteration + consonant skeleton + address key
S1-220812052,S3,S3-722613867,Southern Technology Private Limited,southerntechnology.com,"Jaipur, Rajasthan, Kalyanpura Khurd, C/O Mukesh Kumar Gurjar, Jaipur","C/o Mukesh Kumar Gurjar, Kalyanpura Khurd, Jaipur, RJ",India,MISSED_BY_BLOCKING,C_website_domain_variation,Candidate name is a website/domain with unsegmented words while S1 is legal entity,Pass A: Strip TLD + token stem concatenation + address anchor
S1-220812052,S3,S3-653334585,Southern Technology Private Limited,Southern Tecmnlrhy Private (Limited),"Jaipur, Rajasthan, Kalyanpura Khurd, C/O Mukesh Kumar Gurjar, Jaipur","Jaipur, C/o Mukesh Kumar Gurjar, RJ, Jaipur",India,MISSED_BY_BLOCKING,I_legal_suffix_dominating,Lexical divergence across commercial branding,Address component intersection
S1-220812052,S3,S3-333092323,Southern Technology Private Limited,Dr Southern Techno1ogy-Private Ltd,"Jaipur, Rajasthan, Kalyanpura Khurd, C/O Mukesh Kumar Gurjar, Jaipur","RJ, Kalyanpura Khurd, C/o Mukesh Kumar Gurjar, Jaipur",India,MISSED_BY_BLOCKING,I_legal_suffix_dominating,Lexical divergence across commercial branding,Address component intersection
S1-220812052,S2,S2-138170580,Southern Technology Private Limited,सदर्न टेक्नोलॉजी प्राइवेट लिमिटेड,"Jaipur, Rajasthan, Kalyanpura Khurd, C/O Mukesh Kumar Gurjar, Jaipur","C/O MUKESH KUMAR GURJAR, KALYANPURA KHURD, JAIPUR, Rajasthan",India,MISSED_BY_BLOCKING,J_cross_script_dba,"One entity in native Indic script, other in English with different brand phrasing",Indic transliteration + consonant skeleton + address key
S1-220812052,S2,S2-99641130,Southern Technology Private Limited,सदर्न टेक्नोलॉजी प्राइवेट लिमिटेड,"Jaipur, Rajasthan, Kalyanpura Khurd, C/O Mukesh Kumar Gurjar, Jaipur","C/O MUKESH KUMAR GURJAR, KALYANPURA KHURD, JAIPUR, Rajasthan",India,MISSED_BY_BLOCKING,J_cross_script_dba,"One entity in native Indic script, other in English with different brand phrasing",Indic transliteration + consonant skeleton + address key
S1-410313393,S2,S2-244510763,Eta & Co,Eta &,"Dhiraj Dreams Apl Millbldg No.1/C Flat No. 803, Bhandup, Mumbai, Mumbai City, Maharashtra",,India,MISSED_BY_BLOCKING,G_empty_or_weak_address,"Address is empty or severely truncated, preventing composite address blocking",Distinctive multi-word name signature fallback (min length 10)
S1-420343429,S3,S3-318314233,Vision Infotech Private Limited,विजन इंफोटेक प्राइवेट लिमिटेड,"Borivali East, Mumbai, Flat No.502, Maharashtra, B Wing, Priya B Wing, Kasturba Road, Near Mahavir Photo Studio","502, B Wing, Priya B Wing, Kasturba Road, Near Mahavir Photo Studio, Borivali East, Mumbai, MH",India,MISSED_BY_BLOCKING,J_cross_script_dba,"One entity in native Indic script, other in English with different brand phrasing",Indic transliteration + consonant skeleton + address key
S1-122129571,S2,S2-76877801,Metropolitan Equity Partners Inc,partnersequitymetropolitan.com,"8352 143rd Street, Apple Valley, MN","8352-8354 143ST ST, SAINT PAUL, MN",US,MISSED_BY_BLOCKING,C_website_domain_variation,Candidate name is a website/domain with unsegmented words while S1 is legal entity,Pass A: Strip TLD + token stem concatenation + address anchor
S1-122129571,S3,S3-831671026,Metropolitan Equity Partners Inc,partnersequitymetropolitan.com,"8352 143rd Street, Apple Valley, MN","8352c 143rd St, Apple Valley, Minnesota",US,MISSED_BY_BLOCKING,C_website_domain_variation,Candidate name is a website/domain with unsegmented words while S1 is legal entity,Pass A: Strip TLD + token stem concatenation + address anchor
S1-307962633,S2,S2-415653047,Historical Committee Inc.,HÍSTORICALCOMMITTEE.COM,"3823 Hidden Cove Court, Rockwall, TX","HIDDEN COVE CT, PMB 4364, ROCKWWALL, TX",US,MISSED_BY_BLOCKING,C_website_domain_variation,Candidate name is a website/domain with unsegmented words while S1 is legal entity,Pass A: Strip TLD + token stem concatenation + address anchor
S1-72310418,S3,S3-731160199,Burger Solution Limited,Burgersolution.Com,"Flat No. A702, 1St Main, Mantri Classic, 8Th Cross S.T. Bed Layout, Koramangala, Bangalore, Karnataka","Flat No. A702, Bangalore, KA",India,MISSED_BY_BLOCKING,D_website_redirect_weak_address,Domain name present but address is missing or disparate,Strict domain core exact match + country agreement
S1-318373630,S2,S2-660036492,Red Ventures Private Limited,रेड वेंचर्स प्राइवेट लिमिटेड,"Rajasthan, Jaipur, Banipark, Gokul Apartment, E-3A Kanti Chandra Road, G-1","G-1, BANIPARK, JAIPUR, Rajasthan",India,MISSED_BY_BLOCKING,J_cross_script_dba,"One entity in native Indic script, other in English with different brand phrasing",Indic transliteration + consonant skeleton + address key
S1-22342832,S3,S3-452834252,Kharar Sons Private Limited,khararsons.com,"H No-2-Ground Floor, Aero Homes, Vill Jandpur, Kharar, Rupnagar, Punjab","H No-2-ground Floor, Kharar, Rupnagar, PB",India,MISSED_BY_BLOCKING,C_website_domain_variation,Candidate name is a website/domain with unsegmented words while S1 is legal entity,Pass A: Strip TLD + token stem concatenation + address anchor
S1-99545264,S3,S3-758264499,Digital Infra Limited,ಡಿಜಿಟಲ್ ಇನ್‌ಫ್ರಾ ಲಿಮಿಟೆಡ್,"No 3/A, 3Rd Cross, Adityanagar, 1St Stg, Chick Beettahalli, Vidyaranyapura, Bangalore, Karnataka","No 4/A, Bangalore, KA",India,MISSED_BY_BLOCKING,J_cross_script_dba,"One entity in native Indic script, other in English with different brand phrasing",Indic transliteration + consonant skeleton + address key
S1-440773087,S3,S3-975756508,Rgi Institute of Technology,Caloaria,"Site No. 3, 2Nd Floor, Kiadb Main Road, Opp. Bwssb, 2Nd Phase, Karnataka, Bangalore, Bangalore North, Plot No. 3B","Bangalore North, KA, Site No. 3, 2Nd Floor, Kiadb Main Road, Opp. Bwssb, 2Nd Phase, Bangalore, Door No 3B",India,MISSED_BY_BLOCKING,B_brand_vs_parent_company,Short distinctive brand name vs multi-word parent company name,Single distinctive brand token + address door/plot number
S1-990472920,S2,S2-948256544,Green Business Limited,ग्रीन बिजनेस लिमिटेड,"Plot No-55, Rsc-11, Room No. A-16, Mhada Complex, Malwani Malad(W), Mumbai M, Aharashtra, Mumbai, Mumbai City, Maharashtra","Maharashtra, MUMBAI CITY, PLOT NO-55, MUMBAI",India,MISSED_BY_BLOCKING,J_cross_script_dba,"One entity in native Indic script, other in English with different brand phrasing",Indic transliteration + consonant skeleton + address key
S1-805742318,S2,S2-854343841,Dream Builders Private Limited,ড্রিম বিল্ডার্স প্রাইভেট লিমিটেড,"Upper Bagdogra, Opposite Bus Stand, P.O & P.S-Bagdogra, Phansidewa, Darjiling, Darjeeling, West Bengal","UPPER BAGDOGRA, OPPOSITE BUS STAND, P.O & P.S-BAGDOGRA, PHANSIDEWA, DARJEELING, DARJILING, West Bengal",India,MISSED_BY_BLOCKING,J_cross_script_dba,"One entity in native Indic script, other in English with different brand phrasing",Indic transliteration + consonant skeleton + address key
S1-805742318,S3,S3-572546572,Dream Builders Private Limited,ড্রিম বিল্ডার্স প্রাইভেট লিমিটেড,"Upper Bagdogra, Opposite Bus Stand, P.O & P.S-Bagdogra, Phansidewa, Darjiling, Darjeeling, West Bengal","Upper Bagdogra, Darjiling, Darjeeling, পশ্চিমবঙ্গ",India,MISSED_BY_BLOCKING,J_cross_script_dba,"One entity in native Indic script, other in English with different brand phrasing",Indic transliteration + consonant skeleton + address key
S1-805742318,S3,S3-801675941,Dream Builders Private Limited,ড্রিম বিল্ডার্স প্রাইভেট লিমিটেড,"Upper Bagdogra, Opposite Bus Stand, P.O & P.S-Bagdogra, Phansidewa, Darjiling, Darjeeling, West Bengal","Upper Bagdoira, Darjiling, Opposite Bus Stand, P.o & P.s-bagdogra, Phansidewa, WB, Darjeeling",India,MISSED_BY_BLOCKING,J_cross_script_dba,"One entity in native Indic script, other in English with different brand phrasing",Indic transliteration + consonant skeleton + address key
S1-805742318,S3,S3-181744190,Dream Builders Private Limited,ড্রিম বিল্ডার্স প্রাইভেট লিমিটেড,"Upper Bagdogra, Opposite Bus Stand, P.O & P.S-Bagdogra, Phansidewa, Darjiling, Darjeeling, West Bengal","Upper Bagdogra, WB, Darjiling, Darjeeling",India,MISSED_BY_BLOCKING,J_cross_script_dba,"One entity in native Indic script, other in English with different brand phrasing",Indic transliteration + consonant skeleton + address key
S1-203630413,S2,S2-788795133,Universal Big Trading Pvt Ltd,यूनिवर्सल बिग ट्रेडिंग प्रा. लि.,"300, Bharat Nagar, Pal Road, Jodhpur, Rajasthan","Rajasthan, BHARAT NAGAR, PAL ROAD, 00, JODHPUR",India,MISSED_BY_BLOCKING,J_cross_script_dba,"One entity in native Indic script, other in English with different brand phrasing",Indic transliteration + consonant skeleton + address key
S1-598570539,S3,S3-289095996,Big Marketing Private Limited,ബിഗ് മാർക്കറ്റിംഗ് പ്രൈവറ്റ് ലിമിറ്റഡ്,"Edappilly, Ernakulam, Firstfloor, Oryxarcade, Vmbroadpathadipalam, Kerala, Doorno.2 (Municipalno.30/123C4)","Doorno.2 (Municipalno.30/123C4), Kerlala, <NULL>, KL",India,MISSED_BY_BLOCKING,J_cross_script_dba,"One entity in native Indic script, other in English with different brand phrasing",Indic transliteration + consonant skeleton + address key
S1-917191374,S3,S3-563195617,Guru Management Private Limited,गुरु मैनेजमेंट प्राइवेट लिमिटेड,"B-1/637, Ground Floor, Janakpuri, New Delhi, West Delhi, Delhi","B-1/637, E Eh, West Delhi, DL",India,MISSED_BY_BLOCKING,J_cross_script_dba,"One entity in native Indic script, other in English with different brand phrasing",Indic transliteration + consonant skeleton + address key
S1-937356823,S3,S3-41801400,Vision Global Private Limited,Vision Global Limited [Services],"Balaji Towers', No. 9/1A/1, Hotgi Road, Aasara Chowk, Solapur, Solapur, Maharashtra","Brlaji Towers', Solapur, महाराष्ट्र",India,MISSED_BY_BLOCKING,I_legal_suffix_dominating,Lexical divergence across commercial branding,Address component intersection
S1-937356823,S2,S2-333278601,Vision Global Private Limited,विजन ग्लोबल प्राइवेट लिमिटेड,"Balaji Towers', No. 9/1A/1, Hotgi Road, Aasara Chowk, Solapur, Solapur, Maharashtra","BALAJI TOWERS', SOLAPUR, Maharashtra",India,MISSED_BY_BLOCKING,J_cross_script_dba,"One entity in native Indic script, other in English with different brand phrasing",Indic transliteration + consonant skeleton + address key
S1-937356823,S2,S2-59753567,Vision Global Private Limited,विजन ग्लोबल प्राइवेट लिमिटेड,"Balaji Towers', No. 9/1A/1, Hotgi Road, Aasara Chowk, Solapur, Solapur, Maharashtra","BALAJI TOWERS', SOLAPUR, Maharashtra",India,MISSED_BY_BLOCKING,J_cross_script_dba,"One entity in native Indic script, other in English with different brand phrasing",Indic transliteration + consonant skeleton + address key
S1-486106344,S3,S3-427582449,Arihant Trading Limited,અરિહંત ટ્રેડિંગ લિમિટેડ,"Sf 203, 84 Dhananjay Society, Near Stadium, Gujarat, Pooja Upavan-Ii, Vadodara","Pooja Upavan-ii, Vadodara, ગુજરાત",India,MISSED_BY_BLOCKING,J_cross_script_dba,"One entity in native Indic script, other in English with different brand phrasing",Indic transliteration + consonant skeleton + address key
S1-445868199,S3,S3-527067015,Physical Therapy Group Inc,Physicaltherapygroup.Com,"7311 Madison Commons Lane, Houston, TX","Texas, 7311 Madison Commons Lane, Houston",US,MISSED_BY_BLOCKING,C_website_domain_variation,Candidate name is a website/domain with unsegmented words while S1 is legal entity,Pass A: Strip TLD + token stem concatenation + address anchor
S1-267071757,S2,S2-72196607,First Technology Private Limited,फर्स्ट टेक्नोलॉजी प्राइवेट लिमिटेड,"Bhigwan Road, Gurusadan Socytal, Baramati Dist, Pune, Maharashtra","BHIGWAN ROAD, PUNE, Maharashtra",India,MISSED_BY_BLOCKING,J_cross_script_dba,"One entity in native Indic script, other in English with different brand phrasing",Indic transliteration + consonant skeleton + address key
S1-267071757,S3,S3-304299787,First Technology Private Limited,First Private Limited Services,"Bhigwan Road, Gurusadan Socytal, Baramati Dist, Pune, Maharashtra","Bhigwan Road, Pune, MH",India,MISSED_BY_BLOCKING,I_legal_suffix_dominating,Lexical divergence across commercial branding,Address component intersection
S1-102206723,S2,S2-932550817,Physical Therapy Heartland Clinic,Physica1-Therapy Heartland Clinic,"950 Woodland Avenue, Unit 5, Ojai, CA","##950 WOODLAND AVENUE, NULL, OJAI, CA",US,MISSED_BY_BLOCKING,I_legal_suffix_dominating,Lexical divergence across commercial branding,Address component intersection
S1-814449478,S2,S2-632234023,Waterlink Seva Samiti,Kelovantagequo,"S-3 Jethuli Kacchidargah Fatwah, Patna, Bihar","S-3 JETHULI KACCHIDARGAH FATWAH, PATNA, FATUHA, Bihar",India,MISSED_BY_BLOCKING,B_brand_vs_parent_company,Short distinctive brand name vs multi-word parent company name,Single distinctive brand token + address door/plot number
S1-301525050,S3,S3-684927566,Bangalore Bright Limited,Bangalore Limited Service,"Bangalore, Flat No 309, 3Rd Floor, Sashank Avaas Building, Shamrajpura, Vidya, Rayan Post, Karnataka, Bangalore","Bengaluru, Flat No 09, KA, Bangalore",India,MISSED_BY_BLOCKING,I_legal_suffix_dominating,Lexical divergence across commercial branding,Address component intersection
S1-444158593,S3,S3-318170006,Housing Project,housingproject.com,"36 Beechwood Avenue, Lakeville, MA","Beechwood Avenue, Lakeville, Massachusetts",US,MISSED_BY_BLOCKING,C_website_domain_variation,Candidate name is a website/domain with unsegmented words while S1 is legal entity,Pass A: Strip TLD + token stem concatenation + address anchor
S1-289148559,S2,S2-587353255,Maisie Potter Platinum Abacus LLC,Jaxyuma,"402 6th Street, Altoona, IA","SIXTH STREET, PO BOX 324, ALTOONA, IA",US,MISSED_BY_BLOCKING,B_brand_vs_parent_company,Short distinctive brand name vs multi-word parent company name,Single distinctive brand token + address door/plot number
S1-418041254,S3,S3-431950810,KS Tri-State Indonesia Inc.,kstristateind0nesia.com,"607 4th Street, Ozark, AR","Fourth Saint, Ozark, Arkansas",US,MISSED_BY_BLOCKING,D_website_redirect_weak_address,Domain name present but address is missing or disparate,Strict domain core exact match + country agreement
S1-418041254,S2,S2-521213362,KS Tri-State Indonesia Inc.,KS Tf-itate Indonesia (Inc.),"607 4th Street, Ozark, AR","4TH STREET, OZARK, AR",US,MISSED_BY_BLOCKING,I_legal_suffix_dominating,Lexical divergence across commercial branding,Address component intersection
S1-623955230,S2,S2-633071443,South It Limited,সাউথ আইটি লিমিটেড,"Nachan Road Kanak Bhawan, Benachity, Durgapur, Bardhaman, West Bengal","DURGAPUR, NACHAN ROAD KANAK BHAWAN, BENACHITY, পশ্চিমবঙ্গ, BARDHAMAN",India,MISSED_BY_BLOCKING,J_cross_script_dba,"One entity in native Indic script, other in English with different brand phrasing",Indic transliteration + consonant skeleton + address key
S1-508931463,S2,S2-738479992,Smart Tech Private Limited,स्मार्ट टेक प्राइवेट लिमिटेड,"H. No. 1574, Sector 9-11 Near Vita Milk Booth, Hisar, Hisar, Hissar, Haryana","Haryana, 1574, HISAR, HISSAR, SECTOR 9-11 NEAR VITA MILK BOOTH, HISAR",India,MISSED_BY_BLOCKING,J_cross_script_dba,"One entity in native Indic script, other in English with different brand phrasing",Indic transliteration + consonant skeleton + address key
S1-508931463,S2,S2-224450087,Smart Tech Private Limited,स्मार्ट टेक प्राइवेट लिमिटेड,"H. No. 1574, Sector 9-11 Near Vita Milk Booth, Hisar, Hisar, Hissar, Haryana","H. NO. 1574, HISAR, Haryana, HISSAR, SECTOR 9-11 NEAR VITA MILK BOOTH, HISAR",India,MISSED_BY_BLOCKING,J_cross_script_dba,"One entity in native Indic script, other in English with different brand phrasing",Indic transliteration + consonant skeleton + address key
S1-585623923,S3,S3-236104359,Silver Foundation Private Limited,சில்வர் ஃபவுண்டேஷன் பிரைவேட் லிமிடெட்,"Ambattur, Kaladipet Market, Tamil Nadu, No.84 Sannathi Street, Tiruvallur","Kaladipet Market, Tiruvallur, Ambattur, TN, No.85 Sannathi Street",India,MISSED_BY_BLOCKING,J_cross_script_dba,"One entity in native Indic script, other in English with different brand phrasing",Indic transliteration + consonant skeleton + address key
S1-585623923,S3,S3-175095939,Silver Foundation Private Limited,சில்வர் ஃபவுண்டேஷன் பிரைவேட் லிமிடெட்,"Ambattur, Kaladipet Market, Tamil Nadu, No.84 Sannathi Street, Tiruvallur","85 Sannathi Street, Kaladipet Market, Tiruvallur, Ambattur, TN",India,MISSED_BY_BLOCKING,J_cross_script_dba,"One entity in native Indic script, other in English with different brand phrasing",Indic transliteration + consonant skeleton + address key
S1-834887816,S2,S2-224985318,Shiva Hospitality Private Limited,शिवा हॉस्पिटैलिटी प्राइवेट लिमिटेड,"510, 5Th Floor, M3M Urbana Golf Course Extension Road, Sector-67, Gurgaon, Haryana","HN 901 510, GURGAON, SOHNA ROAD, Haryana",India,MISSED_BY_BLOCKING,J_cross_script_dba,"One entity in native Indic script, other in English with different brand phrasing",Indic transliteration + consonant skeleton + address key
S1-484028412,S3,S3-261431285,Behavioral Health Specialists Inc.,Behaviora1 Health Specialists,"551 Crooked Creek Court, Fayetteville, NC","551 Crooked Creek Ct, North Carolina, Fayetteville",US,MISSED_BY_BLOCKING,I_legal_suffix_dominating,Lexical divergence across commercial branding,Address component intersection
S1-363889431,S2,S2-65042496,Pune Engineering Private Limited,ARIASYN,"Sector 16, Plot No 34, Fl No 06, Ganraj Residency, Opp Daigonal Mall, Pune, Maharashtra","SECTOR 16, PUNE, महाराष्ट्र",India,MISSED_BY_BLOCKING,B_brand_vs_parent_company,Short distinctive brand name vs multi-word parent company name,Single distinctive brand token + address door/plot number
S1-697734695,S2,S2-888473187,Laxmi Hari Investments Private Limited,लक्ष्मी हरि इन्वेस्टमेंट्स प्राइवेट लिमिटेड,"Plot No 42, Sector 10-A, Maharashtra, Vashi, Navi Mumbai, Tridel Systems Pvt. Ltd.","TRIDEL SYSTEMS PVT. LTD., VASHI, NAVI MUMBAI, महाराष्ट्र",India,MISSED_BY_BLOCKING,J_cross_script_dba,"One entity in native Indic script, other in English with different brand phrasing",Indic transliteration + consonant skeleton + address key
S1-756495137,S3,S3-899019259,Christi Urbanik Rapid Research LLC,@Christiurbanik,"3762 450, IN, Connersville","3762 450, Brownnsville, Indiana",US,MISSED_BY_BLOCKING,C_website_domain_variation,Candidate name is a website/domain with unsegmented words while S1 is legal entity,Pass A: Strip TLD + token stem concatenation + address anchor
S1-944593548,S2,S2-972448913,International Hospitality Private Limited,இன்டர்நேஷனல் ஹாஸ்பிடாலிட்டி பிரைவேட் லிமிடெட்,"68(61/B Flat No. A-5, Block No.A, Gandhi Nagar 4Th Main Road, Adyar, Chennai, Tamil Nadu","Tamil Nadu, CHENNAI, PLOT 366 68(61/B FLAT NO. A-5, BLOCK NO.A, GANDHI NAGAR 4TH MAIN ROAD, ADYAR, CHENNAI",India,MISSED_BY_BLOCKING,J_cross_script_dba,"One entity in native Indic script, other in English with different brand phrasing",Indic transliteration + consonant skeleton + address key
S1-944593548,S2,S2-993486836,International Hospitality Private Limited,இன்டர்நேஷனல் ஹாஸ்பிடாலிட்டி பிரைவேட் லிமிடெட்,"68(61/B Flat No. A-5, Block No.A, Gandhi Nagar 4Th Main Road, Adyar, Chennai, Tamil Nadu","CHENNAI, Tamil Nadu, CHENNAI, PLOT 366 68(61/B FLAT NO. A-5",India,MISSED_BY_BLOCKING,J_cross_script_dba,"One entity in native Indic script, other in English with different brand phrasing",Indic transliteration + consonant skeleton + address key
S1-315428768,S2,S2-518398079,Maid Auto Body!,Zetalumdova,"91 Otis Road, Islip, NY","91 OTIS ROAD, ISLIP, NY",US,MISSED_BY_BLOCKING,B_brand_vs_parent_company,Short distinctive brand name vs multi-word parent company name,Single distinctive brand token + address door/plot number
S1-495662495,S3,S3-765088900,Smart Institute,Smt Smart Service,"44, F/F, Gali No-1, Village Khichri Pur Near Kendriya Vidyalaya Gate No-2, New Delhi, East Delhi, Delhi",,India,MISSED_BY_BLOCKING,G_empty_or_weak_address,"Address is empty or severely truncated, preventing composite address blocking",Distinctive multi-word name signature fallback (min length 10)
S1-428751350,S2,S2-210729931,Behavioral Health Medicine,behavioralhealthmedicine.com,"Boonville, IN, 51 Rockport Road","51 ROCKPORT RD, BOONVILLE, IN",US,MISSED_BY_BLOCKING,C_website_domain_variation,Candidate name is a website/domain with unsegmented words while S1 is legal entity,Pass A: Strip TLD + token stem concatenation + address anchor
S1-428751350,S2,S2-77998972,Behavioral Health Medicine,behavioralhealthmedicine.com,"Boonville, IN, 51 Rockport Road","IN, BOONVILLE, 51 Rockport Rd",US,MISSED_BY_BLOCKING,C_website_domain_variation,Candidate name is a website/domain with unsegmented words while S1 is legal entity,Pass A: Strip TLD + token stem concatenation + address anchor
S1-654156225,S3,S3-855861296,KBM Research Private Limited,KBM Retsrahc Private Limited,"C/O Arvind Kumar, S/O Ram Sujan Prasad, Asochak, Police Station-Ramkrishan Nagar, Patna, Bihar","C/o Arvind Kumar, Patna, BR",India,MISSED_BY_BLOCKING,I_legal_suffix_dominating,Lexical divergence across commercial branding,Address component intersection
S1-654156225,S2,S2-200519662,KBM Research Private Limited,kbmresearch.c0m,"C/O Arvind Kumar, S/O Ram Sujan Prasad, Asochak, Police Station-Ramkrishan Nagar, Patna, Bihar","C/O ARVIND KUMAR, S/O RAM SUJAN PRASAD, ASOCHAK, POLICE STATION-RAMKRISHAN NAGAR, PATNA, Bihar",India,MISSED_BY_BLOCKING,I_legal_suffix_dominating,Lexical divergence across commercial branding,Address component intersection
S1-920883762,S2,S2-796335435,Hari Construction Pvt Ltd,हरि कंस्ट्रक्शन प्रा. लि.,"C/O Urmila Deshamukh, Waruda Road, Waruda Road, Post Colony, Osmanabad, Maharashtra","C/O URMILA DESHAMUKH, OSMANABAD, Maharashtra",India,MISSED_BY_BLOCKING,J_cross_script_dba,"One entity in native Indic script, other in English with different brand phrasing",Indic transliteration + consonant skeleton + address key
S1-247777402,S3,S3-129814908,Farms Internet Private Limited,@fármsinternet,"Dinapur-Cum-Khagaul, Bihar, Atalpath, Near Gangaviharcolony, C/Osanjivansinha, Patna","C/osanjivansinha, Patna, Dinapur-cum-khagaul, BR, Atalpath, Near Gangaviharcolony",India,MISSED_BY_BLOCKING,C_website_domain_variation,Candidate name is a website/domain with unsegmented words while S1 is legal entity,Pass A: Strip TLD + token stem concatenation + address anchor
S1-522792425,S3,S3-848224126,First Zion,First Zhladn,"21 Haller Crescent, Chestnut Ridge, NY","Spring Valley, New York, Haller Crescent",US,MISSED_BY_BLOCKING,I_legal_suffix_dominating,Lexical divergence across commercial branding,Address component intersection
S1-377518497,S2,S2-968049176,Bombay New Solutions Pvt Ltd,बॉम्बे न्यू सॉल्यूशंस प्रा. लि.,"North West, Delhi, Ground Floor, Pkt-B, Sec-4 Bawana Dsidc City, Plot No. 54","NO 54., GROUND FLOOR, PKT-B, SEC-4 BAWANA DSIDC CITY, NORTH WEST, BAWANA, Delhi",India,MISSED_BY_BLOCKING,J_cross_script_dba,"One entity in native Indic script, other in English with different brand phrasing",Indic transliteration + consonant skeleton + address key
S1-545105075,S3,S3-262675669,"Ear Nose & Throat Clinic, Inc","Ear Inc + Throat Clinic, Nose","32-63 77 Street, Jackson Heights, NY","<NULL>, #32-63 77 Street, New York, Jackson Heights",US,MISSED_BY_BLOCKING,I_legal_suffix_dominating,Lexical divergence across commercial branding,Address component intersection
S1-107581104,S2,S2-285908490,Gold Solutions,Sri Gold  Solutions,"S/O-Lt Anil Biswas, Vill-Sindrani Bazar, Thoara, North 24 Parganas, West Bengal","West Bengal, PLOT 525 S/O-LT ANIL BISWAS, VILL-SINDRANI BAZAR, THOARA",India,MISSED_BY_BLOCKING,I_legal_suffix_dominating,Lexical divergence across commercial branding,Address component intersection
S1-418292699,S3,S3-144159129,U T Kelly Solution Clinic,utkelly.com,"11124 Saratoga Road, Apple Valley, CA","Saratoga Road, Apple Valley, California",US,MISSED_BY_BLOCKING,C_website_domain_variation,Candidate name is a website/domain with unsegmented words while S1 is legal entity,Pass A: Strip TLD + token stem concatenation + address anchor
S1-54171861,S3,S3-846995832,Ims Systems Pvt Ltd,Ims Systems,"Ground Floor, Jalarams 62/5011, Iyyattil Junction, Hospital Road, Ernakulam, Kerala, Ernakulam, Kerala, Ernakulam, Cabin No G12","Cabin No G##12, Ernakulam, KL",India,MISSED_BY_BLOCKING,I_legal_suffix_dominating,Lexical divergence across commercial branding,Address component intersection
S1-405141919,S3,S3-711334462,Star Staffing LLC,Star LLC Center,"128 Willerine Drive, Belmont, NC",,US,MISSED_BY_BLOCKING,G_empty_or_weak_address,"Address is empty or severely truncated, preventing composite address blocking",Distinctive multi-word name signature fallback (min length 10)
S1-818748406,S2,S2-289160183,All Investments Private Limited,ஆல் இன்வெஸ்ட்மெண்ட்ஸ் பிரைவேட் லிமிடெட்,"6/C394, 3Rd Street, 2Nd Floor, Chandrasekaran Salai, Periyar Nagar, Perambur Purasawalkam, Chennai, Tamil Nadu","6/C394, PERAMBUR PURASAWALKAM, JAWAHAR NAGAR CHENNAI, Tamil Nadu",India,MISSED_BY_BLOCKING,J_cross_script_dba,"One entity in native Indic script, other in English with different brand phrasing",Indic transliteration + consonant skeleton + address key
S1-747065596,S3,S3-120680587,Secure Freight Dynamics,Securefreightdynamics.Com,"1121 Westfield Court, Unit APT C, Indianapolis, IN","Westfield Court, <NULL>, Indianapolis, Indiana",US,MISSED_BY_BLOCKING,C_website_domain_variation,Candidate name is a website/domain with unsegmented words while S1 is legal entity,Pass A: Strip TLD + token stem concatenation + address anchor
S1-851071526,S2,S2-852359191,Thalassery Yogi Pvt Ltd,ythalassery.com,"13/160-B, Kerala, Prabhajitham, Pandakkappara, Thalassery, Kannur","#13/160-B, KANNUR, കേരളം, THALASSERY",India,MISSED_BY_BLOCKING,C_website_domain_variation,Candidate name is a website/domain with unsegmented words while S1 is legal entity,Pass A: Strip TLD + token stem concatenation + address anchor
S1-216651809,S3,S3-356783117,Greenberry Housing Private Limited,greenberryhousing.com,"Assand Road Jind, Jind, Haryana","Assand Road Jind, Jind, HR",India,MISSED_BY_BLOCKING,C_website_domain_variation,Candidate name is a website/domain with unsegmented words while S1 is legal entity,Pass A: Strip TLD + token stem concatenation + address anchor
S1-278203542,S2,S2-846108682,Devine Structure (India) Ltd,devinestructureindia.com,"Central Avenue Road Telephone Exchange Square, Hira Plaza, Nagpur, 308, Maharashtra","Maharashtra, 308, HIRA PLAZA, CENTRAL AVENUE ROAD TELEPHONE EXCHANGE SQUARE",India,MISSED_BY_BLOCKING,C_website_domain_variation,Candidate name is a website/domain with unsegmented words while S1 is legal entity,Pass A: Strip TLD + token stem concatenation + address anchor
S1-278203542,S2,S2-75770521,Devine Structure (India) Ltd,FÁYEMIRA,"Central Avenue Road Telephone Exchange Square, Hira Plaza, Nagpur, 308, Maharashtra","Maharashtra, NAGPUR, HIRA PLAZA, 308, CENTRAL AVENUE ROAD TELEPHONE EXCHANGE SQUARE",India,MISSED_BY_BLOCKING,B_brand_vs_parent_company,Short distinctive brand name vs multi-word parent company name,Single distinctive brand token + address door/plot number
S1-283169840,S2,S2-63047201,Universal Builders Private Limited,ইউনিভার্সাল বিল্ডার্স প্রাইভেট লিমিটেড,"109/2/1, Hazra Road, 1St Floor, Kolkata, Kolkata, Kolkata, Howrah, West Bengal","109/2/1, CALCUTTA, HOWRAH, West Bengal",India,MISSED_BY_BLOCKING,J_cross_script_dba,"One entity in native Indic script, other in English with different brand phrasing",Indic transliteration + consonant skeleton + address key
S1-283169840,S2,S2-142641147,Universal Builders Private Limited,ইউনিভার্সাল বিল্ডার্স প্রাইভেট লিমিটেড,"109/2/1, Hazra Road, 1St Floor, Kolkata, Kolkata, Kolkata, Howrah, West Bengal","109/2/1, HOWRAH, CALCUTTA, West Bengal",India,MISSED_BY_BLOCKING,J_cross_script_dba,"One entity in native Indic script, other in English with different brand phrasing",Indic transliteration + consonant skeleton + address key
S1-679981169,S3,S3-559602234,Behavioral Health Specialists,Behavioral Specialists Hddlth,"TN, Maryville, 701 Old Glory Road","701 Old Glmry Rd, PMB 1423, Maryville, Tennessee",US,MISSED_BY_BLOCKING,I_legal_suffix_dominating,Lexical divergence across commercial branding,Address component intersection
S1-812326182,S2,S2-112086644,Cure Seafood,Yumavantage (ID: 11784),"9448 Coast Laurel Avenue, Concord, NC","COAST LAUREL AVENUE, NULL, CONCORD, NC",US,MISSED_BY_BLOCKING,F_missing_business_name_tokens,Address matches strongly but business names have disparate commercial branding,High-precision address anchor (plot number + 2 distinctive street words)
S1-990354457,S2,S2-355057676,Surgical Group of Jarrettsville,Surgical Group of Jarerttvsille,"MD, Jarrettsville, 4040 Federal Hill Road",,US,MISSED_BY_BLOCKING,G_empty_or_weak_address,"Address is empty or severely truncated, preventing composite address blocking",Distinctive multi-word name signature fallback (min length 10)
S1-930034422,S2,S2-709172007,First It,फर्स्ट आईटी,"A-804, Presidential Tower, L.B.S. Marg, Ghatkopar (West), Mumbai, Mumbai City, Maharashtra","MUMBAI CITY, A-804, Maharashtra",India,MISSED_BY_BLOCKING,J_cross_script_dba,"One entity in native Indic script, other in English with different brand phrasing",Indic transliteration + consonant skeleton + address key
S1-930034422,S3,S3-167496461,First It,फर्स्ट आईटी,"A-804, Presidential Tower, L.B.S. Marg, Ghatkopar (West), Mumbai, Mumbai City, Maharashtra","A-804, Mumbai City, MH, Mumbai",India,MISSED_BY_BLOCKING,J_cross_script_dba,"One entity in native Indic script, other in English with different brand phrasing",Indic transliteration + consonant skeleton + address key
S1-388882046,S2,S2-203884089,City Care Private Limited,सिटी केयर प्राइवेट लिमिटेड,"Maharashtra, Aurangabad, Plot No 2, Aurangabad, C-3, Cidco N7, Near Bajarang Chowk","2, C-3, CIDCO N7, NEAR BAJARANG CHOWK, AURANGABAD, महाराष्ट्र",India,MISSED_BY_BLOCKING,J_cross_script_dba,"One entity in native Indic script, other in English with different brand phrasing",Indic transliteration + consonant skeleton + address key
S1-388882046,S2,S2-717017556,City Care Private Limited,सिटी केयर प्राइवेट लिमिटेड,"Maharashtra, Aurangabad, Plot No 2, Aurangabad, C-3, Cidco N7, Near Bajarang Chowk","PLOT NO 2, C-3, CIDCO N7, NEAR BAJARANG CHOWK, AURANGABAD, Maharashtra",India,MISSED_BY_BLOCKING,J_cross_script_dba,"One entity in native Indic script, other in English with different brand phrasing",Indic transliteration + consonant skeleton + address key
S1-300598855,S2,S2-65111536,Green Fortune Software Private Limited,கிரீன் ஃபார்ச்சூன் சாஃப்ட்வேர் பிரைவேட் லிமிடெட்,"Sixth Floor, Rr Tower Iii, T.V.K Industrial Estate, Guindy, Chennai, Chennai, Tamil Nadu","SITXH FLOOR, RR TOWER III, T.V.K INDUSTRIAL ESTATE, GUINDY, CHENNAI, CHENNAI, தமிழ்நாடு",India,MISSED_BY_BLOCKING,J_cross_script_dba,"One entity in native Indic script, other in English with different brand phrasing",Indic transliteration + consonant skeleton + address key
S1-603508281,S2,S2-624642264,Supreme Technologies Private Limited,সুপ্রিম টেকনোলজিস প্রাইভেট লিমিটেড,"10F, Shyama Prasad Mukherjee Road, Kolkata, Kolkata, Howrah, West Bengal","পশ্চিমবঙ্গ, null, HOWRAH, 10F",India,MISSED_BY_BLOCKING,J_cross_script_dba,"One entity in native Indic script, other in English with different brand phrasing",Indic transliteration + consonant skeleton + address key
S1-603508281,S2,S2-426140498,Supreme Technologies Private Limited,সুপ্রিম টেকনোলজিস প্রাইভেট লিমিটেড,"10F, Shyama Prasad Mukherjee Road, Kolkata, Kolkata, Howrah, West Bengal","null, West Bengal, KOLKATA, 10F",India,MISSED_BY_BLOCKING,J_cross_script_dba,"One entity in native Indic script, other in English with different brand phrasing",Indic transliteration + consonant skeleton + address key
S1-603508281,S2,S2-328139814,Supreme Technologies Private Limited,সুপ্রিম টেকনোলজিস প্রাইভেট লিমিটেড,"10F, Shyama Prasad Mukherjee Road, Kolkata, Kolkata, Howrah, West Bengal","10F, KOLKATA, null, West Bengal",India,MISSED_BY_BLOCKING,J_cross_script_dba,"One entity in native Indic script, other in English with different brand phrasing",Indic transliteration + consonant skeleton + address key
S1-603508281,S3,S3-660580580,Supreme Technologies Private Limited,সুপ্রিম টেকনোলজিস প্রাইভেট লিমিটেড,"10F, Shyama Prasad Mukherjee Road, Kolkata, Kolkata, Howrah, West Bengal","10F, Kolkata, Howrah, পশ্চিমবঙ্গ",India,MISSED_BY_BLOCKING,J_cross_script_dba,"One entity in native Indic script, other in English with different brand phrasing",Indic transliteration + consonant skeleton + address key
S1-579713403,S2,S2-886137495,Super Care Private Limited,ಸೂಪರ್ ಕೇರ್ ಪ್ರೈವೇಟ್ ಲಿಮಿಟೆಡ್,"Sekhar Bellevue Varthur Bellandu, Bellandu, Bangalore, Karnataka, D-301","D-301, BANGALORE, BELLANDU, Karnataka",India,MISSED_BY_BLOCKING,J_cross_script_dba,"One entity in native Indic script, other in English with different brand phrasing",Indic transliteration + consonant skeleton + address key
S1-22633084,S3,S3-912074059,Premier Foundation Limited,प्रीमियर फाउंडेशन लिमिटेड,"Gurgaon, Sushant Lok Phase 1 Near Park Plaza, Gurgaon, Haryana, C-329","No. 616 C-329, Gurgaon, HR",India,MISSED_BY_BLOCKING,J_cross_script_dba,"One entity in native Indic script, other in English with different brand phrasing",Indic transliteration + consonant skeleton + address key
S1-22633084,S2,S2-680658950,Premier Foundation Limited,प्रीमियर फाउंडेशन लिमिटेड,"Gurgaon, Sushant Lok Phase 1 Near Park Plaza, Gurgaon, Haryana, C-329","C-329, GURGAON, Haryana",India,MISSED_BY_BLOCKING,J_cross_script_dba,"One entity in native Indic script, other in English with different brand phrasing",Indic transliteration + consonant skeleton + address key
S1-874412035,S3,S3-582793841,Dronagiri Medical Centre,-- cdmedica1.com,"Varanasi, Uttar Pradesh, Varanasi, C/O Vinit Singh A No 1066 Chandrama Nagar Colony Kanwada","C/o Vinit Singh A No 1066 Chanrama Nagar Colony Kanwada, Varanasi, UP",India,MISSED_BY_BLOCKING,C_website_domain_variation,Candidate name is a website/domain with unsegmented words while S1 is legal entity,Pass A: Strip TLD + token stem concatenation + address anchor
S1-385641981,S3,S3-380601802,Hyderabad Management Private Limited,#hyderabadmanagement,"H.No.9-196, Pr Nagar, Moti Nagar, Borabanda, Hyderabad, Telangana","Hyderabad, TG, Door No 9-196",India,MISSED_BY_BLOCKING,B_brand_vs_parent_company,Short distinctive brand name vs multi-word parent company name,Single distinctive brand token + address door/plot number
S1-294865850,S3,S3-799402931,Gold Industries Pvt Ltd,Gold-Industries Pvt Ltd. Ltd.,"Ernakulam, Ambatt House Church Road, Kerala, Aluva","Ambatt House Church Road, Aluva, KL",India,MISSED_BY_BLOCKING,I_legal_suffix_dominating,Lexical divergence across commercial branding,Address component intersection
S1-294865850,S2,S2-525909767,Gold Industries Pvt Ltd,Pvt G0ld Ltd Industries,"Ernakulam, Ambatt House Church Road, Kerala, Aluva","AMBATT HOUSE CHURCH ROAD, ALUVA, ERNAKULAM, Kerala",India,MISSED_BY_BLOCKING,I_legal_suffix_dominating,Lexical divergence across commercial branding,Address component intersection
S1-294865850,S3,S3-216244393,Gold Industries Pvt Ltd,Gold Inuldrsi Pvt Ltd,"Ernakulam, Ambatt House Church Road, Kerala, Aluva",,India,MISSED_BY_BLOCKING,G_empty_or_weak_address,"Address is empty or severely truncated, preventing composite address blocking",Distinctive multi-word name signature fallback (min length 10)
S1-294865850,S2,S2-420470739,Gold Industries Pvt Ltd,Gold Industries Pvt,"Ernakulam, Ambatt House Church Road, Kerala, Aluva","AMBATT HOUSE CHURCH ROAD, ALUVA, കേരളം",India,MISSED_BY_BLOCKING,I_legal_suffix_dominating,Lexical divergence across commercial branding,Address component intersection
S1-679867766,S2,S2-229196987,Bright Seafood Inc,brightseafood.com,"8531 Ff, Town Of Grant, WI","8531 FF, WISCONSIN RAPIDS TOWNSHIP, WI",US,MISSED_BY_BLOCKING,C_website_domain_variation,Candidate name is a website/domain with unsegmented words while S1 is legal entity,Pass A: Strip TLD + token stem concatenation + address anchor
S1-173089268,S2,S2-203764257,He Properties Pvt. Ltd.,He Probpeiges Pvt. Ltd.,"1St Flr, Marry Villa, Kirol Village, Ghatkoper Nr Fatima High School, Vidyavihar (W), Mumbai, Mumbai City, Maharashtra",,India,MISSED_BY_BLOCKING,G_empty_or_weak_address,"Address is empty or severely truncated, preventing composite address blocking",Distinctive multi-word name signature fallback (min length 10)
S1-987375275,S3,S3-275798620,Hari Investment Private Limited,హరి ఇన్వెస్ట్‌మెంట్ ప్రైవేట్ లిమిటెడ్,"Hyderabad, Madhapur, Software Units Layout, Hitec City, Telangana, Plot # 4","Plot # 4/4, Software Units Layout, Hitec City, Hyderabad, Seri Lingampally, TG",India,MISSED_BY_BLOCKING,J_cross_script_dba,"One entity in native Indic script, other in English with different brand phrasing",Indic transliteration + consonant skeleton + address key
S1-987375275,S2,S2-328532430,Hari Investment Private Limited,హరి ఇన్వెస్ట్‌మెంట్ ప్రైవేట్ లిమిటెడ్,"Hyderabad, Madhapur, Software Units Layout, Hitec City, Telangana, Plot # 4","MADHAPUR, RANGAREDDY, NO. 852 PLOT # 4, Telangana",India,MISSED_BY_BLOCKING,J_cross_script_dba,"One entity in native Indic script, other in English with different brand phrasing",Indic transliteration + consonant skeleton + address key
S1-403210326,S2,S2-68618209,Good Impex Limited,ಗುಡ್ ಇಂಪೆಕ್ಸ್ ಲಿಮಿಟೆಡ್,"Flat No 002, Ground Floor, Slv Paradise, 1St Cross, Bangalore South, Bangalore, Karnataka","BANGALORE SOUTH, BANGALORE, FAAT NO 002/2, GROUND FLOOR, SLV PARADISE, 1ST CROSS, Karnataka",India,MISSED_BY_BLOCKING,J_cross_script_dba,"One entity in native Indic script, other in English with different brand phrasing",Indic transliteration + consonant skeleton + address key
S1-49194088,S2,S2-593218489,Raj Agro Private Limited,राज एग्रो प्राइवेट लिमिटेड,"29, Free Press House, 215, Free Press Journal Marg, Nariman Po, Int, Mumbai, Maharashtra","##29, Maharashtra, INT",India,MISSED_BY_BLOCKING,J_cross_script_dba,"One entity in native Indic script, other in English with different brand phrasing",Indic transliteration + consonant skeleton + address key
S1-49194088,S2,S2-67439058,Raj Agro Private Limited,राज एग्रो प्राइवेट लिमिटेड,"29, Free Press House, 215, Free Press Journal Marg, Nariman Po, Int, Mumbai, Maharashtra","##29, INT, Maharashtra",India,MISSED_BY_BLOCKING,J_cross_script_dba,"One entity in native Indic script, other in English with different brand phrasing",Indic transliteration + consonant skeleton + address key
S1-240376399,S2,S2-761177108,Darjeeling Solutions Pvt. Ltd.,DS,"Sainikpuri, Khaprail Naya Busty, Po- New Chumta, Darjeeling, West Bengal, C/O Urmila Gupta","739  C/O URMILA GUPTA, DARJEELING, West Bengal",India,MISSED_BY_BLOCKING,B_brand_vs_parent_company,Short distinctive brand name vs multi-word parent company name,Single distinctive brand token + address door/plot number
S1-49593723,S2,S2-655058750,Kps (India) System Co,KPSINDIASYSTEM.COM,"Flat No.103, Golden Nest, Bldg D, Phase 10 Kashimira Road, Bhayandar East, Thane, Maharashtra","FLAT NO.1-03 , GOLDEN NEST, BLDG D, PHASE 10 KASHIMIRA ROAD, BHAYANDAR EAST, THANE, महाराष्ट्र",India,MISSED_BY_BLOCKING,C_website_domain_variation,Candidate name is a website/domain with unsegmented words while S1 is legal entity,Pass A: Strip TLD + token stem concatenation + address anchor
S1-973378020,S2,S2-283743266,Premier Ss Food Private Limited,प्रीमियर एसएस फूड प्राइवेट लिमिटेड,"Sanjeevanicentershrikamdhenuestatemindspapce, Chincholibunder, Malad(Wes, T), Mumbai, Mumbai City, Maharashtra","SANJEEVANICENTERSHRIKAMDHENUESTATEMINDSPAPCE, MUMBAI, MUMBAI CITY, Maharashtra",India,MISSED_BY_BLOCKING,J_cross_script_dba,"One entity in native Indic script, other in English with different brand phrasing",Indic transliteration + consonant skeleton + address key
S1-973378020,S2,S2-617413883,Premier Ss Food Private Limited,PREMIERSSFOODCOM,"Sanjeevanicentershrikamdhenuestatemindspapce, Chincholibunder, Malad(Wes, T), Mumbai, Mumbai City, Maharashtra","SANJEEVANCENTERSHRIKAMDHENUESTATEMINDSPAPCE, CHINCHOLIBUNDER, MALAD(WES, T), MUMBAI, Maharashtra",India,MISSED_BY_BLOCKING,B_brand_vs_parent_company,Short distinctive brand name vs multi-word parent company name,Single distinctive brand token + address door/plot number
S1-932096706,S3,S3-486874370,United International Private Limited,United International Private,"1St Floor Micheal Enclave Opp P And T Colony P K Road Mulund West, Mumbai, Maharashtra","Mumbai, H.no 1St Floor Micheal Enclave Opp P And T Colony P K Road Mulund West, MH",India,MISSED_BY_BLOCKING,I_legal_suffix_dominating,Lexical divergence across commercial branding,Address component intersection
S1-932096706,S2,S2-538990918,United International Private Limited,यूनाइटेड इंटरनेशनल प्राइवेट लिमिटेड,"1St Floor Micheal Enclave Opp P And T Colony P K Road Mulund West, Mumbai, Maharashtra","DOOR NO 1ST FLOOR MICHEAL ENCLAVE OPP P AND T COLONY P K ROAD MULUND WEST, MUMBAI, Maharashtra",India,MISSED_BY_BLOCKING,J_cross_script_dba,"One entity in native Indic script, other in English with different brand phrasing",Indic transliteration + consonant skeleton + address key
S1-51852812,S3,S3-389576650,Urgent Care Strategic Associates LLC,Urgent Strategic Associates LLC Service,"545 Fm 250, Hughes Springs, TX","545 Fm 250, Hughes Springs, Texas",US,MISSED_BY_BLOCKING,I_legal_suffix_dominating,Lexical divergence across commercial branding,Address component intersection
S1-971028185,S2,S2-150096923,Urology Horizon Care Associates,Irimira,"502 Old Bonhomme Road, Fl 0, Saint Louis, MO","OLD BONHOMME RD, SAINT LOUIS, MO",US,MISSED_BY_BLOCKING,B_brand_vs_parent_company,Short distinctive brand name vs multi-word parent company name,Single distinctive brand token + address door/plot number
S1-251810442,S3,S3-232760248,Star International Private Limited,स्टार इंटरनेशनल प्राइवेट लिमिटेड,"711, Veena Killedar Ind Estate, 10/14 Pais Street Byculla (W), Mumbai, Maharashtra","711, 10/14 Pais Street Byculla (W), Mumbai, MH",India,MISSED_BY_BLOCKING,J_cross_script_dba,"One entity in native Indic script, other in English with different brand phrasing",Indic transliteration + consonant skeleton + address key
S1-251810442,S2,S2-130644754,Star International Private Limited,स्टार इंटरनेशनल प्राइवेट लिमिटेड,"711, Veena Killedar Ind Estate, 10/14 Pais Street Byculla (W), Mumbai, Maharashtra","711, 10/14 PAIS STREET BYCULLA (W), MUMBAI, Maharashtra",India,MISSED_BY_BLOCKING,J_cross_script_dba,"One entity in native Indic script, other in English with different brand phrasing",Indic transliteration + consonant skeleton + address key
S1-456645438,S3,S3-693909082,Apex Solutions Private Limited,Apex સોલ્યુશન્સ Private Limited,"Mital Estate, 1St Floor Mavdi Plot 4 Main Road, Rajkot, Gujarat","Mitl Estate, Rajkot, Ahmedabad, GJ",India,MISSED_BY_BLOCKING,J_cross_script_dba,"One entity in native Indic script, other in English with different brand phrasing",Indic transliteration + consonant skeleton + address key
S1-807523392,S2,S2-784018540,High All Power Pvt Ltd,हाई ऑल पावर प्रा. लि.,"408 Highway Comm. Centre Premises Chs Ltd, I B Patel Road, Goregaon East, Bhd Petrol Pump, Goregaon East, Mumbai, Maharashtra","I B PATEL ROAD, GOREGAON EAST, BHD PETROL PUMP, 408 HIGHWAY COMM. CENTRE PREMISES CHS LTD, MUMBAI, Maharashtra, GOREGAON EAST",India,MISSED_BY_BLOCKING,J_cross_script_dba,"One entity in native Indic script, other in English with different brand phrasing",Indic transliteration + consonant skeleton + address key
S1-309551425,S3,S3-473191465,Bapa Creator Limited,bapacreator.com,"Chamber No. 2, Ff, G-1, Harimandir Complex, New Moti Nagar, New Delhi, West Delhi, Delhi","DL, Chamber No. 3, West Delhi, New Delhi",India,MISSED_BY_BLOCKING,C_website_domain_variation,Candidate name is a website/domain with unsegmented words while S1 is legal entity,Pass A: Strip TLD + token stem concatenation + address anchor
S1-361453131,S2,S2-287296020,Laxmi Consultants Pvt Ltd,लक्ष्मी कंसल्टेंट्स प्रा. लि.,"80, Sri Nivas Mill Behind Govt. Higher Secondary School, Gangapur City, Rajasthan","Rajasthan, GANGAPUR CITY, 2-80, SRI NIVAS MILL BEHIND GOVT. HIGHER SECONDARY SCHOOL",India,MISSED_BY_BLOCKING,J_cross_script_dba,"One entity in native Indic script, other in English with different brand phrasing",Indic transliteration + consonant skeleton + address key
S1-103101914,S3,S3-464737380,Midwest Trusted Management Inc,Midwest Management lnc Center,"OK, Kingfisher, 16058 820 Road",,US,MISSED_BY_BLOCKING,G_empty_or_weak_address,"Address is empty or severely truncated, preventing composite address blocking",Distinctive multi-word name signature fallback (min length 10)
S1-676352537,S3,S3-347228218,Binder Summit Inc,bindersummit.com,"805 Capitol Street, Spencer, WV","West Virginia, Capitol St, Spencer",US,MISSED_BY_BLOCKING,C_website_domain_variation,Candidate name is a website/domain with unsegmented words while S1 is legal entity,Pass A: Strip TLD + token stem concatenation + address anchor
S1-288774908,S2,S2-528169261,New Constructions LLP,न्यू कंस्ट्रक्शंस एलएलपी,"202, 2Nd Floor, Sharda Chamber, 15, Sir Vitthaldas Thakersey Marg, New Marine Lines, Mumbai, Maharashtra","202, MUMBAI, महाराष्ट्र",India,MISSED_BY_BLOCKING,J_cross_script_dba,"One entity in native Indic script, other in English with different brand phrasing",Indic transliteration + consonant skeleton + address key
S1-580970774,S2,S2-996500653,Back Alley Ice Cream! LLC,backalleyice.com,"Atlanta, 1040 Stovall Boulevard, GA","1040B Stovall Blvd, ALANTA, GA",US,MISSED_BY_BLOCKING,C_website_domain_variation,Candidate name is a website/domain with unsegmented words while S1 is legal entity,Pass A: Strip TLD + token stem concatenation + address anchor
S1-791451147,S2,S2-111672251,Internal Medicine Center,lNTERNAL-MEDICINE CENTER,"15903 Dunman Lane, Houston, TX","15903 DUNMAN LN, HOUSTON, TX",US,MISSED_BY_BLOCKING,I_legal_suffix_dominating,Lexical divergence across commercial branding,Address component intersection
S1-328873295,S2,S2-673212241,Tirupati Constructions Pvt Ltd,Smt tirupaticonstructions.com,"520, New Delhi, Delhi, 5Th Floor, Osian Building 12, Nehru Place","52, 5TH FLOOR, OSIAN BUILDING 12, NEHRU PLACE, NEW DELHI, Delhi",India,MISSED_BY_BLOCKING,C_website_domain_variation,Candidate name is a website/domain with unsegmented words while S1 is legal entity,Pass A: Strip TLD + token stem concatenation + address anchor
S1-328873295,S2,S2-556465032,Tirupati Constructions Pvt Ltd,तिरुपति कंस्ट्रक्शंस प्रा. लि.,"520, New Delhi, Delhi, 5Th Floor, Osian Building 12, Nehru Place","NEW DELHI, Delhi, 52",India,MISSED_BY_BLOCKING,J_cross_script_dba,"One entity in native Indic script, other in English with different brand phrasing",Indic transliteration + consonant skeleton + address key
S1-985495249,S3,S3-710118552,Great Capital Inc,Great Cprfaiil Inc,"1060 Craighead 995 Road, Lake City, AR",,US,MISSED_BY_BLOCKING,G_empty_or_weak_address,"Address is empty or severely truncated, preventing composite address blocking",Distinctive multi-word name signature fallback (min length 10)
S1-593438474,S3,S3-778443950,Galaxy Energy Private Limited,गैलेक्सी एनर्जी प्राइवेट लिमिटेड,"Iman Point, Maharashtra, Mumbai, Mumbai City, Floor Gr Plot 213 Raheja Chambers Free Press Journal Mrg Mantralay Nr Mla Hostel Nar","Floor Gr Plot 213 Raheja Chambers Free Press Journal Mrg Mantralay Nr Mla Hostel Nar, Iman Point, Mumbai, Mumbai City, MH",India,MISSED_BY_BLOCKING,J_cross_script_dba,"One entity in native Indic script, other in English with different brand phrasing",Indic transliteration + consonant skeleton + address key
S1-593438474,S2,S2-862463607,Galaxy Energy Private Limited,गैलेक्सी एनर्जी प्राइवेट लिमिटेड,"Iman Point, Maharashtra, Mumbai, Mumbai City, Floor Gr Plot 213 Raheja Chambers Free Press Journal Mrg Mantralay Nr Mla Hostel Nar","HN 27 FLOOR GR PLOT 213 RAHEJA CHAMBERS FREE PRESS JOURNAL MRG MANTRALAY NR MLA HOSTEL NAR, IMAN POINT, MUMBAI, MUMBAI CITY, Maharashtra",India,MISSED_BY_BLOCKING,J_cross_script_dba,"One entity in native Indic script, other in English with different brand phrasing",Indic transliteration + consonant skeleton + address key
S1-593438474,S3,S3-774438883,Galaxy Energy Private Limited,गैलेक्सी एनर्जी प्राइवेट लिमिटेड,"Iman Point, Maharashtra, Mumbai, Mumbai City, Floor Gr Plot 213 Raheja Chambers Free Press Journal Mrg Mantralay Nr Mla Hostel Nar","Floor Gr Plot 213 Raheja Chambers Free Press Journal Mrg Mantralay Nr Mla Hostel Nar, Iman Point, Mumbai, Mumbai City, MH",India,MISSED_BY_BLOCKING,J_cross_script_dba,"One entity in native Indic script, other in English with different brand phrasing",Indic transliteration + consonant skeleton + address key
S1-498218866,S3,S3-564791383,Shree Consultancy,Shree Consulatscy,"H.No. 6-426, S.F.S Agarwal Farm, Jaipur, Rajasthan",,India,MISSED_BY_BLOCKING,G_empty_or_weak_address,"Address is empty or severely truncated, preventing composite address blocking",Distinctive multi-word name signature fallback (min length 10)
S1-760939689,S2,S2-242663957,Star Finance Private Limited,स्टार फाइनेंस प्राइवेट लिमिटेड,"C/O Sri Tribhuwan Prasad, S/O Sri Late Parmeshwar Prasad, Sadar Bazar, Danapur, Patna, Bihar","PATNA, C/O SRI TRIBHUWAN PRASAD, S/O SRI LATE PARMESHWAR PRASAD, SADAR BAZAR, DANAPUR, PATNA, बिहार",India,MISSED_BY_BLOCKING,J_cross_script_dba,"One entity in native Indic script, other in English with different brand phrasing",Indic transliteration + consonant skeleton + address key
S1-826041251,S3,S3-770523908,"Patriot Eco, LLC","Patriot Endro, LLC","TX, Pasadena, 208 Allendale Road","Allendale Road, Pasdaena, Texas",US,MISSED_BY_BLOCKING,I_legal_suffix_dominating,Lexical divergence across commercial branding,Address component intersection
S1-909369452,S2,S2-73702791,Q/D Entertainment,Q/D Enteotaidsmetn,"192 Highclere Lane, Selma, NC","HIGHCLERE LANE, SELMA, NC",US,MISSED_BY_BLOCKING,I_legal_suffix_dominating,Lexical divergence across commercial branding,Address component intersection
S1-62610003,S2,S2-955561109,Infinite Services,SOLDREX,"Plot No 363/3240, Lane No -2, Mahadev Nagar, Jharpada, Laxmisagar, Bhubaneswar, Khordha, Orissa","DOOR NO 363/3240, BHUBANESWAR, Odisha",India,MISSED_BY_BLOCKING,B_brand_vs_parent_company,Short distinctive brand name vs multi-word parent company name,Single distinctive brand token + address door/plot number
S1-27207441,S2,S2-559146418,Shree Enterprises,ಶ್ರೀ ಎಂಟರ್‌ಪ್ರೈಸಸ್,"Bangalore, Karnataka, Gokula, Bangalore North, B-46 Shriram Sadhana","NO. 438 B-46 SHRIRAM SADHANA, DODDABALLAPUR, Karnataka",India,MISSED_BY_BLOCKING,J_cross_script_dba,"One entity in native Indic script, other in English with different brand phrasing",Indic transliteration + consonant skeleton + address key
S1-242695118,S3,S3-430217377,Main Street Tavern,Veodova,"NY, 721 Cooper Street, Watertown","721 Cooper Saint, Watertown, New York",US,MISSED_BY_BLOCKING,B_brand_vs_parent_company,Short distinctive brand name vs multi-word parent company name,Single distinctive brand token + address door/plot number
S1-214569401,S3,S3-722029438,Jhilmil Dee Private Limited,jhilmildeeprivate.com,"Vignesh Apartments, Venkatesh Nagar, Extn Ii, Chennai City Corporation, Tamil Nadu, Chennai, 50/4","H.no C-555 50/4, Chennai City Corporation, Chennai, தமிழ்நாடு",India,MISSED_BY_BLOCKING,C_website_domain_variation,Candidate name is a website/domain with unsegmented words while S1 is legal entity,Pass A: Strip TLD + token stem concatenation + address anchor
S1-612712472,S2,S2-638600541,Maa Industries Private Limited,മാ ഇൻഡസ്ട്രീസ് പ്രൈവറ്റ് ലിമിറ്റഡ്,"Palackal Court M.G.Road, Ernakulam, Kerala","DOOR NO 539- PALACKAL COURT M.G.ROAD, ERNAKULAM, KOCHI, Kerala",India,MISSED_BY_BLOCKING,J_cross_script_dba,"One entity in native Indic script, other in English with different brand phrasing",Indic transliteration + consonant skeleton + address key
S1-456318790,S2,S2-64373652,Pediatric Dental Center LLC,Pediatric Dntal Center LLC,"1151 Pioneer Drive, Cottonwood, AZ","1151 PIONEER DR, COTTONWOOD, AZ",US,MISSED_BY_BLOCKING,I_legal_suffix_dominating,Lexical divergence across commercial branding,Address component intersection
S1-254489741,S2,S2-340342759,Sapt Brothers Private Limited,SAPT BR0THERS PRIVATE LIMITED,"8 B/L, Sheikh Sarai Ii, New Delhi, South Delhi, Delhi",,India,MISSED_BY_BLOCKING,G_empty_or_weak_address,"Address is empty or severely truncated, preventing composite address blocking",Distinctive multi-word name signature fallback (min length 10)
S1-226368891,S2,S2-419234185,Raj Life Solutions Private Limited,రాజ్ లైఫ్ సొల్యూషన్స్ ప్రైవేట్ లిమిటెడ్,"85-51-161, Model Colony Vl Puram, Rajahmundry, East Godavari, Andhra Pradesh","Andhra Pradesh, EAST GODAVARI, RAJAHMUNDRY, HN 71 85-51-161",India,MISSED_BY_BLOCKING,J_cross_script_dba,"One entity in native Indic script, other in English with different brand phrasing",Indic transliteration + consonant skeleton + address key
S1-226368891,S3,S3-839327165,Raj Life Solutions Private Limited,రాజ్ లైఫ్ సొల్యూషన్స్ ప్రైవేట్ లిమిటెడ్,"85-51-161, Model Colony Vl Puram, Rajahmundry, East Godavari, Andhra Pradesh","85-51-161, East Godavari, Rajahmundry, ఆంధ్రప్రదేశ్",India,MISSED_BY_BLOCKING,J_cross_script_dba,"One entity in native Indic script, other in English with different brand phrasing",Indic transliteration + consonant skeleton + address key
S1-849274176,S2,S2-34421487,Aarvita Biosciences Private Limited,Jaxrizagild,"No.41, Ponnambalam Salai, K.K.Nagar, Chennai, Tamil Nadu","41, CHENNAI CITY REGION, தமிழ்நாடு",India,MISSED_BY_BLOCKING,B_brand_vs_parent_company,Short distinctive brand name vs multi-word parent company name,Single distinctive brand token + address door/plot number
S1-160989036,S2,S2-666284679,R+ Hudson LLC,R+ Hisdion LLC,"3840 Saltwell Road, Bridgeport, WV",,US,MISSED_BY_BLOCKING,G_empty_or_weak_address,"Address is empty or severely truncated, preventing composite address blocking",Distinctive multi-word name signature fallback (min length 10)
S1-999043072,S2,S2-708479023,Global Infotech Private Limited,গ্লোবাল ইনফোটেক প্রাইভেট লিমিটেড,"31/1, Chhatawalla Gulee 2Nd Floor, Room No.-203, Kolkata, Kolkata, Howrah, West Bengal","West Bengal, HOWRAH, KOLKATA, 31/1",India,MISSED_BY_BLOCKING,J_cross_script_dba,"One entity in native Indic script, other in English with different brand phrasing",Indic transliteration + consonant skeleton + address key
S1-12673569,S3,S3-281152054,Fortune Consultants Private Limited,fortuneconsultants.com,"Plot No 11 Kh No6805/2005, Mahaveer Nagar Block B, Jalore, Jalor, Rajasthan","Plot No 61 Kh No6805/2005, Jalore, Keshwana, RJ",India,MISSED_BY_BLOCKING,C_website_domain_variation,Candidate name is a website/domain with unsegmented words while S1 is legal entity,Pass A: Strip TLD + token stem concatenation + address anchor
S1-486019406,S3,S3-1796850,Jmp Solutions Pvt Ltd,Jmp Solutions Pvt,"Z.P.Member Anjanadri, 4Thmain, 2Nd Crossp.C Extn, Kolar, Karnataka","Door No 553 Z.p.member Anjanadri, 4Thmain, 2Nd Crossp.c Extn, Kolar, ಕರ್ನಾಟಕ",India,MISSED_BY_BLOCKING,I_legal_suffix_dominating,Lexical divergence across commercial branding,Address component intersection
S1-286680045,S3,S3-476888842,Firefighters Union Local No 833,UnionfirefighterslocalCom,"8309 Cushing Court, Fairfax County, VA","Cushing Court, Fairfax County, Virginia",US,MISSED_BY_BLOCKING,B_brand_vs_parent_company,Short distinctive brand name vs multi-word parent company name,Single distinctive brand token + address door/plot number
S1-54193164,S3,S3-486621278,Bardia Charitable Trust,Quokor,"Plot No.12 Flat No.03, Shri Radhe Apartment Opp. Sndl Office, Wardhaman Nagar, Nagpur, Maharashtra","Plot No.12 Flat No.03, Shri Radhe Apartment Opp. Sndl Office, Wardhaman Nagar, Nagpur, Maharashtra",India,MISSED_BY_BLOCKING,B_brand_vs_parent_company,Short distinctive brand name vs multi-word parent company name,Single distinctive brand token + address door/plot number
S1-112862306,S3,S3-668742663,Fast Natural Corporation,fastnatural.com,"D.No. 1543C, Devangar Nagar, Madurapuri, Turaiyur, Tiruchirappalli, Tamil Nadu","D.no. 1543C, Turaiyur, Tiruchirappalli, TN",India,MISSED_BY_BLOCKING,C_website_domain_variation,Candidate name is a website/domain with unsegmented words while S1 is legal entity,Pass A: Strip TLD + token stem concatenation + address anchor
S1-112862306,S3,S3-226478954,Fast Natural Corporation,fastnatural.com,"D.No. 1543C, Devangar Nagar, Madurapuri, Turaiyur, Tiruchirappalli, Tamil Nadu","D.no. 1543C, Turaiyur, Tiruchirappalli, TN",India,MISSED_BY_BLOCKING,C_website_domain_variation,Candidate name is a website/domain with unsegmented words while S1 is legal entity,Pass A: Strip TLD + token stem concatenation + address anchor
S1-10028299,S3,S3-50398053,Clean Semiconductor Inc,Clean Inc Center Enterprises,"5324 Ronald Road, Peoria, IL",,US,MISSED_BY_BLOCKING,G_empty_or_weak_address,"Address is empty or severely truncated, preventing composite address blocking",Distinctive multi-word name signature fallback (min length 10)
S1-75048513,S2,S2-940871798,Life Ventures Private Limited,लाइफ वेंचर्स प्राइवेट लिमिटेड,"C/O Rajesh Kumar Verma Vns Phoolpur Phoolpur, Varanasi, Uttar Pradesh","C/O RAJESH KUMAR VERMA VNS PHOOLPUR PHOOLPUR, VARANASI, Uttar Pradesh",India,MISSED_BY_BLOCKING,J_cross_script_dba,"One entity in native Indic script, other in English with different brand phrasing",Indic transliteration + consonant skeleton + address key
S1-75048513,S2,S2-242490466,Life Ventures Private Limited,लाइफ वेंचर्स प्राइवेट लिमिटेड,"C/O Rajesh Kumar Verma Vns Phoolpur Phoolpur, Varanasi, Uttar Pradesh","VARANASI, Uttar Pradesh, C/O RAJEHH KUMAR VERMA VNS PHOOLPUR PHOOLPUR",India,MISSED_BY_BLOCKING,J_cross_script_dba,"One entity in native Indic script, other in English with different brand phrasing",Indic transliteration + consonant skeleton + address key
S1-75048513,S3,S3-765307820,Life Ventures Private Limited,लाइफ वेंचर्स प्राइवेट लिमिटेड,"C/O Rajesh Kumar Verma Vns Phoolpur Phoolpur, Varanasi, Uttar Pradesh","C/o Rajesh Kumar Verma Vns Phoolpur Phooplur, Lucknow, Varanasi, UP",India,MISSED_BY_BLOCKING,J_cross_script_dba,"One entity in native Indic script, other in English with different brand phrasing",Indic transliteration + consonant skeleton + address key
S1-258835301,S3,S3-899858529,Straight Edge Deli LLC,straightedgedeli.com,"1925 N Fork Road, Fort Worth, TX","001925 N Fork Rd, Fort Worth, Texas",US,MISSED_BY_BLOCKING,C_website_domain_variation,Candidate name is a website/domain with unsegmented words while S1 is legal entity,Pass A: Strip TLD + token stem concatenation + address anchor
S1-612170454,S3,S3-222750920,Laxmi Logistics Limited,लक्ष्मी लॉजिस्टिक्स लिमिटेड,"Muthu Sheth Chawl R No 5 Jamil Nagar, Bhandup, Mumbai City, Maharashtra","Mumbai City, Bhandup, MH, Muthu Sheth Chawl R No ##5 Jamil Nagar",India,MISSED_BY_BLOCKING,J_cross_script_dba,"One entity in native Indic script, other in English with different brand phrasing",Indic transliteration + consonant skeleton + address key
S1-743030178,S3,S3-925535014,Apex It Private Limited,অ্যাপেক্স আইটি প্রাইভেট লিমিটেড,"1St Floor, 7/32/6/1 Barada Basak Street Baranagar, Kolkata, Parganas North, West Bengal","Door No 1St Floor, Kolkata, Parganas North, WB",India,MISSED_BY_BLOCKING,J_cross_script_dba,"One entity in native Indic script, other in English with different brand phrasing",Indic transliteration + consonant skeleton + address key
S1-743030178,S2,S2-376234399,Apex It Private Limited,অ্যাপেক্স আইটি প্রাইভেট লিমিটেড,"1St Floor, 7/32/6/1 Barada Basak Street Baranagar, Kolkata, Parganas North, West Bengal","West Bengal, 1ST FLOOR, KOLKATA, PARGANAS NORTH",India,MISSED_BY_BLOCKING,J_cross_script_dba,"One entity in native Indic script, other in English with different brand phrasing",Indic transliteration + consonant skeleton + address key
S1-224560042,S3,S3-287155830,EBW Associates LLP,EA,"Mumbai, 095, Maharashtra, Mumbai City, 20/180 Municipal Colony Marve Road Malvani Near Fire Brigade Malad West Mumbai -400","20/180 Municipal Colony Marve Road Malvani Near Fire Brigade Malad West Mumbai -400, 095, Mumbai, Mumbai City, Maharashtra",India,MISSED_BY_BLOCKING,B_brand_vs_parent_company,Short distinctive brand name vs multi-word parent company name,Single distinctive brand token + address door/plot number
S1-774826115,S2,S2-750234250,Twisted Hair Studio Inc,thstudio.com,"2498 Porter Road, Greenville, NC","2498 PORTER ROAD, GREENVILEL, NC",US,MISSED_BY_BLOCKING,C_website_domain_variation,Candidate name is a website/domain with unsegmented words while S1 is legal entity,Pass A: Strip TLD + token stem concatenation + address anchor
S1-774826115,S3,S3-796405605,Twisted Hair Studio Inc,Twistedhairstudio.Com,"2498 Porter Road, Greenville, NC","Porter Rd, Greenville, North Carolina",US,MISSED_BY_BLOCKING,C_website_domain_variation,Candidate name is a website/domain with unsegmented words while S1 is legal entity,Pass A: Strip TLD + token stem concatenation + address anchor
S1-29797763,S2,S2-306166369,Womens Health Medicine,MEDlCINE WOMENS SERVICE,"Port Hadlock, WA, 192 Morrissey Avenue","192 MORRISSEY AVENEU, PORT HADLOCK, WA",US,MISSED_BY_BLOCKING,I_legal_suffix_dominating,Lexical divergence across commercial branding,Address component intersection
S1-29797763,S3,S3-666617263,Womens Health Medicine,W0mens Health Médicine,"Port Hadlock, WA, 192 Morrissey Avenue","0192 Morrissey Ave, Port Hadlock, Washington",US,MISSED_BY_BLOCKING,I_legal_suffix_dominating,Lexical divergence across commercial branding,Address component intersection
S1-131746315,S3,S3-309042895,GX Land Private Limited,Drexzeph Sys Formerly GX Land Private Limited,"B-1/204, Maharashtra, Thane, Bright Star Chs, Ltd, Phase Yashaswvi Nagar, Thane","B-1/204, Bright Star Chs, Ltd, Phase Yashaswvi Nagar, Thane, Maharashtra",India,MISSED_BY_BLOCKING,A_dba_vs_legal_entity,DBA keyword present separating trade brand from legal parent,Explicit DBA token splitting + alias indexing
S1-131746315,S3,S3-581204361,GX Land Private Limited,Nylatavo,"B-1/204, Maharashtra, Thane, Bright Star Chs, Ltd, Phase Yashaswvi Nagar, Thane","B-1/204, Bright Star Chs, Ltd, Phase Yashaswvi Nagar, Thane, MH",India,MISSED_BY_BLOCKING,B_brand_vs_parent_company,Short distinctive brand name vs multi-word parent company name,Single distinctive brand token + address door/plot number
S1-999950864,S2,S2-912969278,Indus Charitable Trust,induscharitabletrust.com,"304 Dharam Palace N S Patkarmarg, Mumbai, Maharashtra","Maharashtra, NO A-304 DHAHAM PALACE N S PATKARMARG, MUMBAI",India,MISSED_BY_BLOCKING,C_website_domain_variation,Candidate name is a website/domain with unsegmented words while S1 is legal entity,Pass A: Strip TLD + token stem concatenation + address anchor
S1-32258992,S2,S2-936670758,Life Services,लाइफ सर्विसेज,"12, Ras Vihar Appartments, I. P. Extension, Patpar Ganj, Delhi","BLOCK E-878 12, SHAHDARA, DELHI",India,MISSED_BY_BLOCKING,J_cross_script_dba,"One entity in native Indic script, other in English with different brand phrasing",Indic transliteration + consonant skeleton + address key
S1-32258992,S3,S3-652946334,Life Services,लाइफ सर्विसेज,"12, Ras Vihar Appartments, I. P. Extension, Patpar Ganj, Delhi","##12, Delhi, Patpar Ganj, DL",India,MISSED_BY_BLOCKING,J_cross_script_dba,"One entity in native Indic script, other in English with different brand phrasing",Indic transliteration + consonant skeleton + address key
S1-39341417,S3,S3-929151346,Tirupati Gold Estate Private Limited,తిరుపతి గోల్డ్ ఎస్టేట్ ప్రైవేట్ లిమిటెడ్,"Phase Ii Vsez, Plot No 34/1D, Andhra Pradesh, Vishakhapatnam, Visakhapatnam","34/1D, Vishakhapatnam, Visakhapatnam, ఆంధ్రప్రదేశ్",India,MISSED_BY_BLOCKING,J_cross_script_dba,"One entity in native Indic script, other in English with different brand phrasing",Indic transliteration + consonant skeleton + address key
S1-490372842,S3,S3-292754865,Physical Therapy Group,physicaltherapygroup.com,"510 Mettabrook Drive, Swanton, OH","510 Mettabrook Dr, Swanton, Ohio",US,MISSED_BY_BLOCKING,C_website_domain_variation,Candidate name is a website/domain with unsegmented words while S1 is legal entity,Pass A: Strip TLD + token stem concatenation + address anchor
S1-490372842,S3,S3-33485222,Physical Therapy Group,Physical Group Partners,"510 Mettabrook Drive, Swanton, OH","Swanton, Ohio, 510 Mettabrook Drive",US,MISSED_BY_BLOCKING,I_legal_suffix_dominating,Lexical divergence across commercial branding,Address component intersection
S1-654078241,S2,S2-27298391,Southern Estate,सदर्न एस्टेट,"F-21, S/F, Lado Sarai, New Delhi, South West Delhi, Delhi","F-22, S/F, LADO SARAI, NEW DELHI, SOUTH WEST DELHI, Delhi",India,MISSED_BY_BLOCKING,J_cross_script_dba,"One entity in native Indic script, other in English with different brand phrasing",Indic transliteration + consonant skeleton + address key
S1-848176157,S3,S3-829744656,Dvs (India) India Private Limited,dvsindiaindia.com,"No.72 (Old No.781) T.H. Road Tondiarpet, Chennai, Tamil Nadu","No.72 (Old No.781) T.h. Rood Tondiarpet, Chennai, Chennai City, TN",India,MISSED_BY_BLOCKING,C_website_domain_variation,Candidate name is a website/domain with unsegmented words while S1 is legal entity,Pass A: Strip TLD + token stem concatenation + address anchor
S1-704886105,S2,S2-388864223,Sas Medical Centre Private Limited,Yumavera,"Building No Xiv/322B, Star Animal Feeds Thabore P O, Parambayam, Ernakulam, Kerala","BUILDING NO XIV/322B, ERNAKULAM, Kerala",India,MISSED_BY_BLOCKING,B_brand_vs_parent_company,Short distinctive brand name vs multi-word parent company name,Single distinctive brand token + address door/plot number
S1-424500417,S3,S3-285032732,Internal Medicine Diamond Health,lnternal Medicine Diamond Health,"WI, Town Of Apple River, Unit 3R, 956 165th Avenue","956 165th Ave, Unit 3R, Wisconsin, Balssam LAKE CDP",US,MISSED_BY_BLOCKING,I_legal_suffix_dominating,Lexical divergence across commercial branding,Address component intersection
S1-975479429,S2,S2-772066403,North South Estate Private Limited,నార్త్ సౌత్ ఎస్టేట్ ప్రైవేట్ లిమిటెడ్,"11-476/C, Bypass Road, Revenue Ward No. 11, Mangalagiri, Guntur, Andhra Pradesh","11-476/C, MANGALAGIRI, GUNTUR, Andhra Pradesh",India,MISSED_BY_BLOCKING,J_cross_script_dba,"One entity in native Indic script, other in English with different brand phrasing",Indic transliteration + consonant skeleton + address key
S1-975479429,S3,S3-289579400,North South Estate Private Limited,నార్త్ సౌత్ ఎస్టేట్ ప్రైవేట్ లిమిటెడ్,"11-476/C, Bypass Road, Revenue Ward No. 11, Mangalagiri, Guntur, Andhra Pradesh","Guntur, AP, Mangalagiri, 11-476/C",India,MISSED_BY_BLOCKING,J_cross_script_dba,"One entity in native Indic script, other in English with different brand phrasing",Indic transliteration + consonant skeleton + address key
S1-39305329,S3,S3-764383027,Pediatric Dentistry Clinic LLC,pediatricdentistryclinic.com,"7290 Old Sauk Road, City Of Madison, WI","7290 Old Sauk Rd, City Of Madison, Wisconsin",US,MISSED_BY_BLOCKING,C_website_domain_variation,Candidate name is a website/domain with unsegmented words while S1 is legal entity,Pass A: Strip TLD + token stem concatenation + address anchor
S1-39305329,S3,S3-815174461,Pediatric Dentistry Clinic LLC,Brixbelo,"7290 Old Sauk Road, City Of Madison, WI","7290 Old Sauk Rd, Madison, Wisconsin",US,MISSED_BY_BLOCKING,B_brand_vs_parent_company,Short distinctive brand name vs multi-word parent company name,Single distinctive brand token + address door/plot number
S1-821434436,S3,S3-869884588,Pediatric Dental Medicine PC,dpmedicine.com,"4735 Heber Springs Road, Ida, AR","4735 Heber Springs Road, Ida, Arkansas",US,MISSED_BY_BLOCKING,C_website_domain_variation,Candidate name is a website/domain with unsegmented words while S1 is legal entity,Pass A: Strip TLD + token stem concatenation + address anchor
S1-784416688,S3,S3-642765130,Raj Management Private Limited,राज मैनेजमेंट प्राइवेट लिमिटेड,"1B/1602, Mumbai, Mumbai City, Maharashtra, Whispering Palms, Lokhandwala Township Akurli Road, Kandivali (East)","A-1b/1602, Whispering Palms, Lokhandwala Township Akurli Road, Kandivali (East), Mumbai City, महाराष्ट्र",India,MISSED_BY_BLOCKING,J_cross_script_dba,"One entity in native Indic script, other in English with different brand phrasing",Indic transliteration + consonant skeleton + address key
S1-784416688,S3,S3-114558088,Raj Management Private Limited,राज मैनेजमेंट प्राइवेट लिमिटेड,"1B/1602, Mumbai, Mumbai City, Maharashtra, Whispering Palms, Lokhandwala Township Akurli Road, Kandivali (East)","A-1b/1602, Whispering Palms, Lokhandwala Township Akurli Road, Kandivali (East), Mumbai, Mumbai City, MH",India,MISSED_BY_BLOCKING,J_cross_script_dba,"One entity in native Indic script, other in English with different brand phrasing",Indic transliteration + consonant skeleton + address key
S1-306934395,S3,S3-656700332,Phulwari Foundation Private Limited,Phu1wari Fóundation Private Limited,"Sri. Subhash Kr.Sinha., S/O Uma Shankar Pd, Sahyogi Marg, Ex.Road, Kadamkuan, Phulwari, Patna, Bihar","Door No 927 Sri. Subhash Kr.sinha., S/o Uma Shankar Pd, Sahyogi Marg, Ex.road, Kadamkuan, Patna, Phulwari, BR",India,MISSED_BY_BLOCKING,I_legal_suffix_dominating,Lexical divergence across commercial branding,Address component intersection
S1-858675276,S2,S2-893764642,Pediatric Dentistry Specialists Inc,PEDIATRIC DENTI5TRY SPECIALISTS INC,"2305 Damon Court, Fl 0, Grants Pass, OR","OR, GRANTS PASS, 2305 DAMON CT",US,MISSED_BY_BLOCKING,I_legal_suffix_dominating,Lexical divergence across commercial branding,Address component intersection
S1-77549948,S2,S2-155382265,Empire Association,EMPIRE SERVICES,"505 Bray Street, IN, New Carlisle","05 BRAY ST, NEW CARLISLE, IN",US,MISSED_BY_BLOCKING,F_missing_business_name_tokens,Address matches strongly but business names have disparate commercial branding,High-precision address anchor (plot number + 2 distinctive street words)
S1-163556256,S3,S3-90637502,South Systems Private Limited,S0uth-Systems Private Limited,"A-11, The Amin Co.Op. Housing Society, Bage Nishat Society, Opp.Sonal Cinema, Ve, Jalpur, Ahmedabad, Gujarat","A-11, Ahmedabad, GJ",India,MISSED_BY_BLOCKING,I_legal_suffix_dominating,Lexical divergence across commercial branding,Address component intersection
S1-163556256,S2,S2-839642042,South Systems Private Limited,સાઉથ સિસ્ટમ્સ પ્રાઇવેટ લિમિટેડ,"A-11, The Amin Co.Op. Housing Society, Bage Nishat Society, Opp.Sonal Cinema, Ve, Jalpur, Ahmedabad, Gujarat","A-11, AHMEDABAD HQ REGION, Gujarat",India,MISSED_BY_BLOCKING,J_cross_script_dba,"One entity in native Indic script, other in English with different brand phrasing",Indic transliteration + consonant skeleton + address key
S1-473323471,S2,S2-970587697,Metropolitan Financial Associates,Metropolitan Associates Services,"131 Durkee Street, Unit APT 101, Village Of Lake Delton, WI","WISCONSIN DELLS, 129 DURKEE STREET, WI",US,MISSED_BY_BLOCKING,I_legal_suffix_dominating,Lexical divergence across commercial branding,Address component intersection
S1-201695701,S3,S3-164617735,Primary Care Associates LLC,PRlMARY CARE ASSOCIATES LLC,"13211 1800, Bradford, IL","13211 1800, null, Bradford, Illinois",US,MISSED_BY_BLOCKING,I_legal_suffix_dominating,Lexical divergence across commercial branding,Address component intersection
S1-201695701,S3,S3-321713612,Primary Care Associates LLC,Veovera doing business as Primary Care Associates LLC,"13211 1800, Bradford, IL","13211 1800, Bradford, IL",US,MISSED_BY_BLOCKING,I_legal_suffix_dominating,Lexical divergence across commercial branding,Address component intersection
S1-85129189,S2,S2-135197506,Internal Medicine Center LLC,lnternal Medicine Center  LLC,"Springfield, 2646 Sunshine Street, MO","SPRINGFIELD, MO, 2646 SUNSHINE STREET",US,MISSED_BY_BLOCKING,I_legal_suffix_dominating,Lexical divergence across commercial branding,Address component intersection
S1-569129448,S3,S3-192897209,Shivam Nursing Home,Pyraevo,"C/O Kantilal Mulji Nagda, 4-8-31, 2Ndfloor Vishwas Bhawan, Diwan Deodi, Gulmandi, Aurangabad, Maharashtra","C/O Kantilal Mulji Nagda, 4-8-31, 2Ndfloor Vishwas Bhawan, Diwan Deodi, Gulmandi, Aurangabad, Maharashtra",India,MISSED_BY_BLOCKING,B_brand_vs_parent_company,Short distinctive brand name vs multi-word parent company name,Single distinctive brand token + address door/plot number
S1-625874531,S2,S2-769217657,Southern Infotech Limited,सदर्न इंफोटेक लिमिटेड,"I 34, Basement Jangpura Extension, New Delhi, Delhi","I 34, CENTRAL DELHI, NEW DELHI, Delhi",India,MISSED_BY_BLOCKING,J_cross_script_dba,"One entity in native Indic script, other in English with different brand phrasing",Indic transliteration + consonant skeleton + address key
S1-344451726,S2,S2-577847389,Sterling Commercial Digital Inc,digitalsterlingcommercial.com,"4209 Murdock Avenue, Bronx, NY","209 MURDOCK AVE, BROXN, NY",US,MISSED_BY_BLOCKING,C_website_domain_variation,Candidate name is a website/domain with unsegmented words while S1 is legal entity,Pass A: Strip TLD + token stem concatenation + address anchor
S1-478804382,S3,S3-105647246,Global Traders Private Limited,Mirahal0,"17/1, New Road, Jhansi, Uttar Pradesh","17/1, Lalitpur, New Road, UP",India,MISSED_BY_BLOCKING,B_brand_vs_parent_company,Short distinctive brand name vs multi-word parent company name,Single distinctive brand token + address door/plot number
S1-43716243,S3,S3-101761834,Economic Development Foundation LLC,Ec0nomic Development Foundation LLC,"239 Rock Street, East Haven, CT","East Haven, Connecticut, #239 Rock Street",US,MISSED_BY_BLOCKING,I_legal_suffix_dominating,Lexical divergence across commercial branding,Address component intersection
S1-51370377,S3,S3-563615274,Great Impex LLP,ग्रेट इम्पेक्स एलएलपी,"House No. 3150 1St Floor, Basti Punjabian Subzi Mandi, Delhi, North Delhi, Delhi","Hose No. 3150 1St Floor, Delhi, Shakti Nagar, दिल्ली",India,MISSED_BY_BLOCKING,J_cross_script_dba,"One entity in native Indic script, other in English with different brand phrasing",Indic transliteration + consonant skeleton + address key
S1-416028368,S3,S3-678213014,Physical Therapy Superior Health Care,Physical Superior  Health Care Partners,"67 Market Street, Unit 1, Lawrence, MA","67 Market Street, # 1, Lawrence, Massachusetts",US,MISSED_BY_BLOCKING,I_legal_suffix_dominating,Lexical divergence across commercial branding,Address component intersection
S1-706510565,S3,S3-290090802,Sankalpa Ventures Private Limited,Dovariza,"C/O Roy, Christy Bhavan, Saint Thomas Vayanasala, Chirayinkeezhu, Thiruvananthapuram, Trivandrum, Kerala","C/o Roy, Thiruvananthapuram, Trivandrum, കേരളം",India,MISSED_BY_BLOCKING,B_brand_vs_parent_company,Short distinctive brand name vs multi-word parent company name,Single distinctive brand token + address door/plot number
S1-671151647,S2,S2-198961686,Beacon Equity Products LLC,8EACONEQUITYPRODUCTS.COM,"22 Shorewood Drive, Macomb, IL","SHOREWOOD DR, MACOMB, IL",US,MISSED_BY_BLOCKING,C_website_domain_variation,Candidate name is a website/domain with unsegmented words while S1 is legal entity,Pass A: Strip TLD + token stem concatenation + address anchor
S1-657625699,S2,S2-257177811,My Solutions Private Limited,माय सॉल्यूशंस प्राइवेट लिमिटेड,"Delhi, East Delhi, Delhi, C12 Gf Ganesh Nagar Pandav Nagar Complex","C##12 GF GANESH NAGAR PANDAV NAGAR COMPLEX, DELHI, EAST DELHI, Delhi",India,MISSED_BY_BLOCKING,J_cross_script_dba,"One entity in native Indic script, other in English with different brand phrasing",Indic transliteration + consonant skeleton + address key
S1-657625699,S3,S3-537345031,My Solutions Private Limited,privatesolutionsmy.com,"Delhi, East Delhi, Delhi, C12 Gf Ganesh Nagar Pandav Nagar Complex","C##12 Gf Ganesh Nagar Pandav Nagar Complex, Delhi, <NULL>, DL",India,MISSED_BY_BLOCKING,C_website_domain_variation,Candidate name is a website/domain with unsegmented words while S1 is legal entity,Pass A: Strip TLD + token stem concatenation + address anchor
S1-434417223,S2,S2-354715017,All Investment Private Limited,ऑल इन्वेस्टमेंट प्राइवेट लिमिटेड,"899, Sec 46, Na, Gurugram, Sadar Bazar, Gurgaon, Haryana","899, GURGAON, GURGAON SEC FOURTEEN, हरियाणा",India,MISSED_BY_BLOCKING,J_cross_script_dba,"One entity in native Indic script, other in English with different brand phrasing",Indic transliteration + consonant skeleton + address key
S1-434417223,S2,S2-92015009,All Investment Private Limited,ऑल इन्वेस्टमेंट प्राइवेट लिमिटेड,"899, Sec 46, Na, Gurugram, Sadar Bazar, Gurgaon, Haryana","Haryana, GURGAON, 899, GURGAON SEC FOURTEEN, SEC 46, NA, GURUGRAM",India,MISSED_BY_BLOCKING,J_cross_script_dba,"One entity in native Indic script, other in English with different brand phrasing",Indic transliteration + consonant skeleton + address key
S1-650660688,S2,S2-399912252,Paor Coastal Ridge,PÁORCOASTALRIDGE.COM,"314 2nd Street, Wickliffe, KY","#314 2ND ST, WICCKLIFFE, KY",US,MISSED_BY_BLOCKING,C_website_domain_variation,Candidate name is a website/domain with unsegmented words while S1 is legal entity,Pass A: Strip TLD + token stem concatenation + address anchor
S1-670217069,S3,S3-198986685,Fraker Integrated Berkley Inc,frakerintegratedberkley.com,"4817 7, Letcher, KY","4817 7, Letchr, Kentucky",US,MISSED_BY_BLOCKING,C_website_domain_variation,Candidate name is a website/domain with unsegmented words while S1 is legal entity,Pass A: Strip TLD + token stem concatenation + address anchor
S1-117189625,S2,S2-716171226,New Food Private Limited,न्यू फूड प्राइवेट लिमिटेड,"Flat No.201, T-163 Second Floor, Uttam Nagar, Delhi, West Delhi, Delhi","NO 8-201, SOUTH EAST DELHI, WEST DELHI, Delhi",India,MISSED_BY_BLOCKING,J_cross_script_dba,"One entity in native Indic script, other in English with different brand phrasing",Indic transliteration + consonant skeleton + address key
S1-501408163,S2,S2-995979802,Green Management Private Limited,ग्रीन मैनेजमेंट प्राइवेट लिमिटेड,"Haryana, Sadar Bazar, Gurgaon, Sector-38, Plot No. 31P","DOOR NO 31P, SECTOR-38, GURGAON, GURUGRAM SECTOR X, Haryana",India,MISSED_BY_BLOCKING,J_cross_script_dba,"One entity in native Indic script, other in English with different brand phrasing",Indic transliteration + consonant skeleton + address key
S1-652008768,S3,S3-964583522,Complete Equity Corporation,Complete Eqituy Corporation,"1080 Lake Avenue, Rochester, NY","810 Lake Avenue, Rochester, New York",US,MISSED_BY_BLOCKING,I_legal_suffix_dominating,Lexical divergence across commercial branding,Address component intersection
S1-952244178,S3,S3-630331250,Real Technology Private Limited,Real,"Opp Radhaswami Satsang Hall, Follower Lane Chowk, Kalyan Ambernath Ro, Ad, Maharashtra, C/O Royal Marbles, Ulhasnagar, Thane","C/O Royal Marbles, Opp Radhaswami Satsang Hall, Follower Lane Chowk, Kalyan Ambernath Ro, Ad, Ulhasnagar, Thane, Maharashtra",India,MISSED_BY_BLOCKING,B_brand_vs_parent_company,Short distinctive brand name vs multi-word parent company name,Single distinctive brand token + address door/plot number
S1-952244178,S2,S2-914560498,Real Technology Private Limited,रियल टेक्नोलॉजी प्राइवेट लिमिटेड,"Opp Radhaswami Satsang Hall, Follower Lane Chowk, Kalyan Ambernath Ro, Ad, Maharashtra, C/O Royal Marbles, Ulhasnagar, Thane","THANE, OPP RADHASWAMI SATSANG HALL, FOLLOWER LANE CHOWK, KALYAN AMBERNATH RO, AD, C/O ROYAL MARBLES, ULHASNAGAR, Maharashtra",India,MISSED_BY_BLOCKING,J_cross_script_dba,"One entity in native Indic script, other in English with different brand phrasing",Indic transliteration + consonant skeleton + address key
S1-801894442,S3,S3-573715420,Back Alley Ice Cream LLC,Korkor,"3239 Creosote Lane, Gilbert, AZ","239 Creosote Ln, Gilbert, Arizona",US,MISSED_BY_BLOCKING,B_brand_vs_parent_company,Short distinctive brand name vs multi-word parent company name,Single distinctive brand token + address door/plot number
S1-798132216,S3,S3-380223548,"Negrete, Hines & Flores Morgan",negretehinesflores.com,"Chelsea, MA, Unit 1, 31 Crescent Avenue","Massachusetts, Chelsea, 31 Crescent Ave",US,MISSED_BY_BLOCKING,C_website_domain_variation,Candidate name is a website/domain with unsegmented words while S1 is legal entity,Pass A: Strip TLD + token stem concatenation + address anchor
S1-186095254,S3,S3-37901527,Apex Infrastructure Advisors,#apexinfrastructure,"17947 220th Avenue, Big Lake, MN","220th Avenue, Big Lae, Minnesota",US,MISSED_BY_BLOCKING,B_brand_vs_parent_company,Short distinctive brand name vs multi-word parent company name,Single distinctive brand token + address door/plot number
S1-370447359,S2,S2-365692796,Galaxy Exports Private Limited,गैलेक्सी एक्सपोर्ट्स प्राइवेट लिमिटेड,"A-305, Tower A, Sector-86, Adore Happy Homes, Faridabad, Haryana","FARIDABAD, हरियाणा, A-B3/305, FARIDABAD",India,MISSED_BY_BLOCKING,J_cross_script_dba,"One entity in native Indic script, other in English with different brand phrasing",Indic transliteration + consonant skeleton + address key
S1-292629594,S2,S2-233818325,EDE Constructions Private Limited,Private EDE Cnttructions Limited,"Survey No. 22/2 Cts No 4691, 4889 & 4990, Pimpri, Maharashtra, Shewale Centre A, Pune","SHEWALE CENTRE A, PUNE, महाराष्ट्र",India,MISSED_BY_BLOCKING,I_legal_suffix_dominating,Lexical divergence across commercial branding,Address component intersection
S1-197205293,S2,S2-175963404,Om Investments,ॐ इन्वेस्टमेंट्स,"C/O Mr Rajkumar, Vpo Parsaul, Goutam Budd Nagar, Gautam Buddha Nagar, Uttar Pradesh","GOUTAM BUDD NAGAR, Uttar Pradesh, VPO PARSAUL, C/O MR RAJKUMAR, GAUTAM BUDDHA NAGAR",India,MISSED_BY_BLOCKING,J_cross_script_dba,"One entity in native Indic script, other in English with different brand phrasing",Indic transliteration + consonant skeleton + address key
S1-231737550,S3,S3-720584288,New Hitech Producer Private Limited,न्यू हाईटेक प्रोड्यूसर प्राइवेट लिमिटेड,"H.No.4, Sn.1 New Highway, Ambegaon Bk, Pune, Maharashtra","H.no.4, Sn.1 New Highway, Ambegaon Bk, Pune, MH",India,MISSED_BY_BLOCKING,J_cross_script_dba,"One entity in native Indic script, other in English with different brand phrasing",Indic transliteration + consonant skeleton + address key
S1-231737550,S2,S2-160952214,New Hitech Producer Private Limited,न्यू हाईटेक प्रोड्यूसर प्राइवेट लिमिटेड,"H.No.4, Sn.1 New Highway, Ambegaon Bk, Pune, Maharashtra","NO #4, PUNE, Maharashtra",India,MISSED_BY_BLOCKING,J_cross_script_dba,"One entity in native Indic script, other in English with different brand phrasing",Indic transliteration + consonant skeleton + address key
S1-231737550,S2,S2-242448402,New Hitech Producer Private Limited,न्यू हाईटेक प्रोड्यूसर प्राइवेट लिमिटेड,"H.No.4, Sn.1 New Highway, Ambegaon Bk, Pune, Maharashtra","H.NO.#4, PUNE, Maharashtra",India,MISSED_BY_BLOCKING,J_cross_script_dba,"One entity in native Indic script, other in English with different brand phrasing",Indic transliteration + consonant skeleton + address key
S1-592098183,S2,S2-467053297,Baptist Direct Church,baptistdirectchurch.com,"VA, Unit STE TA3, 7839 Enola Street, Fairfax County","VA, MC LEANCDP, 839 ENOLA ST",US,MISSED_BY_BLOCKING,C_website_domain_variation,Candidate name is a website/domain with unsegmented words while S1 is legal entity,Pass A: Strip TLD + token stem concatenation + address anchor
S1-526539553,S2,S2-473888328,Bright Trading LLP,బ్రైట్ ట్రేడింగ్ ఎల్‌ఎల్‌పీ,"Door No 83C/4, 5-94-14/A, 6/13Th Line, Brodipet, Guntur, Andhra Pradesh","Andhra Pradesh, H.NO 83C/4, GUNTUR",India,MISSED_BY_BLOCKING,J_cross_script_dba,"One entity in native Indic script, other in English with different brand phrasing",Indic transliteration + consonant skeleton + address key
S1-526539553,S3,S3-705514283,Bright Trading LLP,బ్రైట్ ట్రేడింగ్ ఎల్‌ఎల్‌పీ,"Door No 83C/4, 5-94-14/A, 6/13Th Line, Brodipet, Guntur, Andhra Pradesh","3C/4, 5-94-14/A, 6/13Th Line, Brodipet, Guntur, ఆంధ్రప్రదేశ్",India,MISSED_BY_BLOCKING,J_cross_script_dba,"One entity in native Indic script, other in English with different brand phrasing",Indic transliteration + consonant skeleton + address key
S1-231419296,S2,S2-846358762,Bright Agro Private Limited,ब्राइट एग्रो प्राइवेट लिमिटेड,"C/O Karna Kumar Goswami At- Kaura Maidan, Jamalpur Road, Munger, Bihar","Bihar, MUNGER, JAMALPUR ROAD, C/O KARNA KUMAR GOSWAMI AT- KAURA MAIDAN, MUNGER",India,MISSED_BY_BLOCKING,J_cross_script_dba,"One entity in native Indic script, other in English with different brand phrasing",Indic transliteration + consonant skeleton + address key
S1-899650223,S2,S2-584669918,Aditya Consultancy Limited,आदित्य कंसल्टेंसी लिमिटेड,"Abhay Steel House, Baroda Street, Mumbai, Masjid Bunder (East), Office No. 504, Maharashtra","OFFICE NO. 504, MUMBAI, महाराष्ट्र, MASJID BUNDER (EAST)",India,MISSED_BY_BLOCKING,J_cross_script_dba,"One entity in native Indic script, other in English with different brand phrasing",Indic transliteration + consonant skeleton + address key
S1-704919417,S3,S3-184554630,NBI Works LLP,NBI LLP  Center,"Uttar Pradesh, Lakhimpur, S/O Sri Sobran Lal Bajpai, Kheri, Village Khakra Chhauchh","Hn D/869 Village Khakra Chhauchh, S/o Sri Sobran Lal Bajpai, Kheri, Lakhimpur, उत्तर प्रदेश",India,MISSED_BY_BLOCKING,I_legal_suffix_dominating,Lexical divergence across commercial branding,Address component intersection
S1-17545301,S3,S3-613510793,Bluerose India (India) Limited,Smt Bluerose Ihfa (India) Limited,"A-605, 2Nd Floor, Raghubir Nagar, Delhi, West Delhi, Delhi","DL, Hn 332 A-605, West Delhi, 2Nd Floor, Raghubir Nagar",India,MISSED_BY_BLOCKING,I_legal_suffix_dominating,Lexical divergence across commercial branding,Address component intersection
S1-257343619,S2,S2-935590254,Technologies Recent Builders Private Limited,TECHNOLOGIESRECENTBUILDERS.COM,"F1, Tamil Nadu, Ambattur, Tiruvallur, Akshaya, Plot. No 45, Sivananda Nagar, Kolathur, Chennai","F01, AKSHAYA, PLOT. NO 45, SIVANANDA NAGAR, KOLATHUR, CHENNAI, AMBATTUR, Tamil Nadu",India,MISSED_BY_BLOCKING,C_website_domain_variation,Candidate name is a website/domain with unsegmented words while S1 is legal entity,Pass A: Strip TLD + token stem concatenation + address anchor
S1-257343619,S3,S3-344535187,Technologies Recent Builders Private Limited,technologiesrecentbuilders.com,"F1, Tamil Nadu, Ambattur, Tiruvallur, Akshaya, Plot. No 45, Sivananda Nagar, Kolathur, Chennai","F1, Ambattur, Tiruvallur, TN",India,MISSED_BY_BLOCKING,D_website_redirect_weak_address,Domain name present but address is missing or disparate,Strict domain core exact match + country agreement
S1-891697553,S3,S3-910169908,Raj Hospitality Private Limited,రాజ్ హాస్పిటాలిటీ ప్రైవేట్ లిమిటెడ్,"1100/Asg/B1003, Aparnagrande, Nallagandla Serilingampally, Hyderabadcentralunive, Rsity, Hyderabad, Rangareddy, Telangana","1100/Asg/B1003, Hyderabad, Rangareddy, Andhra Pradesh",India,MISSED_BY_BLOCKING,J_cross_script_dba,"One entity in native Indic script, other in English with different brand phrasing",Indic transliteration + consonant skeleton + address key
S1-891697553,S3,S3-562670976,Raj Hospitality Private Limited,రాజ్ హాస్పిటాలిటీ ప్రైవేట్ లిమిటెడ్,"1100/Asg/B1003, Aparnagrande, Nallagandla Serilingampally, Hyderabadcentralunive, Rsity, Hyderabad, Rangareddy, Telangana","Andhra Pradesh, Hyderabad, 1100/Asg/B1003, Aparnagrande, Nallagandla Serilingampally, Hyderabadcentralunive, Rsity",India,MISSED_BY_BLOCKING,J_cross_script_dba,"One entity in native Indic script, other in English with different brand phrasing",Indic transliteration + consonant skeleton + address key
S1-891697553,S2,S2-72396943,Raj Hospitality Private Limited,రాజ్ హాస్పిటాలిటీ ప్రైవేట్ లిమిటెడ్,"1100/Asg/B1003, Aparnagrande, Nallagandla Serilingampally, Hyderabadcentralunive, Rsity, Hyderabad, Rangareddy, Telangana","NO. 11 1100/ASG/B1003, RANGAREDDY, HYDERABAD, Telangana",India,MISSED_BY_BLOCKING,J_cross_script_dba,"One entity in native Indic script, other in English with different brand phrasing",Indic transliteration + consonant skeleton + address key
S1-172478061,S2,S2-418813802,Smart Media Pvt Ltd,స్మార్ట్ మీడియా ప్రైవేట్ లిమిటెడ్,"D.No:208, Block B Environ Towers, Mamatha Nagar Colony, Na, Gole, Hyderabad, Telangana","D.NO:208, HYDERABAD, తెలంగాణ",India,MISSED_BY_BLOCKING,J_cross_script_dba,"One entity in native Indic script, other in English with different brand phrasing",Indic transliteration + consonant skeleton + address key
S1-451533800,S3,S3-42060500,"Hajek, Violetta, D.C., P.C.",hajekviolettadc.com,"1303 Garner Avenue, Schenectady, NY","1451 Garner Ave, Schenecttady, New York",US,MISSED_BY_BLOCKING,C_website_domain_variation,Candidate name is a website/domain with unsegmented words while S1 is legal entity,Pass A: Strip TLD + token stem concatenation + address anchor
S1-772118072,S3,S3-409832782,"Physical Therapy Medicine, LLC","Physical Tnrepy Medicine, LLC","TN, 2140 Knight Creek Road, Norene","2140 Knight Creek Road, Norene, Tennessee",US,MISSED_BY_BLOCKING,I_legal_suffix_dominating,Lexical divergence across commercial branding,Address component intersection
S1-246946532,S3,S3-164087852,Pediatric Dentistry Group Inc,Inc Pediatric Demntittry Group,"PA, Walker Twp, 299 Pike Road","0299 Pike Rd, Howard, Pennsylvania",US,MISSED_BY_BLOCKING,I_legal_suffix_dominating,Lexical divergence across commercial branding,Address component intersection
S1-80681352,S3,S3-979679298,Foundation Senthil (india) Private Limited,@Foundationsenthil,"14/672 Indira Nagar, Uttar Pradesh, Lucknow","#12/672 Indira Nagar, Lucknow, उत्तर प्रदेश, Lucknow",India,MISSED_BY_BLOCKING,C_website_domain_variation,Candidate name is a website/domain with unsegmented words while S1 is legal entity,Pass A: Strip TLD + token stem concatenation + address anchor
S1-580998526,S3,S3-520921269,Urban Impex Private Limited,अर्बन इम्पेक्स प्राइवेट लिमिटेड,"Pune, Flat No 3, Bldg No 3 Koregaon Road, 5 Koregaon Park Atur Park Co Op Hsg Soci, Ety, Maharashtra","Flat No 3, Bldg No 3 Koregaon Road, 5 Koregaon Park Atur Park Co Op Hsg Soci, Ety, Poona, Pune, MH",India,MISSED_BY_BLOCKING,J_cross_script_dba,"One entity in native Indic script, other in English with different brand phrasing",Indic transliteration + consonant skeleton + address key
S1-580998526,S2,S2-616632151,Urban Impex Private Limited,अर्बन इम्पेक्स प्राइवेट लिमिटेड,"Pune, Flat No 3, Bldg No 3 Koregaon Road, 5 Koregaon Park Atur Park Co Op Hsg Soci, Ety, Maharashtra","3, BLDG NO 3 KOREGAON ROAD, 5 KOREGAON PARK ATUR PARK CO OP HSG SOCI, ETY, PUNE, Maharashtra",India,MISSED_BY_BLOCKING,J_cross_script_dba,"One entity in native Indic script, other in English with different brand phrasing",Indic transliteration + consonant skeleton + address key
S1-580998526,S2,S2-245233543,Urban Impex Private Limited,अर्बन इम्पेक्स प्राइवेट लिमिटेड,"Pune, Flat No 3, Bldg No 3 Koregaon Road, 5 Koregaon Park Atur Park Co Op Hsg Soci, Ety, Maharashtra","FLAT NO 3, BLDG NO 3 KOREGAON ROAD, 5 KOREGAON PARK ATUR PARK CO OP HSG SOCI, ETY, PUNE, Maharashtra",India,MISSED_BY_BLOCKING,J_cross_script_dba,"One entity in native Indic script, other in English with different brand phrasing",Indic transliteration + consonant skeleton + address key
S1-632256194,S3,S3-528266727,Cardiology Group Partners,Cardiology Group Trading,"2110 Courtside Lane, Unit 208, Charlotte, NC",,US,MISSED_BY_BLOCKING,G_empty_or_weak_address,"Address is empty or severely truncated, preventing composite address blocking",Distinctive multi-word name signature fallback (min length 10)
S1-314714647,S3,S3-192802051,Seabird (India) Projects-Lucknow,Xylonexbrix,"Lucknow, 3/77, Lucknow, Vipul Khand, Opp. Study Hall School Gomtinagar, Uttar Pradesh","3/7, Lucknow, UP",India,MISSED_BY_BLOCKING,B_brand_vs_parent_company,Short distinctive brand name vs multi-word parent company name,Single distinctive brand token + address door/plot number
S1-756153272,S3,S3-802490649,Pioneer Software Limited,Pioneer Limited Partners,"Survey No. 222/1, Cherlapally Road Ecil Post, Hyderabad, Telangana",,India,MISSED_BY_BLOCKING,G_empty_or_weak_address,"Address is empty or severely truncated, preventing composite address blocking",Distinctive multi-word name signature fallback (min length 10)
S1-756153272,S2,S2-874383289,Pioneer Software Limited,పయనీర్ సాఫ్ట్‌వేర్ లిమిటెడ్,"Survey No. 222/1, Cherlapally Road Ecil Post, Hyderabad, Telangana","#22/1, CHERLAPALLY ROAD ECIL POST, HYDERABAD, null, Telangana",India,MISSED_BY_BLOCKING,J_cross_script_dba,"One entity in native Indic script, other in English with different brand phrasing",Indic transliteration + consonant skeleton + address key
S1-846442990,S3,S3-618995768,Happy Bike Shop! Inc,Happybikeshop.Com,"1096 Mcmillan Street, Atlanta, GA","1096 Mcmillan St, Atlanta, Georgia",US,MISSED_BY_BLOCKING,C_website_domain_variation,Candidate name is a website/domain with unsegmented words while S1 is legal entity,Pass A: Strip TLD + token stem concatenation + address anchor
S1-846442990,S2,S2-559542261,Happy Bike Shop! Inc,happybikeshop.com,"1096 Mcmillan Street, Atlanta, GA","1096 MCMILLAN ST, ATL, GA",US,MISSED_BY_BLOCKING,C_website_domain_variation,Candidate name is a website/domain with unsegmented words while S1 is legal entity,Pass A: Strip TLD + token stem concatenation + address anchor
S1-750590059,S3,S3-377903912,Smart & Brothers Private Limited,smartbrothers.com,"Plot No 83-B, F/F, Kh No. 104/11 Amar Colony Phase 2, Mundka Mdk N494, Delhi, West Delhi, Delhi","H.no 83-B, North West, Delhi, DL",India,MISSED_BY_BLOCKING,C_website_domain_variation,Candidate name is a website/domain with unsegmented words while S1 is legal entity,Pass A: Strip TLD + token stem concatenation + address anchor
S1-455390061,S3,S3-828037992,Martin Uranium LLC,martinuranium.c0m,"10905 Hopewell Road, Unit B, Putnam County, TN","1090 Hopewell Rd, # B, Putnam County, Tennessee",US,MISSED_BY_BLOCKING,I_legal_suffix_dominating,Lexical divergence across commercial branding,Address component intersection
S1-766594564,S2,S2-904337334,Cardiology Physicians Inc,CARDlOLOGY INC SERVICE,"160 Commonwealth Avenue, Unit L-4, Boston, MA","960 Commonwealth Ave, BOSTON, MA",US,MISSED_BY_BLOCKING,I_legal_suffix_dominating,Lexical divergence across commercial branding,Address component intersection
S1-53189919,S2,S2-34118468,Gold Infotech Private Limited,கோல்டு Infotech பிரைவேட் லிமிடெட்,"Tamil Nadu, Chennai, Arumbakkam, Old No.14/3, Sri Sai Illam, Ramasamy Ra Santropalayam, New No.52/1","NEW NO.52/1, OLD NO.14/3, SRI SAI ILLAM, RAMASAMY RA SANTROPALAYAM, ARUMBAKKAM, CHENNAI, Tamil Nadu",India,MISSED_BY_BLOCKING,J_cross_script_dba,"One entity in native Indic script, other in English with different brand phrasing",Indic transliteration + consonant skeleton + address key
S1-53189919,S2,S2-788660149,Gold Infotech Private Limited,கோல்டு இன்ஃபோடெக் பிரைவேட் லிமிடெட்,"Tamil Nadu, Chennai, Arumbakkam, Old No.14/3, Sri Sai Illam, Ramasamy Ra Santropalayam, New No.52/1","NEW NO.52/1, ARUMBAKKAM, CHENNAI, Tamil Nadu",India,MISSED_BY_BLOCKING,J_cross_script_dba,"One entity in native Indic script, other in English with different brand phrasing",Indic transliteration + consonant skeleton + address key
S1-53189919,S2,S2-732671485,Gold Infotech Private Limited,கோல்டு இன்ஃபோடெக் பிரைவேட் லிமிடெட்,"Tamil Nadu, Chennai, Arumbakkam, Old No.14/3, Sri Sai Illam, Ramasamy Ra Santropalayam, New No.52/1","NEW NO.52/1, OLD NO.14/3, SRI SAI ILLAM, RAMASAMY RA SANTROPALAYAM, ARUMBAKKAM, CHENNAI, Tamil Nadu",India,MISSED_BY_BLOCKING,J_cross_script_dba,"One entity in native Indic script, other in English with different brand phrasing",Indic transliteration + consonant skeleton + address key
S1-805520274,S2,S2-488228059,Rohtak Exports Private Limited,Fluxmirayuma,"22, Rajiv Nagar, Kaccha Chamaria Road, Rohtak, Haryana","22, ROTHAK, ROHTAK, Haryana",India,MISSED_BY_BLOCKING,B_brand_vs_parent_company,Short distinctive brand name vs multi-word parent company name,Single distinctive brand token + address door/plot number
S1-277568549,S2,S2-636577186,Womens Health Center,Womens Center  Service,"8017 Dominion Park Drive, Hanover County, VA","8017-8021 DOMINION PARK DR, HANOVER COUNTY, VA",US,MISSED_BY_BLOCKING,I_legal_suffix_dominating,Lexical divergence across commercial branding,Address component intersection
S1-189278106,S3,S3-492436921,Rocky State,Rocky Sbnet,"2825 Main Street, South Bend, IN",,US,MISSED_BY_BLOCKING,G_empty_or_weak_address,"Address is empty or severely truncated, preventing composite address blocking",Distinctive multi-word name signature fallback (min length 10)
S1-600935743,S2,S2-347005800,All Solutions Private Limited,ઓલ સોલ્યુશન્સ પ્રાઇવેટ લિમિટેડ,"Gf 2-3-7, Sarswati Complex, 39, Sampatrao Colony, Alkapuri, Vadodara, Gujarat","GF 02-3-7, VADODARA, Gujarat",India,MISSED_BY_BLOCKING,J_cross_script_dba,"One entity in native Indic script, other in English with different brand phrasing",Indic transliteration + consonant skeleton + address key
S1-176194512,S2,S2-753330615,Universal Properties Pvt Ltd,ಯುನಿವರ್ಸಲ್ ಪ್ರಾಪರ್ಟೀಸ್ ಪ್ರೈವೇಟ್ ಲಿಮಿಟೆಡ್,"6410, Singapura Vinayakanagar, Vidyaranapura P, Bangalore, Bengaluru, Karnataka, C/O Parveen Taj","C/O PARVEEN TAJ, BENGALURU, BANGALORE, Karnataka",India,MISSED_BY_BLOCKING,J_cross_script_dba,"One entity in native Indic script, other in English with different brand phrasing",Indic transliteration + consonant skeleton + address key
S1-176194512,S3,S3-540862469,Universal Properties Pvt Ltd,ಯುನಿವರ್ಸಲ್ ಪ್ರಾಪರ್ಟೀಸ್ ಪ್ರೈವೇಟ್ ಲಿಮಿಟೆಡ್,"6410, Singapura Vinayakanagar, Vidyaranapura P, Bangalore, Bengaluru, Karnataka, C/O Parveen Taj","null, Bangalore, C/o Parveen Taj, Bengaluru, KA",India,MISSED_BY_BLOCKING,J_cross_script_dba,"One entity in native Indic script, other in English with different brand phrasing",Indic transliteration + consonant skeleton + address key
S1-176194512,S2,S2-126037988,Universal Properties Pvt Ltd,ಯುನಿವರ್ಸಲ್ ಪ್ರಾಪರ್ಟೀಸ್ ಪ್ರೈವೇಟ್ ಲಿಮಿಟೆಡ್,"6410, Singapura Vinayakanagar, Vidyaranapura P, Bangalore, Bengaluru, Karnataka, C/O Parveen Taj","BANGALORE, BENGALURU, Karnataka, C/O PARVEEN TAJ, 6410, SINGAPURA VINAYAKANAGAR, VIDYARANAPURA P",India,MISSED_BY_BLOCKING,J_cross_script_dba,"One entity in native Indic script, other in English with different brand phrasing",Indic transliteration + consonant skeleton + address key
S1-347673275,S3,S3-985043409,Dova Tri-State State,DTS,"Oakwood, Unit 3, OH, 26240 Broadway Avenue","26240 Broadway Avenue, Unit 3, Oakwood, OH",US,MISSED_BY_BLOCKING,E_abbreviated_brand_acronym,Entity name is an acronym/initialism of the full corporate name,Deterministic acronym generation + postal/address anchor
S1-216137765,S3,S3-818304481,Gold Projects Pvt Ltd,ಗೋಲ್ಡ್ ಪ್ರಾಜೆಕ್ಟ್ಸ್ ಪ್ರೈವೇಟ್ ಲಿಮಿಟೆಡ್,"Flat No.A-1101, 11Th Floor, Advaitha Aksha Apartment A Block, Jakkasandra Grama, Bangalore South, Bangalore, Karnataka","Fat No.a-101, 11Th Floor, Advaitha Aksha Apartment A Block, Jakkasandra Grama, Bangalore, Bangalore South, KA",India,MISSED_BY_BLOCKING,J_cross_script_dba,"One entity in native Indic script, other in English with different brand phrasing",Indic transliteration + consonant skeleton + address key
S1-604672315,S3,S3-787333115,Womens Health Group LP,W0mens Health,"1595 Berry Street, Salem, OR","1595 Berry St, Salem, Oregon",US,MISSED_BY_BLOCKING,I_legal_suffix_dominating,Lexical divergence across commercial branding,Address component intersection
S1-885291518,S3,S3-56999910,New Delhi Store Private Limited,New Deeclhi Store Private Limited,"417, 418, 419, Ansal Tower 38 Nehru Place, New Delhi, South Delhi, Delhi","417, New Delhi, DL",India,MISSED_BY_BLOCKING,I_legal_suffix_dominating,Lexical divergence across commercial branding,Address component intersection
S1-885291518,S3,S3-829305150,New Delhi Store Private Limited,Evosol One trading as New Delhi Store Private Limited,"417, 418, 419, Ansal Tower 38 Nehru Place, New Delhi, South Delhi, Delhi","417, 418, 419, Ansal Tower 38 Nehru Place, New Delhi, South Delhi, Delhi",India,MISSED_BY_BLOCKING,A_dba_vs_legal_entity,DBA keyword present separating trade brand from legal parent,Explicit DBA token splitting + alias indexing
S1-885291518,S2,S2-955711664,New Delhi Store Private Limited,New Dhi Store Private Limited,"417, 418, 419, Ansal Tower 38 Nehru Place, New Delhi, South Delhi, Delhi","BLOCK C-779 417, 418, 419, ANSAL TOWER 38 NEHRU PLACE, NEW DELHI, Delhi",India,MISSED_BY_BLOCKING,I_legal_suffix_dominating,Lexical divergence across commercial branding,Address component intersection
S1-558830851,S3,S3-630511519,Urgent Care Pioneer Clinic PLLC,urgentcarepioneer.com,"521 Bedloe Way, Knoxville, TN","521 Bedloe Way, Knoxville, Tennessee",US,MISSED_BY_BLOCKING,C_website_domain_variation,Candidate name is a website/domain with unsegmented words while S1 is legal entity,Pass A: Strip TLD + token stem concatenation + address anchor
S1-946217772,S2,S2-39162194,Vinayak (india) Pvt. Ltd.,VINAYAKINDIA.COM,"No: 1, Chandresh Mandir, Lodha Heaven Nilje, Dombivli East, Thane, Maharashtra","NO. ##46 NO: 1, CHANDRESH MANDIR, LADHA HEAVEN NILJE, DOMBIVLI EAST, THANE, Maharashtra",India,MISSED_BY_BLOCKING,C_website_domain_variation,Candidate name is a website/domain with unsegmented words while S1 is legal entity,Pass A: Strip TLD + token stem concatenation + address anchor
S1-946217772,S3,S3-363195895,Vinayak (india) Pvt. Ltd.,Deltanovi formerly known as Vinayak (india) Pvt. Ltd.,"No: 1, Chandresh Mandir, Lodha Heaven Nilje, Dombivli East, Thane, Maharashtra","No: 1, Chandresh Mandir, Lodha Heaven Nilje, Dombivli East, Thane, Maharashtra",India,MISSED_BY_BLOCKING,A_dba_vs_legal_entity,DBA keyword present separating trade brand from legal parent,Explicit DBA token splitting + alias indexing
S1-620955468,S2,S2-485392931,Desert Bsp Inc,Desert  Inc Center Enterprises,"3921 Pleasant Run Road, Irving, TX",,US,MISSED_BY_BLOCKING,G_empty_or_weak_address,"Address is empty or severely truncated, preventing composite address blocking",Distinctive multi-word name signature fallback (min length 10)
S1-986953974,S2,S2-838378248,Shivam International Pvt Ltd,શિવમ ઇન્ટરનેશનલ પ્રા. લિ.,"Shivalik House, Nr. Aarjav Society, Nr.Satellite Policestation, Opp.Satyagruh, Chhavani, Ahmedabad, Gujarat","SHIVALIK HOUSE, AHMEDABAD, Gujarat",India,MISSED_BY_BLOCKING,J_cross_script_dba,"One entity in native Indic script, other in English with different brand phrasing",Indic transliteration + consonant skeleton + address key
S1-986953974,S2,S2-680677312,Shivam International Pvt Ltd,શિવમ ઇન્ટરનેશનલ પ્રા. લિ.,"Shivalik House, Nr. Aarjav Society, Nr.Satellite Policestation, Opp.Satyagruh, Chhavani, Ahmedabad, Gujarat","SHIVALIK HOUSE, NR. AARJAV SOCIETY, NR.SATELLITE POLICESTATION, OPP.SATYAGRUH, CHHAVANI, AHMEDABAD, Gujarat",India,MISSED_BY_BLOCKING,J_cross_script_dba,"One entity in native Indic script, other in English with different brand phrasing",Indic transliteration + consonant skeleton + address key
S1-986953974,S3,S3-12048174,Shivam International Pvt Ltd,શિવમ ઇન્ટરનેશનલ પ્રા. લિ.,"Shivalik House, Nr. Aarjav Society, Nr.Satellite Policestation, Opp.Satyagruh, Chhavani, Ahmedabad, Gujarat","No 302 Shivalik House, Ahmedabad, GJ",India,MISSED_BY_BLOCKING,J_cross_script_dba,"One entity in native Indic script, other in English with different brand phrasing",Indic transliteration + consonant skeleton + address key
S1-958798894,S3,S3-85608460,Seven Global Private Limited,sgprivate.com,"Ernakulam, Kerala, Ernakulam, Ix/ 3216 Masjid Road, Edachira Thengod P O","Ix/ 3216 Masjid Road, Edachira Thengod P O, Ernakulam, കേരളം",India,MISSED_BY_BLOCKING,C_website_domain_variation,Candidate name is a website/domain with unsegmented words while S1 is legal entity,Pass A: Strip TLD + token stem concatenation + address anchor
S1-167152472,S2,S2-356211629,Silver Hospitality,సిల్వర్ హాస్పిటాలిటీ,"Plot No 114, First Floor, Ushodaya Towers Shapoor Nagar, Ida, Jeedimetla, Hyderabad, Telangana","DOOR NO 114, JEEDIMETLA, HYDERABAD, Telangana",India,MISSED_BY_BLOCKING,J_cross_script_dba,"One entity in native Indic script, other in English with different brand phrasing",Indic transliteration + consonant skeleton + address key
S1-987754641,S3,S3-516512482,Ethnic Touch-Aligarh,Deltasol,"15, Ground Floor, Alig Corporate Plaza Marris Road, Aligarh, Uttar Pradesh","Uttar Pradesh, Aligarh, Ground Floor, Alig Corporate Plaza Marris Road, 15",India,MISSED_BY_BLOCKING,B_brand_vs_parent_company,Short distinctive brand name vs multi-word parent company name,Single distinctive brand token + address door/plot number
S1-987754641,S3,S3-944732175,Ethnic Touch-Aligarh,Tethnic.Com,"15, Ground Floor, Alig Corporate Plaza Marris Road, Aligarh, Uttar Pradesh","15, NULL, Aligarh, UP",India,MISSED_BY_BLOCKING,C_website_domain_variation,Candidate name is a website/domain with unsegmented words while S1 is legal entity,Pass A: Strip TLD + token stem concatenation + address anchor
S1-638710413,S2,S2-474004689,First International Private Limited,Mr FIRST INTERNATIONAL PRIVATE,"C/O. Neeta Bhardwaj, Bharat Colony, Faridabad, Haryana",,India,MISSED_BY_BLOCKING,G_empty_or_weak_address,"Address is empty or severely truncated, preventing composite address blocking",Distinctive multi-word name signature fallback (min length 10)
S1-840278172,S3,S3-240882584,Royal Consulting Private Limited,रॉयल कंसल्टिंग प्राइवेट लिमिटेड,"S.No 64/5, Fl No C10, Padma Park Apartment Near Padamavati Mandir, Pune, Maharashtra","Plot 570 S.no 64/5, Pune, MH",India,MISSED_BY_BLOCKING,J_cross_script_dba,"One entity in native Indic script, other in English with different brand phrasing",Indic transliteration + consonant skeleton + address key
S1-781324018,S3,S3-648591253,Global Solutions Private Limited,ಗ್ಲೋಬಲ್ ಸೊಲ್ಯೂಷನ್ಸ್ ಪ್ರೈವೇಟ್ ಲಿಮಿಟೆಡ್,"#45, 46, 47, Bylakonenahalli Kachohalli Industrial Area, Dasanapura H, Obli, Bangalore, Karnataka","H.no 45, Bangalore, KA",India,MISSED_BY_BLOCKING,J_cross_script_dba,"One entity in native Indic script, other in English with different brand phrasing",Indic transliteration + consonant skeleton + address key
S1-781324018,S2,S2-667191157,Global Solutions Private Limited,ಗ್ಲೋಬಲ್ ಸೊಲ್ಯೂಷನ್ಸ್ ಪ್ರೈವೇಟ್ ಲಿಮಿಟೆಡ್,"#45, 46, 47, Bylakonenahalli Kachohalli Industrial Area, Dasanapura H, Obli, Bangalore, Karnataka","NO 45., BENGALURU, BANGALORE, ಕರ್ನಾಟಕ",India,MISSED_BY_BLOCKING,J_cross_script_dba,"One entity in native Indic script, other in English with different brand phrasing",Indic transliteration + consonant skeleton + address key
S1-781324018,S2,S2-123025336,Global Solutions Private Limited,ಗ್ಲೋಬಲ್ ಸೊಲ್ಯೂಷನ್ಸ್ ಪ್ರೈವೇಟ್ ಲಿಮಿಟೆಡ್,"#45, 46, 47, Bylakonenahalli Kachohalli Industrial Area, Dasanapura H, Obli, Bangalore, Karnataka","#45., BENGALURU, BANGALORE, Karnataka",India,MISSED_BY_BLOCKING,J_cross_script_dba,"One entity in native Indic script, other in English with different brand phrasing",Indic transliteration + consonant skeleton + address key
S1-222115348,S2,S2-10956131,Consulting Vb Productsprivate Ltd,vbconsultingcom,"Groundfloor Zameercomplex, Behind Sbi, Canal Road, Raebarely, Raebareli, Uttar Pradesh","GROUNDFLOOR ZAMERECOMPLEX, RAEBARELI, उत्तर प्रदेश",India,MISSED_BY_BLOCKING,B_brand_vs_parent_company,Short distinctive brand name vs multi-word parent company name,Single distinctive brand token + address door/plot number
S1-245933944,S2,S2-597479694,HL Agrasen Limited,HL Limited  Services,"C/O.Hanumanthappa, Hunachur Village, Bgnorth, Bangalore, Karnataka","Karnataka, C/O.HANUMANTHAPPA, HUNACHUR VILLAGE, BGNORTH",India,MISSED_BY_BLOCKING,F_missing_business_name_tokens,Address matches strongly but business names have disparate commercial branding,High-precision address anchor (plot number + 2 distinctive street words)
S1-243572354,S3,S3-855500656,Twisted Seafood LLC,twistedseafood.com,"1415 Fruit Avenue, Albuquerque, NM","Fruit Avenue, Albuquerque, New Mexico",US,MISSED_BY_BLOCKING,C_website_domain_variation,Candidate name is a website/domain with unsegmented words while S1 is legal entity,Pass A: Strip TLD + token stem concatenation + address anchor
S1-171129315,S3,S3-385969678,Swastik Healthcare Pvt Ltd,ஸ்வஸ்திக் ஹெல்த்கேர் பிரைவேட் லிமிடெட்,"No.29/F1, (Old No.12/F1), A-Block Chakra Flats, Sriramapuram 1St Street, Choolaimedu, Chennai, Tamil Nadu","Door No 31/F1, Chennai, தமிழ்நாடு",India,MISSED_BY_BLOCKING,J_cross_script_dba,"One entity in native Indic script, other in English with different brand phrasing",Indic transliteration + consonant skeleton + address key
S1-171129315,S2,S2-473230277,Swastik Healthcare Pvt Ltd,ஸ்வஸ்திக் ஹெல்த்கேர் பிரைவேட் லிமிடெட்,"No.29/F1, (Old No.12/F1), A-Block Chakra Flats, Sriramapuram 1St Street, Choolaimedu, Chennai, Tamil Nadu","NO.29/F1, CHENNAI, தமிழ்நாடு",India,MISSED_BY_BLOCKING,J_cross_script_dba,"One entity in native Indic script, other in English with different brand phrasing",Indic transliteration + consonant skeleton + address key
S1-212422534,S3,S3-605831427,Tech Infrastructure,Tech,"Villa 112Km, Ground Floor, Gaur Yamuna City, Sector 19, Goutam Budd Nagar, Gautam Buddha Nagar, Uttar Pradesh","Goutam Budd Nagar, Uttar Pradesh, Ground Floor, Gaur Yamuna City, Sector 19, Gautam Buddha Nagar, Villa 112Km",India,MISSED_BY_BLOCKING,B_brand_vs_parent_company,Short distinctive brand name vs multi-word parent company name,Single distinctive brand token + address door/plot number
S1-238318582,S2,S2-53804006,Great Care Private Limited,ग्रेट केयर प्राइवेट लिमिटेड,"Delhi, A-17 Suvidha Aprtmentssector 13 Rohini, New Delhi, North Delhi","A-17 SUVIDHA APRTMENTSSECTOR 13 ROHINI, NORTH DELHI, NEW DELHI, Delhi",India,MISSED_BY_BLOCKING,J_cross_script_dba,"One entity in native Indic script, other in English with different brand phrasing",Indic transliteration + consonant skeleton + address key
S1-978120819,S2,S2-180017713,Pb & Brothers Private Limited,pbbrothers.com,"100, Hemkunt Enclave, Railon Road Ropar, Rupnagar, Punjab","100, RUPNAGAR, ਪੰਜਾਬ",India,MISSED_BY_BLOCKING,C_website_domain_variation,Candidate name is a website/domain with unsegmented words while S1 is legal entity,Pass A: Strip TLD + token stem concatenation + address anchor
S1-140026915,S2,S2-636873183,Dynamic Impex Private Limited,ডায়নামিক ইম্পেক্স প্রাইভেট লিমিটেড,"West Bengal, Kolkata, Howrah, Hemant Basu Sarani, 2Nd Floor, Room No. 230, 21","21, HEMANT BASU SARANI, 2ND FLOOR, ROOM NO. 230, KOLKATTA, HOWRAH, West Bengal",India,MISSED_BY_BLOCKING,J_cross_script_dba,"One entity in native Indic script, other in English with different brand phrasing",Indic transliteration + consonant skeleton + address key
S1-140026915,S2,S2-260030079,Dynamic Impex Private Limited,ডায়নামিক ইম্পেক্স প্রাইভেট লিমিটেড,"West Bengal, Kolkata, Howrah, Hemant Basu Sarani, 2Nd Floor, Room No. 230, 21","HEMANT BASU SARANI, 2ND FLOOR, ROOM NO. 230, HOWRAH, KOLKATTA, 21, পশ্চিমবঙ্গ",India,MISSED_BY_BLOCKING,J_cross_script_dba,"One entity in native Indic script, other in English with different brand phrasing",Indic transliteration + consonant skeleton + address key
S1-453178578,S3,S3-496167162,Elevate Seva Samiti,Mr E1evate Seva Samiti,"Ground Floor, Samruddhi, Pl23, Jaihind Chs, 11Th N S Road, Vile Parle W, Est, Flat No. 001, Maharashtra, Mumbai City, Mumbai","Door No 001, Ground Floor, Samruddhi, Pl23, Jaihind Chs, 11Th N S Road, Vile Parle W, Est, Bombay, Mumbai City, महाराष्ट्र",India,MISSED_BY_BLOCKING,I_legal_suffix_dominating,Lexical divergence across commercial branding,Address component intersection
S1-436508509,S3,S3-817904086,Ace Agro Private Limited,एस एग्रो प्राइवेट लिमिटेड,"Sf-2 & 4 S/F, Rishabh, Ipex Mall, Csc Patparganj, East Delhi, Delhi","Sf-002 & 4 S/f, East Delhi, DL",India,MISSED_BY_BLOCKING,J_cross_script_dba,"One entity in native Indic script, other in English with different brand phrasing",Indic transliteration + consonant skeleton + address key
S1-501516412,S2,S2-616276392,Shree Technologies Pvt. Ltd.,Shree Ltd. Pvt. Technologies,"127, Shiv Vatika, Lasudiya Mori, Indore, Madhya Pradesh",,India,MISSED_BY_BLOCKING,G_empty_or_weak_address,"Address is empty or severely truncated, preventing composite address blocking",Distinctive multi-word name signature fallback (min length 10)
S1-620395561,S2,S2-674518126,Global Exports Pvt Ltd,গ্লোবাল এক্সপোর্টস প্রাইভেট লিমিটেড,"Howrah, West Bengal, 24/4E, Kavi Bharati Sarani, Kolkata, Kolkata","24/4E, KOLKATA, BALLYGUNGE, পশ্চিমবঙ্গ",India,MISSED_BY_BLOCKING,J_cross_script_dba,"One entity in native Indic script, other in English with different brand phrasing",Indic transliteration + consonant skeleton + address key
S1-620395561,S3,S3-814010830,Global Exports Pvt Ltd,গ্লোবাল এক্সপোর্টস প্রাইভেট লিমিটেড,"Howrah, West Bengal, 24/4E, Kavi Bharati Sarani, Kolkata, Kolkata","24/4E, Kolkata, WB",India,MISSED_BY_BLOCKING,J_cross_script_dba,"One entity in native Indic script, other in English with different brand phrasing",Indic transliteration + consonant skeleton + address key
S1-453313801,S2,S2-522655618,Jay Media,జై మీడియా,"9-4-84/44, Kakatiya Nagar, Nanal Nagar, Golconda, Hyderabad, Telangana","09-4-84/44, GOLCONDA, HYDERABAD, తెలంగాణ",India,MISSED_BY_BLOCKING,J_cross_script_dba,"One entity in native Indic script, other in English with different brand phrasing",Indic transliteration + consonant skeleton + address key
S1-174569773,S2,S2-51095112,Jain Construction Pvt Ltd,ಜೈನ್ ಕನ್‌ಸ್ಟ್ರಕ್ಷನ್ ಪ್ರೈವೇಟ್ ಲಿಮಿಟೆಡ್,"Whitefield Road, Mahadevapura Post Bangalore, Bangalore, Karnataka","MAHADEVAPURA POST BANGALORE, WHITEFIELD ROAD, Karnataka, BANGALORE",India,MISSED_BY_BLOCKING,J_cross_script_dba,"One entity in native Indic script, other in English with different brand phrasing",Indic transliteration + consonant skeleton + address key
S1-529195213,S3,S3-516199465,"May Babcock, LLC","May Bbcck, LLC","144 Ash Street, Vallejo, CA",,US,MISSED_BY_BLOCKING,G_empty_or_weak_address,"Address is empty or severely truncated, preventing composite address blocking",Distinctive multi-word name signature fallback (min length 10)
S1-120259531,S2,S2-812556029,Indo Products Private Limited,इंडो प्रोडक्ट्स प्राइवेट लिमिटेड,"Nh-91, Chaubepur, Lohia, Industrial Complex, Plot No. 357, Kanpur, Kanpur Nagar, Uttar Pradesh","NH-91, KANPUR, KANPUR NAGAR, उत्तर प्रदेश",India,MISSED_BY_BLOCKING,J_cross_script_dba,"One entity in native Indic script, other in English with different brand phrasing",Indic transliteration + consonant skeleton + address key
S1-118198262,S2,S2-615813343,Future Products Limited,FUTURE LIMITED CENTER Enterprises,"Calcutta, West Bengal, Kolkata, 4/1A Dr Shyama Das Row",,India,MISSED_BY_BLOCKING,G_empty_or_weak_address,"Address is empty or severely truncated, preventing composite address blocking",Distinctive multi-word name signature fallback (min length 10)
S1-920406397,S2,S2-212458378,Indo Constructions Private Limited,इंडो कंस्ट्रक्शंस प्राइवेट लिमिटेड,"A101, Tower J, Lodha Eaton Square, Thane, Maharashtra","A101, TOWER J, LODHA EATON SQUARE, THANE, महाराष्ट्र",India,MISSED_BY_BLOCKING,J_cross_script_dba,"One entity in native Indic script, other in English with different brand phrasing",Indic transliteration + consonant skeleton + address key
S1-842983493,S2,S2-878151338,Tl Securities Limited,Tl Scrts Limited,"Haren Tex Compoundnear Dahisar Check Naka Dahisar (East), Mumbai, Maharashtra","DOOR NO 584 HAREN TEX COMPOUNDNEAR DAHISAR CHECK NAKA DAHISAR (EAST), MUMBAI, Maharashtra",India,MISSED_BY_BLOCKING,I_legal_suffix_dominating,Lexical divergence across commercial branding,Address component intersection
S1-99821,S2,S2-327669411,Rajshree Farmer,Wexonyx,"14/136 A, 1014 Sanjoe College Road Millumpady Pulluvazhi Kunnathunad Ernakulam, Kunnathunad, Ernakulam, Kerala","H.NO 14/136 A, KUNNATHUNAD, ERNAKULAM, കേരളം",India,MISSED_BY_BLOCKING,B_brand_vs_parent_company,Short distinctive brand name vs multi-word parent company name,Single distinctive brand token + address door/plot number
S1-521211816,S2,S2-889997394,EGR Nano Inc,EGR Inc Center,"606 Elm Street, Haubstadt, IN","HAUBSTADT, IN, ELM STREET",US,MISSED_BY_BLOCKING,I_legal_suffix_dominating,Lexical divergence across commercial branding,Address component intersection
S1-496404957,S2,S2-667639545,White Products Private Limited,व्हाइट प्रोडक्ट्स प्राइवेट लिमिटेड,"Rushikesh Appartment Sakoli Corner, Sambhaji Nagar, Flat No. 4, Kolhapur, Maharashtra, Kolhapur","FLAT NO. 4, KOLHAPUR, महाराष्ट्र",India,MISSED_BY_BLOCKING,J_cross_script_dba,"One entity in native Indic script, other in English with different brand phrasing",Indic transliteration + consonant skeleton + address key
S1-496404957,S3,S3-386507165,White Products Private Limited,whiteproductscom,"Rushikesh Appartment Sakoli Corner, Sambhaji Nagar, Flat No. 4, Kolhapur, Maharashtra, Kolhapur","Kolhapur, MH, Kolhapur, Flat No. 4",India,MISSED_BY_BLOCKING,B_brand_vs_parent_company,Short distinctive brand name vs multi-word parent company name,Single distinctive brand token + address door/plot number
S1-575800080,S2,S2-107354533,Metropolitan Beauty Inc.,METROPOLITAN INC. SERVICE,"66 Walker Drive, Dover, AR",,US,MISSED_BY_BLOCKING,G_empty_or_weak_address,"Address is empty or severely truncated, preventing composite address blocking",Distinctive multi-word name signature fallback (min length 10)
S1-522799506,S3,S3-425048411,Black Arihant Estate Private Limited,ବ୍ଲାକ୍ ଅରିହନ୍ତ ଏଷ୍ଟେଟ୍ ପ୍ରାଇଭେଟ୍ ଲିମିଟେଡ୍,"Balasore, Orissa, At: Manikhamb Po: Motiganj","OD, Balasore, At: Manikhamb Po: Mofiganj, Motiganj",India,MISSED_BY_BLOCKING,J_cross_script_dba,"One entity in native Indic script, other in English with different brand phrasing",Indic transliteration + consonant skeleton + address key
S1-522799506,S2,S2-700249706,Black Arihant Estate Private Limited,ବ୍ଲାକ୍ ଅରିହନ୍ତ ଏଷ୍ଟେଟ୍ ପ୍ରାଇଭେଟ୍ ଲିମିଟେଡ୍,"Balasore, Orissa, At: Manikhamb Po: Motiganj","BALASORE, AT: MANIKHAMB PO: MOTIGANJ, Odisha, BALASORE",India,MISSED_BY_BLOCKING,J_cross_script_dba,"One entity in native Indic script, other in English with different brand phrasing",Indic transliteration + consonant skeleton + address key
S1-884642317,S2,S2-392741345,High Logistics Private Limited,हाई लॉजिस्टिक्स प्राइवेट लिमिटेड,"Office No 713, 7Thflr, Crystal Paradise The Mall Chs Ltd, Dattaji Salvi Rd, Off Veera Desai Rd, Andheri(W), Mumbai, Mumbai City, Maharashtra","MUMBAI, Maharashtra, DOOR NO 00970 OFFICE NO 713, MUMBAI CITY, 7THFLR, CRYSTAL PARADISE THE MALL CHS LTD, DATTAJI SALVI RD, OFF VEERA DESAI RD, ANDHERI(W)",India,MISSED_BY_BLOCKING,J_cross_script_dba,"One entity in native Indic script, other in English with different brand phrasing",Indic transliteration + consonant skeleton + address key
S1-145259625,S3,S3-243430349,International Systems Private Limited,Mr International Systems Private,"304, 4Th Floor, Bhagya Nagar, Balanagar, Hyderabad, Telangana","#304, Ranga Ready, Hyderabad, TG",India,MISSED_BY_BLOCKING,I_legal_suffix_dominating,Lexical divergence across commercial branding,Address component intersection
S1-777302965,S3,S3-713417977,Shree Producer Private Limited,Shree  Pr0ducer Private Limited,"Plot No77 Block-D Bhudevi, Hills Allwyn Colony, Balanagar, Hyderabad, Telangana","తెలంగాణ, Hyderabad, H.no #77 Block-d Bhudevi, Balanagar",India,MISSED_BY_BLOCKING,I_legal_suffix_dominating,Lexical divergence across commercial branding,Address component intersection
S1-638739020,S3,S3-858901010,Regional Staffing Enterprises Inc,Regional Stfaffing Enterprises Inc,"8947 Hollymeade Drive, Fairfax County, VA",,US,MISSED_BY_BLOCKING,G_empty_or_weak_address,"Address is empty or severely truncated, preventing composite address blocking",Distinctive multi-word name signature fallback (min length 10)
S1-285255158,S3,S3-538806823,Lakshmi Services Private Limited,@Lakshmiservices,"Pune, Maharashtra, Pune, At Post Solu, Alandi Markal Road, Tal. Khed, Gat No-528","Gat No-528, At Post Solu, Alandi Markal Road, Tal. Khed, Poona, Pune, MH",India,MISSED_BY_BLOCKING,C_website_domain_variation,Candidate name is a website/domain with unsegmented words while S1 is legal entity,Pass A: Strip TLD + token stem concatenation + address anchor
S1-285255158,S2,S2-274307950,Lakshmi Services Private Limited,लक्ष्मी सर्विसेज प्राइवेट लिमिटेड,"Pune, Maharashtra, Pune, At Post Solu, Alandi Markal Road, Tal. Khed, Gat No-528","GAT NO-528., AT POST SOLU, ALANDI MARKAL ROAD, TAL. KHED, PUNE, Maharashtra",India,MISSED_BY_BLOCKING,J_cross_script_dba,"One entity in native Indic script, other in English with different brand phrasing",Indic transliteration + consonant skeleton + address key
S1-543640962,S2,S2-365035537,Premier Technologies Private Limited,பிரீமியர் டெக்னாலஜீஸ் பிரைவேட் லிமிடெட்,"5, 6 Thattan Thottam, 5Th, Street, Palladam Road, Tiruppur, Coimbatore, Tamil Nadu","5, TIRUPPUR, COIMBATORE, Tamil Nadu",India,MISSED_BY_BLOCKING,J_cross_script_dba,"One entity in native Indic script, other in English with different brand phrasing",Indic transliteration + consonant skeleton + address key
S1-543640962,S3,S3-182010208,Premier Technologies Private Limited,பிரீமியர் டெக்னாலஜீஸ் பிரைவேட் லிமிடெட்,"5, 6 Thattan Thottam, 5Th, Street, Palladam Road, Tiruppur, Coimbatore, Tamil Nadu","5, Coimbatore, Tiruppur, TN",India,MISSED_BY_BLOCKING,J_cross_script_dba,"One entity in native Indic script, other in English with different brand phrasing",Indic transliteration + consonant skeleton + address key
S1-543640962,S2,S2-119545463,Premier Technologies Private Limited,Premier டெக்னாலஜீஸ் பிரைவேட் லிமிடெட்,"5, 6 Thattan Thottam, 5Th, Street, Palladam Road, Tiruppur, Coimbatore, Tamil Nadu",,India,MISSED_BY_BLOCKING,J_cross_script_dba,"One entity in native Indic script, other in English with different brand phrasing",Indic transliteration + consonant skeleton + address key
S1-20229517,S2,S2-225900860,Goodman Welfare Society,... goodmanwelfaresociety.com,"B-5, Gupta Industrial Complex Jayashree Paints Compound, Asangaon Stat, Ion Road, Asangaon East, Maharashtra","H.NO 0434 B-5, GUPTA INDUSTRIAL COMPLEX JAYASHREE PAINTS COMPOUND, ASANGAON STAT, ION ROAD, ASANGAON EAST, महाराष्ट्र",India,MISSED_BY_BLOCKING,C_website_domain_variation,Candidate name is a website/domain with unsegmented words while S1 is legal entity,Pass A: Strip TLD + token stem concatenation + address anchor
S1-653909252,S3,S3-54445044,Anand Investment Pvt Ltd,આણંદ ઇન્વેસ્ટમેન્ટ પ્રા. લિ.,"Fp-152 B, Shanti Apt, Nr. Tulshi Party Plot, Ahmadabad City, Ahmedabad, Gujarat","Fp-152 B, Ahmadabad City, Ahmedabad, GJ",India,MISSED_BY_BLOCKING,J_cross_script_dba,"One entity in native Indic script, other in English with different brand phrasing",Indic transliteration + consonant skeleton + address key
S1-211616414,S3,S3-968495590,"Pandya, Osorio and Fluke Health, LLC",Onyxumbra,"Town Of Troy, S11577 Badger Road, WI","S11577. Badger Road, Spring Green, Wisconsin",US,MISSED_BY_BLOCKING,B_brand_vs_parent_company,Short distinctive brand name vs multi-word parent company name,Single distinctive brand token + address door/plot number
S1-982823520,S2,S2-173156791,"Whitson, Prieto and Knapp",whitsonprietoknapp.com,"N1031 35th Avenue, Town Of Aurora, WI","N1031 35ST AVENUE, BERLIN TOWNSHIP, WI",US,MISSED_BY_BLOCKING,C_website_domain_variation,Candidate name is a website/domain with unsegmented words while S1 is legal entity,Pass A: Strip TLD + token stem concatenation + address anchor
S1-291211748,S2,S2-659808129,Silver Tri-State Keystone,Silver Keystone Tbr-igdte,"10418 Osprey Drive, Pineville, NC","10418 OSPREY DRIVE, PINEVILLE, NC",US,MISSED_BY_BLOCKING,I_legal_suffix_dominating,Lexical divergence across commercial branding,Address component intersection
S1-291211748,S3,S3-645136490,Silver Tri-State Keystone,Silver Trm-cctete Keystone,"10418 Osprey Drive, Pineville, NC","#10418 Osprey Dr, Pineville, North Carolina",US,MISSED_BY_BLOCKING,I_legal_suffix_dominating,Lexical divergence across commercial branding,Address component intersection
S1-291211748,S2,S2-207752528,Silver Tri-State Keystone,silvertristate.com,"10418 Osprey Drive, Pineville, NC","10418 OSPREY DRIVE, PINEVILLE, NC",US,MISSED_BY_BLOCKING,C_website_domain_variation,Candidate name is a website/domain with unsegmented words while S1 is legal entity,Pass A: Strip TLD + token stem concatenation + address anchor
S1-22530245,S3,S3-134087016,EQ Tech Center,The EQ Tech Center,"Tower 16, Plot No-Gh-01, Paras Tierea Sector 137, Uttar Pradesh, Noida, Gautam Buddha Nagar, 2005","2005, Noida, Gautam Buddha Nagar, उत्तर प्रदेश",India,MISSED_BY_BLOCKING,I_legal_suffix_dominating,Lexical divergence across commercial branding,Address component intersection
S1-22530245,S3,S3-645164323,EQ Tech Center,eqtechcenter.com,"Tower 16, Plot No-Gh-01, Paras Tierea Sector 137, Uttar Pradesh, Noida, Gautam Buddha Nagar, 2005","2005, Noida, Gautam Buddha Nagar, UP",India,MISSED_BY_BLOCKING,C_website_domain_variation,Candidate name is a website/domain with unsegmented words while S1 is legal entity,Pass A: Strip TLD + token stem concatenation + address anchor
S1-30544668,S2,S2-536915243,Sbr Interactive (India) Private Limited,Private 5br Interactie (India) Limited,"Plot No. 63, Lakadganj Precient, Central Avenue, Nagpur, Maharashtra","NAGPUR, PLOT NO. 63, Maharashtra",India,MISSED_BY_BLOCKING,I_legal_suffix_dominating,Lexical divergence across commercial branding,Address component intersection
S1-209284195,S2,S2-432093618,Vision Tech Private Limited,विजन टेक प्राइवेट लिमिटेड,"Flat No 205 E Wing, Neelmohar Sinnar, Sinnar, Nashik, Maharashtra","FLTT NO 2-05 E WING, NEELMOHAR SINNAR, NASHIK, SINNAR, Maharashtra",India,MISSED_BY_BLOCKING,J_cross_script_dba,"One entity in native Indic script, other in English with different brand phrasing",Indic transliteration + consonant skeleton + address key
S1-209284195,S3,S3-129515900,Vision Tech Private Limited,विजन टेक प्राइवेट लिमिटेड,"Flat No 205 E Wing, Neelmohar Sinnar, Sinnar, Nashik, Maharashtra","No 05 E Wing, Neelmohar Sinnar, Nashik, Sinnar, महाराष्ट्र",India,MISSED_BY_BLOCKING,J_cross_script_dba,"One entity in native Indic script, other in English with different brand phrasing",Indic transliteration + consonant skeleton + address key
S1-209284195,S2,S2-803719564,Vision Tech Private Limited,Vision Tech Private,"Flat No 205 E Wing, Neelmohar Sinnar, Sinnar, Nashik, Maharashtra","H.NO 2-05 E WING, NEELMOHAR SINNAR, SINNAR, Maharashtra",India,MISSED_BY_BLOCKING,I_legal_suffix_dominating,Lexical divergence across commercial branding,Address component intersection
S1-987746680,S2,S2-353716542,Mjm Solar Ltd,Arcvera,"102 A-Wing Plot No B Cts, Gafoor Khan Est Lbs, Mumbai, Maharashtra","GAFOOR KHAN EST LBS, Maharashtra, MUMBAI, MUMBAI SUBURBAN, 101 A-WING PLOT NO B CTS",India,MISSED_BY_BLOCKING,B_brand_vs_parent_company,Short distinctive brand name vs multi-word parent company name,Single distinctive brand token + address door/plot number
S1-839645965,S3,S3-588955896,Shaan Project LLP,5HAAN PROJECT LLP,"2Nd Floor, Skyview 10, Sy.No.83/1, Raidurgam Hitech City Main Road, Madhapur, Hyderabad, Telangana","2Nd Floor, Hyderabad, Andhra Pradesh",India,MISSED_BY_BLOCKING,I_legal_suffix_dominating,Lexical divergence across commercial branding,Address component intersection
S1-854970633,S2,S2-133393951,Varela Tri-State Transalta LLC,varelatristatetransaltacom,"CA, Joshua Tree, 61601 Capilla Drive","61601 CAPILLA DRIVE, JOSHUA TREE, CA",US,MISSED_BY_BLOCKING,B_brand_vs_parent_company,Short distinctive brand name vs multi-word parent company name,Single distinctive brand token + address door/plot number
S1-963682034,S2,S2-212722576,Bangalore Impex Pvt. Ltd.,Bangalore Pvt. Ltd. Center,"#147, Anjeneya Complex Old Airport Road, Bangalore, Karnataka","H.NO 1-47 , ANJENEYA COMPLEX OLD AIRPORT ROAD, BANGALORE, Karnataka",India,MISSED_BY_BLOCKING,I_legal_suffix_dominating,Lexical divergence across commercial branding,Address component intersection
S1-101190186,S2,S2-344947353,High Producer Private Limited,हाई प्रोड्यूसर प्राइवेट लिमिटेड,"C/2-14, Basuwala Chs, Near Masjid Kokni Pada, Kurar Village, Malad East, Mumbai, Mumbai City, Maharashtra","KOLHAPUR, MUMBAI CITY, Maharashtra, C/2-14",India,MISSED_BY_BLOCKING,J_cross_script_dba,"One entity in native Indic script, other in English with different brand phrasing",Indic transliteration + consonant skeleton + address key
S1-195834336,S3,S3-918623495,Unique Projects,Violyra,"Patna, Bihar, Beltron Bhawan P.S: Shashtri Nagar","Beltron Bhawan P.S: Shashtri Nagar, Patna, Bihar",India,MISSED_BY_BLOCKING,B_brand_vs_parent_company,Short distinctive brand name vs multi-word parent company name,Single distinctive brand token + address door/plot number
S1-195834336,S2,S2-739381059,Unique Projects,यूनिक प्रोजेक्ट्स,"Patna, Bihar, Beltron Bhawan P.S: Shashtri Nagar","BELTRON BHAWAN P.S: SHASHTRI NAGAR, PATNA, Bihar",India,MISSED_BY_BLOCKING,J_cross_script_dba,"One entity in native Indic script, other in English with different brand phrasing",Indic transliteration + consonant skeleton + address key
S1-433682896,S3,S3-694429306,Electricians Local Union 393,Beloectocira trading as Electricians Local Union 393,"407 Coventry Court, Helena, MT","407 Coventry Court, Helena, MT",US,MISSED_BY_BLOCKING,A_dba_vs_legal_entity,DBA keyword present separating trade brand from legal parent,Explicit DBA token splitting + alias indexing
S1-607404403,S3,S3-511395881,Surendra Infrastructure,5urendra Infrastructure,"Om Tower, 2Nd Floor, Suite No. 205 32, Jawaharlal Nehru Road, Kolkata, Howrah, West Bengal","No. 596 Om Tower, Kolkata, Howrah, পশ্চিমবঙ্গ",India,MISSED_BY_BLOCKING,I_legal_suffix_dominating,Lexical divergence across commercial branding,Address component intersection
S1-952393174,S2,S2-510949001,Vijay Finance,विजय फाइनेंस,"Co Padma Prabha 3Rd Floor Thakur Mension I A S Colony, Bailey Road, Rupaspur, Danapur, Patna, Bihar","CO PADMA PRABHA ##3RD FLOOR THAKUR MENSION I A S COLONY, BAILEY ROAD, RUPASPUR, DANAPUR, PATNA, Bihar",India,MISSED_BY_BLOCKING,J_cross_script_dba,"One entity in native Indic script, other in English with different brand phrasing",Indic transliteration + consonant skeleton + address key
S1-952393174,S3,S3-865784956,Vijay Finance,विजय फाइनेंस,"Co Padma Prabha 3Rd Floor Thakur Mension I A S Colony, Bailey Road, Rupaspur, Danapur, Patna, Bihar","Co Padma Prabha ##3Rd Floor Thakur Mension I A S Colony, Bailey Road, Rupaspur, Patna, BR",India,MISSED_BY_BLOCKING,J_cross_script_dba,"One entity in native Indic script, other in English with different brand phrasing",Indic transliteration + consonant skeleton + address key
S1-626555345,S2,S2-10895626,East School of Medicine,East 5chool,"817 Vischer Avenue, Schenectady, NY","817  VISCHER AVE, SCHENECTADY, NY",US,MISSED_BY_BLOCKING,F_missing_business_name_tokens,Address matches strongly but business names have disparate commercial branding,High-precision address anchor (plot number + 2 distinctive street words)
S1-515090700,S3,S3-918070002,Nvt Mudra Pvt Ltd,Nvt Pvt Ltd Partners,"Plot No. 60, Nangla Enclave, Part-2, Faridabad, Haryana","Faridabad, HR, Plot No. 6-0",India,MISSED_BY_BLOCKING,I_legal_suffix_dominating,Lexical divergence across commercial branding,Address component intersection
S1-80290220,S2,S2-464126426,Black Marketing,ब्लैक मार्केटिंग,"Maharashtra, Mumbai, 301, Mumbai, 3Rd Floor, Smita Building, Rb Mehta Marg, Ghatkopar East","301, 3RD FLOOR, SMITA BUILDING, RB MEHTA MARG, GHATKOPAR EAST, BOMBAY, MUMBAI, Maharashtra",India,MISSED_BY_BLOCKING,J_cross_script_dba,"One entity in native Indic script, other in English with different brand phrasing",Indic transliteration + consonant skeleton + address key
S1-80290220,S2,S2-748772057,Black Marketing,blackmarketing.com,"Maharashtra, Mumbai, 301, Mumbai, 3Rd Floor, Smita Building, Rb Mehta Marg, Ghatkopar East","301, 3RD FLOOR, SMITA BUILDING, RB MEHTA MARG, GHATKOPAR EAST, MUMBAI, Maharashtra",India,MISSED_BY_BLOCKING,C_website_domain_variation,Candidate name is a website/domain with unsegmented words while S1 is legal entity,Pass A: Strip TLD + token stem concatenation + address anchor
S1-343565352,S3,S3-864397669,Southern Solutions Private Limited,Southern Solutions Private,"Uttam Nagar, New Delhi, West Delhi, Delhi, India., West Delhi, R-202 Mohan Garden, New Delhi, Delhi",,India,MISSED_BY_BLOCKING,G_empty_or_weak_address,"Address is empty or severely truncated, preventing composite address blocking",Distinctive multi-word name signature fallback (min length 10)
S1-166146372,S2,S2-804500184,Desert Family Practice,*** desertfamilypractice.com,"151 Bullwhip Lane, Fl 1, Lafayette, TN","BULLWHIP LANE, LAFAYETTE, TN",US,MISSED_BY_BLOCKING,C_website_domain_variation,Candidate name is a website/domain with unsegmented words while S1 is legal entity,Pass A: Strip TLD + token stem concatenation + address anchor
S1-166146372,S3,S3-787695219,Desert Family Practice,#desertfamily,"151 Bullwhip Lane, Fl 1, Lafayette, TN","151 Bullwhip Ln, Floor 1, Lafayette, Tennessee",US,MISSED_BY_BLOCKING,B_brand_vs_parent_company,Short distinctive brand name vs multi-word parent company name,Single distinctive brand token + address door/plot number
S1-134760113,S2,S2-611858894,Pediatric Dentistry Health,PEDIATRIC HEALTH (CENTER),"323 Croydon Road, Kearny, AZ","CROYDON ROAD, KEARNY, AZ",US,MISSED_BY_BLOCKING,I_legal_suffix_dominating,Lexical divergence across commercial branding,Address component intersection
S1-417001911,S2,S2-491386657,Teamsters Union Local No 438,teamstersunionlocal.com,"1000 Fern Street, Unit 206, Olympia, WA","1000 FERN STREET, OLYMPIA  CDP, WA",US,MISSED_BY_BLOCKING,C_website_domain_variation,Candidate name is a website/domain with unsegmented words while S1 is legal entity,Pass A: Strip TLD + token stem concatenation + address anchor
S1-417001911,S2,S2-381684902,Teamsters Union Local No 438,teamstersunionlocal.com,"1000 Fern Street, Unit 206, Olympia, WA","1000 FERN ST, OLYMPIA  CDP, WA",US,MISSED_BY_BLOCKING,C_website_domain_variation,Candidate name is a website/domain with unsegmented words while S1 is legal entity,Pass A: Strip TLD + token stem concatenation + address anchor
S1-989924267,S2,S2-941206792,Garrity Pinnacle Capital LLC,6arrity Pinnace Capital LLC,"505 Innovation Way, Walton, KY","507 INNOVATION WAY, WALTN, KY",US,MISSED_BY_BLOCKING,I_legal_suffix_dominating,Lexical divergence across commercial branding,Address component intersection
S1-529579280,S3,S3-334805244,Santosh (India) Enterprises Private Limited,Sant0sh (India)-Enterprises Private Limited,"B9, Chennai City Corporation, Tamil Nadu, Yamuna Apts, 3Rdblock, Parameswari Nagar 4Th St, Chennai","Bb3/9, Yamuna Apts, 3Rdblock, Parameswari Nagar 4Th St, Chennai City Corporation, Chennai, TN",India,MISSED_BY_BLOCKING,I_legal_suffix_dominating,Lexical divergence across commercial branding,Address component intersection
S1-651063147,S2,S2-124583371,Heartland Dental Associates Care,Lyracira,"1307 Wentbridge Road, Richmond City, VA","1307- WENTBRIDGE RD, RICHMOND CITY, VA",US,MISSED_BY_BLOCKING,B_brand_vs_parent_company,Short distinctive brand name vs multi-word parent company name,Single distinctive brand token + address door/plot number
S1-19014404,S2,S2-260436994,Prime Infrastructure Private Limited,प्राइम इंफ्रास्ट्रक्चर प्राइवेट लिमिटेड,"Industrial Area Site V, Gautam Buddha Nagar, Plot No A 2/146 Surajpur, Noida, Uttar Pradesh","H.NO 132 PLOT NO A 2/146 SURAJPUR, NOIDA, GAUTAM BUDDHA NAGAR, Uttar Pradesh",India,MISSED_BY_BLOCKING,J_cross_script_dba,"One entity in native Indic script, other in English with different brand phrasing",Indic transliteration + consonant skeleton + address key
S1-114536301,S3,S3-926009836,Supreme Construction Systems,supremeconstructionsystemscom,"38214 135th Avenue, La Center, WA","Washington, L Center, 8214 135th Ave",US,MISSED_BY_BLOCKING,B_brand_vs_parent_company,Short distinctive brand name vs multi-word parent company name,Single distinctive brand token + address door/plot number
S1-423171306,S3,S3-765868092,India Tam Construction Private Limited,ictam.com,"Ganga Jamuna Apartments, A Wing 5/503, Yari Road, Andheri (West), Mumbai, Mumbai City, Maharashtra","Ganga Jamuna Apartments, A Wing 5/503, Yari Road, Andheri (West), Mumbai, Mumbai City, MH",India,MISSED_BY_BLOCKING,C_website_domain_variation,Candidate name is a website/domain with unsegmented words while S1 is legal entity,Pass A: Strip TLD + token stem concatenation + address anchor
S1-100435874,S2,S2-549987988,Steimel Capital Churchill,steimelcapitalchurchill.com,"210 N Fork Drive, Moscow, TN","MOSCWO, TN, N FORK DRIVE",US,MISSED_BY_BLOCKING,C_website_domain_variation,Candidate name is a website/domain with unsegmented words while S1 is legal entity,Pass A: Strip TLD + token stem concatenation + address anchor
S1-592924180,S2,S2-143054298,Sunrise Sindhu Pvt Ltd,sindhusunrise.com,"Bhaluhipur, Arrah, Bhojpur, Bihar","BLOCK A-B3/157 BHALUHIPUR, ARRAH, BHOJPUR, बिहार",India,MISSED_BY_BLOCKING,C_website_domain_variation,Candidate name is a website/domain with unsegmented words while S1 is legal entity,Pass A: Strip TLD + token stem concatenation + address anchor
S1-62013228,S2,S2-362803451,Swastik Southern Power Private Limited,स्वस्तिक सदर्न पावर प्राइवेट लिमिटेड,"C/O Banwari Lal, Near Hp Petrol Pump, Sirsa, Haryana","हरियाणा, C/O BANWARI LAL, SIRSA",India,MISSED_BY_BLOCKING,J_cross_script_dba,"One entity in native Indic script, other in English with different brand phrasing",Indic transliteration + consonant skeleton + address key
S1-161275078,S2,S2-590885672,Ear Nose & Throat Valley Health Corp,EAR N0SE & THROAT VALLEY HEALTH CORP,"8507 12th Place, Village Of Somers, WI",,US,MISSED_BY_BLOCKING,G_empty_or_weak_address,"Address is empty or severely truncated, preventing composite address blocking",Distinctive multi-word name signature fallback (min length 10)
S1-96135581,S3,S3-402564292,Tejin Securities LLP,Yumawexlyra,"Param Tower, Ground Flr, R., No.7, Raghunath Nagar, Thane, Maharashtra","Param Tower, Thane, MH",India,MISSED_BY_BLOCKING,B_brand_vs_parent_company,Short distinctive brand name vs multi-word parent company name,Single distinctive brand token + address door/plot number
S1-373563969,S3,S3-883559049,Balaji Ventures Pvt Ltd,बालाजी वेंचर्स प्रा. लि.,"Shop No. 001, Ground Floor, Shiv Darshan Chawl, Near Seven Eleven Square Academy, Thane, Maharashtra","Door No 001, Thane, Shantinagar, MH",India,MISSED_BY_BLOCKING,J_cross_script_dba,"One entity in native Indic script, other in English with different brand phrasing",Indic transliteration + consonant skeleton + address key
S1-478799357,S2,S2-523375433,Ivenio Supply LLC,Fluxxylosol,"325 Washington Street, Bluffton, IN","WASHINGTON STREET, BLUFFTON, IN",US,MISSED_BY_BLOCKING,B_brand_vs_parent_company,Short distinctive brand name vs multi-word parent company name,Single distinctive brand token + address door/plot number
S1-913266197,S2,S2-71283580,Services Electronics Works Private Limited,Services Electrotics Works Private Limited,"C/O Mahendra Singh, Sukhey Singh 153/93 A, Shiv Nagar Coloney, Edd- Ii, Meerut, Uttar Pradesh",,India,MISSED_BY_BLOCKING,G_empty_or_weak_address,"Address is empty or severely truncated, preventing composite address blocking",Distinctive multi-word name signature fallback (min length 10)
S1-732445076,S3,S3-982545136,Life Investments Private Limited,लाइफ इन्वेस्टमेंट्स प्राइवेट लिमिटेड,"C/O Sachidanand Sharma, 7 Hf 6/4, B H Colony Near Agamkuan Ps, Kankarbagh, Patna, Bihar","C/o Sachidanand Sharma, Patna, BR",India,MISSED_BY_BLOCKING,J_cross_script_dba,"One entity in native Indic script, other in English with different brand phrasing",Indic transliteration + consonant skeleton + address key
S1-732445076,S2,S2-313357552,Life Investments Private Limited,लाइफ इन्वेस्टमेंट्स प्राइवेट लिमिटेड,"C/O Sachidanand Sharma, 7 Hf 6/4, B H Colony Near Agamkuan Ps, Kankarbagh, Patna, Bihar","C/O SACHIDANAND SHARMA, PATNA, Bihar",India,MISSED_BY_BLOCKING,J_cross_script_dba,"One entity in native Indic script, other in English with different brand phrasing",Indic transliteration + consonant skeleton + address key
S1-923771185,S2,S2-786998317,Ujjaendra Globetrade Private Limited,ujjaendraglobetrade.com,"Street No. 15/B, Bhai Mati Das Nagar, Bathinda, Punjab","STREET NO. 5/B, BHAI MATI DAS NAGAR, BATHINDA, Punjab",India,MISSED_BY_BLOCKING,C_website_domain_variation,Candidate name is a website/domain with unsegmented words while S1 is legal entity,Pass A: Strip TLD + token stem concatenation + address anchor
S1-923771185,S2,S2-496114448,Ujjaendra Globetrade Private Limited,UJJAENDRA PRIVATE LIMITED PARTNERS,"Street No. 15/B, Bhai Mati Das Nagar, Bathinda, Punjab","STREET NO. 5/B, BHAI MATI DAS NAGAR, BATHINDA, Punjab",India,MISSED_BY_BLOCKING,I_legal_suffix_dominating,Lexical divergence across commercial branding,Address component intersection
S1-706210642,S2,S2-465809746,Fox College PLLC,Tavoiriflux,"UT, Providence, 506 340","508 340, PROVIDDENCE, UT",US,MISSED_BY_BLOCKING,B_brand_vs_parent_company,Short distinctive brand name vs multi-word parent company name,Single distinctive brand token + address door/plot number
S1-271710669,S3,S3-318007708,Shivam Foods Pvt Ltd,शिवम फूड्स प्रा. लि.,"Silk Housesilk Bazar, Mumbai, Maharashtra","Silk Houseslik Bazar, Bombay, Mumbai, MH",India,MISSED_BY_BLOCKING,J_cross_script_dba,"One entity in native Indic script, other in English with different brand phrasing",Indic transliteration + consonant skeleton + address key
S1-271710669,S3,S3-813740716,Shivam Foods Pvt Ltd,शिवम फूड्स प्रा. लि.,"Silk Housesilk Bazar, Mumbai, Maharashtra","Silk Housesilk Bazar, Bombay, Mumbai, महाराष्ट्र",India,MISSED_BY_BLOCKING,J_cross_script_dba,"One entity in native Indic script, other in English with different brand phrasing",Indic transliteration + consonant skeleton + address key
S1-271710669,S2,S2-166281913,Shivam Foods Pvt Ltd,शिवम फूड्स प्रा. लि.,"Silk Housesilk Bazar, Mumbai, Maharashtra","SIKL HOUSESILK BAZAR, MUMBAI, Maharashtra",India,MISSED_BY_BLOCKING,J_cross_script_dba,"One entity in native Indic script, other in English with different brand phrasing",Indic transliteration + consonant skeleton + address key
S1-801867049,S2,S2-339079362,Urban Ice Cream,urbanicecream.com,"4936 Flynn Lane, Glendale, AZ","4936 FLYNN LN, GLEDALE TOWNSHIP, AZ",US,MISSED_BY_BLOCKING,C_website_domain_variation,Candidate name is a website/domain with unsegmented words while S1 is legal entity,Pass A: Strip TLD + token stem concatenation + address anchor
S1-145038432,S2,S2-288114339,Yt Welfare Society,Yt Wefcle Wefcle Society,"I A-25, Ground Floor Side Lajpat Nagar-I, New Delhi, South Delhi, Delhi","I A-25, GROUND FLOOR SIDE LAJPAT NAGAR-I, NEW DELHI, Delhi",India,MISSED_BY_BLOCKING,I_legal_suffix_dominating,Lexical divergence across commercial branding,Address component intersection
S1-145038432,S3,S3-474325397,Yt Welfare Society,ywsociety.com,"I A-25, Ground Floor Side Lajpat Nagar-I, New Delhi, South Delhi, Delhi","I A-##25, South Delhi, New Delhi, दिल्ली",India,MISSED_BY_BLOCKING,C_website_domain_variation,Candidate name is a website/domain with unsegmented words while S1 is legal entity,Pass A: Strip TLD + token stem concatenation + address anchor
S1-111306630,S3,S3-761396558,Ace Trading Private Limited,M/s Acetrading.Com,"Dr. No -4, Tharmathugal Road L. Pudur, Vadipatti, Madurai, Tamil Nadu","Dr. No -4, Madurai, தமிழ்நாடு",India,MISSED_BY_BLOCKING,C_website_domain_variation,Candidate name is a website/domain with unsegmented words while S1 is legal entity,Pass A: Strip TLD + token stem concatenation + address anchor
S1-34188140,S3,S3-157465541,Dss Welfare Society LLP,Dr dsswelfaresociety.com,"Building No. 15/203, First Floor Hail Mary Junction, Perumpilly Po, Mulanthuruthy, Ernakulam, Kerala","Building No. ##15/203, First Floor Hail Mary Junction, Perumpilly Po, Ernakulam, Mulanthuruthy, Keralam",India,MISSED_BY_BLOCKING,C_website_domain_variation,Candidate name is a website/domain with unsegmented words while S1 is legal entity,Pass A: Strip TLD + token stem concatenation + address anchor
S1-262875473,S3,S3-340133984,Indo Impex,Shri Drextavo,"Near Devi Sthan Gali No. 3, Patna, Bihar, Laljee Tola, Po - Gpo","Po - Gpo, Laljee Tola, Patna, Near Devi Sthan Gali No. 3, BR",India,MISSED_BY_BLOCKING,F_missing_business_name_tokens,Address matches strongly but business names have disparate commercial branding,High-precision address anchor (plot number + 2 distinctive street words)
S1-262875473,S2,S2-386877654,Indo Impex,इंडो इम्पेक्स,"Near Devi Sthan Gali No. 3, Patna, Bihar, Laljee Tola, Po - Gpo","PATNA, PO - GPO, LALJEE TOLA, Bihar",India,MISSED_BY_BLOCKING,J_cross_script_dba,"One entity in native Indic script, other in English with different brand phrasing",Indic transliteration + consonant skeleton + address key
S1-639962984,S3,S3-302700111,Packagings Memorial Trust,Yumamiraorbi,"332/417 Bhoor, Prem Nagar, Bareilly, Uttar Pradesh","2-332/417 Bhoor, UP, Bareilly, Prem Nagar, Bareilly",India,MISSED_BY_BLOCKING,B_brand_vs_parent_company,Short distinctive brand name vs multi-word parent company name,Single distinctive brand token + address door/plot number
S1-714260082,S2,S2-972200607,"Fuentes, Chandal, CPA",CHANDALFUENTESCPA.COM,"256 46th Place, Chicago, IL","256 46ND PL, CHHICAGO, IL",US,MISSED_BY_BLOCKING,C_website_domain_variation,Candidate name is a website/domain with unsegmented words while S1 is legal entity,Pass A: Strip TLD + token stem concatenation + address anchor
S1-817271547,S2,S2-650816515,Ss Consultants Private Limited,ಎಸ್ಎಸ್ ಕನ್ಸಲ್ಟೆಂಟ್ಸ್ ಪ್ರೈವೇಟ್ ಲಿಮಿಟೆಡ್,"No.14 & 15, 2Nd Cross, Rajeev Nagar 1St Main East Of Ngef, Kasturinagar, Bangalore, Karnataka","BANGALORE URBAN, Karnataka, 2ND CROSS, RAJEEV NAGAR 1ST MAIN EAST OF NGEF, KASTURINAGAR, NO 14 & 15, BANGALORE",India,MISSED_BY_BLOCKING,J_cross_script_dba,"One entity in native Indic script, other in English with different brand phrasing",Indic transliteration + consonant skeleton + address key
S1-502736054,S3,S3-82080725,First Seven Exports Pvt Ltd,@Firstseven,"Maharashtra, At Shahagad Tq. Ambad, Jalna","At Shahgad Tq. Ambad, Jalna, MH",India,MISSED_BY_BLOCKING,C_website_domain_variation,Candidate name is a website/domain with unsegmented words while S1 is legal entity,Pass A: Strip TLD + token stem concatenation + address anchor
S1-502736054,S3,S3-537652714,First Seven Exports Pvt Ltd,फर्स्ट सेवन एक्सपोर्ट्स प्रा. लि.,"Maharashtra, At Shahagad Tq. Ambad, Jalna","At Shahagad Tq. Ambad, Jalna, MH",India,MISSED_BY_BLOCKING,J_cross_script_dba,"One entity in native Indic script, other in English with different brand phrasing",Indic transliteration + consonant skeleton + address key
S1-344311461,S3,S3-431959242,Unique Tech Pvt Ltd,Mr uniquetech.com,"34, Anikant Appartment, Plot No. 23, Vasundhra Enclave, Delhi, East Delhi, Delhi","34, East Delhi, Delhi, DL",India,MISSED_BY_BLOCKING,C_website_domain_variation,Candidate name is a website/domain with unsegmented words while S1 is legal entity,Pass A: Strip TLD + token stem concatenation + address anchor
S1-908063079,S3,S3-89723256,Real Good Services Limited,રિયલ ગુડ સર્વિસીસ લિમિટેડ,"6, Amravati Society, Opp. Reliance Petrol Pump, Gotri Road, Vadodara, Gujarat","1, Vadodara, GJ",India,MISSED_BY_BLOCKING,J_cross_script_dba,"One entity in native Indic script, other in English with different brand phrasing",Indic transliteration + consonant skeleton + address key
S1-908063079,S2,S2-689931902,Real Good Services Limited,રિયલ ગુડ સર્વિસીસ લિમિટેડ,"6, Amravati Society, Opp. Reliance Petrol Pump, Gotri Road, Vadodara, Gujarat","6, VADODARA, ગુજરાત, VADODARA",India,MISSED_BY_BLOCKING,J_cross_script_dba,"One entity in native Indic script, other in English with different brand phrasing",Indic transliteration + consonant skeleton + address key
S1-450961625,S2,S2-44243621,Gilmore and Garcia Aberdeen,6ilmore and Service Garcia,"3710 Woodcrest Road, Temple, TX","WOODCREST ROAD, TEMPLE, TX",US,MISSED_BY_BLOCKING,I_legal_suffix_dominating,Lexical divergence across commercial branding,Address component intersection
S1-243130838,S3,S3-894903719,Womens Health Prairie Associates LLC,LLC Womens Heailhh Prairie Associates,"181 Meadowview Drive, Boone, NC","181 Meadowview Drive, Boone, North Carolina",US,MISSED_BY_BLOCKING,I_legal_suffix_dominating,Lexical divergence across commercial branding,Address component intersection
S1-877413780,S3,S3-474796973,My Technologies LLP,My Technologies,"'The Ark', Panchgani, Satara., Satara, Maharashtra","'The Ark', Satara., महाराष्ट्र",India,MISSED_BY_BLOCKING,I_legal_suffix_dominating,Lexical divergence across commercial branding,Address component intersection
S1-877413780,S2,S2-370829293,My Technologies LLP,LLP My Techlgies,"'The Ark', Panchgani, Satara., Satara, Maharashtra","'THE ARK', SATARA., SATARA, Maharashtra",India,MISSED_BY_BLOCKING,I_legal_suffix_dominating,Lexical divergence across commercial branding,Address component intersection
S1-877413780,S2,S2-339461261,My Technologies LLP,#mytechnologies,"'The Ark', Panchgani, Satara., Satara, Maharashtra","SATARA., 'THE ARK', SATARA, Maharashtra",India,MISSED_BY_BLOCKING,B_brand_vs_parent_company,Short distinctive brand name vs multi-word parent company name,Single distinctive brand token + address door/plot number
S1-142293438,S2,S2-562633334,Velez Global,Velez Global Co,"100 Main Street, Unit APT 4, Roland, OK","MAIN ST, OK, ROLAND CITY",US,MISSED_BY_BLOCKING,I_legal_suffix_dominating,Lexical divergence across commercial branding,Address component intersection
S1-351061131,S3,S3-397041201,Urgent Care Health of Mabelvale LLC,careurgent.com,"14766 Heinke Road, Mabelvale, AR","14766 Heinke Rd, Mabelvale, Arkansas",US,MISSED_BY_BLOCKING,C_website_domain_variation,Candidate name is a website/domain with unsegmented words while S1 is legal entity,Pass A: Strip TLD + token stem concatenation + address anchor
S1-709092749,S2,S2-650170688,New Delhi Tradeco Company,Wexrizajax,"207, 3Rd Floor, D.R. Chamber 12/56, Deshbandhu Gupta Road Karol Bagh, New Delhi, North Delhi, Delhi","HN 119 207, 3RD FLOOR, D.R. CHAMBER 12/56, DESHBANDHU GUPTA ROAD KAROL BAGH, NEW DELHI, NORTH DELHI, Delhi",India,MISSED_BY_BLOCKING,B_brand_vs_parent_company,Short distinctive brand name vs multi-word parent company name,Single distinctive brand token + address door/plot number
S1-326413551,S2,S2-153496302,Dental Care,Dental Cadre,"187 Homestead Lane, Bruceton Mills, WV","HOMESTEAD LN, BRUCETON MILLS, WV",US,MISSED_BY_BLOCKING,I_legal_suffix_dominating,Lexical divergence across commercial branding,Address component intersection
S1-517036175,S2,S2-520024719,Big Systems,बिग सिस्टम्स,"Dsm 511, Dlf Tower, 15 Shivaji Marg, Najafgarh Road, Moti Nagar, New Delhi, West Delhi, Delhi","DSM 511, WEST DELHI, NEW DELHI, Delhi",India,MISSED_BY_BLOCKING,J_cross_script_dba,"One entity in native Indic script, other in English with different brand phrasing",Indic transliteration + consonant skeleton + address key
S1-868945111,S3,S3-765863355,Buddha Services Private Limited,Buddha Services Limited Center,"Uttar Pradesh, 1/785, Sector J, Janakipuram, Lucknow",,India,MISSED_BY_BLOCKING,G_empty_or_weak_address,"Address is empty or severely truncated, preventing composite address blocking",Distinctive multi-word name signature fallback (min length 10)
S1-479756373,S3,S3-40858779,First Agro Private Limited,ফার্স্ট অ্যাগ্রো প্রাইভেট লিমিটেড,"164C/11, Lake Gardens Prince Anwar Shah Road, Kolkata, Kolkata, Howrah, West Bengal","64C/11, Kolkata, Howrah, WB",India,MISSED_BY_BLOCKING,J_cross_script_dba,"One entity in native Indic script, other in English with different brand phrasing",Indic transliteration + consonant skeleton + address key
S1-479756373,S3,S3-236962953,First Agro Private Limited,ফার্স্ট অ্যাগ্রো প্রাইভেট লিমিটেড,"164C/11, Lake Gardens Prince Anwar Shah Road, Kolkata, Kolkata, Howrah, West Bengal","64C/11, Kolkata, Howrah, WB",India,MISSED_BY_BLOCKING,J_cross_script_dba,"One entity in native Indic script, other in English with different brand phrasing",Indic transliteration + consonant skeleton + address key
S1-753008163,S3,S3-435447384,Future Foundation,Future Partners,"Maharashtra, Bhandarkar Road Pune., Sai Kripa, 872, Pune","Sai Kripa, Pune, MH",India,MISSED_BY_BLOCKING,I_legal_suffix_dominating,Lexical divergence across commercial branding,Address component intersection
S1-676688132,S3,S3-772614109,National Federation LLC,National Federaation LLC,"2626 Glenwood Avenue, Unit 521, Raleigh, NC",,US,MISSED_BY_BLOCKING,G_empty_or_weak_address,"Address is empty or severely truncated, preventing composite address blocking",Distinctive multi-word name signature fallback (min length 10)
S1-656753428,S2,S2-24659151,Ss Food Private Limited,एसएस फूड प्राइवेट लिमिटेड,"Af-684, Nandgram Near Mother India Public School. Ph. 989, 9487203, Ghaziabad, Uttar Pradesh","AF-0684, Uttar Pradesh, GHAZIABAD, 9487203",India,MISSED_BY_BLOCKING,J_cross_script_dba,"One entity in native Indic script, other in English with different brand phrasing",Indic transliteration + consonant skeleton + address key
S1-656753428,S3,S3-679606215,Ss Food Private Limited,एसएस फूड प्राइवेट लिमिटेड,"Af-684, Nandgram Near Mother India Public School. Ph. 989, 9487203, Ghaziabad, Uttar Pradesh","Af-684, Ghaziabad, UP",India,MISSED_BY_BLOCKING,J_cross_script_dba,"One entity in native Indic script, other in English with different brand phrasing",Indic transliteration + consonant skeleton + address key
S1-773438616,S2,S2-110334373,City Jain International Pvt Ltd,सिटी जैन इंटरनेशनल प्रा. लि.,"Iv-19, Satyadarshan Co.Op.Hsg. Soc., B-8, Mahakali Gumpha Road, Andheri (East, ), Mumbai, Mumbai City, Maharashtra","IV-19, MUMBAI CITY, Maharashtra",India,MISSED_BY_BLOCKING,J_cross_script_dba,"One entity in native Indic script, other in English with different brand phrasing",Indic transliteration + consonant skeleton + address key
S1-617864306,S3,S3-751823314,Metropolitan Asset Ventures LLC,@metropolitanasset,"33012 Red Fox Court, Frankford, DE","3012 Red Fox Ct, Frankford, Delaware",US,MISSED_BY_BLOCKING,C_website_domain_variation,Candidate name is a website/domain with unsegmented words while S1 is legal entity,Pass A: Strip TLD + token stem concatenation + address anchor
S1-586648451,S3,S3-833874215,Al Global Limited,अल ग्लोबल लिमिटेड,"Village Shalimar Bagh Landmark Aggaawil, Shop 10 Ground Floor Blk-B, Delhi, North West Delhi, Delhi","Shop 10 Ground Floor Blk-b, North West Delhi, DL",India,MISSED_BY_BLOCKING,J_cross_script_dba,"One entity in native Indic script, other in English with different brand phrasing",Indic transliteration + consonant skeleton + address key
S1-85009106,S2,S2-902546399,Physical Therapy Strategic Physicians Inc,Physica1 Therapy Strategic,"2600 Ross Street, Hampshire, IL","2600 ROSS ST, HAMPSHIRE, IL",US,MISSED_BY_BLOCKING,I_legal_suffix_dominating,Lexical divergence across commercial branding,Address component intersection
S1-645678362,S3,S3-12447597,Solutions Rcc Technologies Private Limited,Solutions Rcc Technologies Private,"Khasa No 154/ 95, Near Kastoori Model School, Pooth Khurd, Bawana, Central Delhi, Delhi",,India,MISSED_BY_BLOCKING,G_empty_or_weak_address,"Address is empty or severely truncated, preventing composite address blocking",Distinctive multi-word name signature fallback (min length 10)
S1-338130178,S2,S2-816739761,Cure Bike Shop,curebikeshop.com,"Thomaston, 78 Edgewood Avenue, CT","EDGEWOOD AVENUE, THOMASTON, CT",US,MISSED_BY_BLOCKING,C_website_domain_variation,Candidate name is a website/domain with unsegmented words while S1 is legal entity,Pass A: Strip TLD + token stem concatenation + address anchor
S1-391607985,S2,S2-46706329,Red Hospitality Private Limited,रेड हॉस्पिटैलिटी प्राइवेट लिमिटेड,"20, Office No. 409, Fourth Floor, Abc Complex, Veer Savarkar Block, Shakarpur, East Delhi, Delhi","G-20, EAST DELHI, NULL, Delhi",India,MISSED_BY_BLOCKING,J_cross_script_dba,"One entity in native Indic script, other in English with different brand phrasing",Indic transliteration + consonant skeleton + address key
S1-177470509,S2,S2-434303601,Northern One,N0rthern One,"1034 Bolton Avenue, IN, Indianapolis","IN, INDIANAPOLIS, 1201. BOLTON AVE",US,MISSED_BY_BLOCKING,I_legal_suffix_dominating,Lexical divergence across commercial branding,Address component intersection
S1-177470509,S3,S3-967319236,Northern One,Nolbhihhen One,"1034 Bolton Avenue, IN, Indianapolis","680 Bolton Ave, Indianapolis, Indiana",US,MISSED_BY_BLOCKING,I_legal_suffix_dominating,Lexical divergence across commercial branding,Address component intersection
S1-40982538,S3,S3-576507172,Bombay Infrastructure Private Limited,बॉम्बे इंफ्रास्ट्रक्चर प्राइवेट लिमिटेड,"Central Delhi, Delhi, New Delhi, Indraprakash Building Barakhamba Road, 602","Door No 749 602, Indraprakash Building Barakhamba Road, Central, Central Delhi, DL",India,MISSED_BY_BLOCKING,J_cross_script_dba,"One entity in native Indic script, other in English with different brand phrasing",Indic transliteration + consonant skeleton + address key
S1-959714441,S2,S2-942813315,Indian Blue Technology Limited,इंडियन ब्लू टेक्नोलॉजी लिमिटेड,"F No- 102, P No.-D-165, Unnati Park, View, Kanti Chandra Road, Jaipur, Rajasthan, Jaipur, Rajasthan","F NO- 102, JAIPUR, Rajasthan",India,MISSED_BY_BLOCKING,J_cross_script_dba,"One entity in native Indic script, other in English with different brand phrasing",Indic transliteration + consonant skeleton + address key
S1-959714441,S2,S2-186964824,Indian Blue Technology Limited,इंडियन ब्लू टेक्नोलॉजी लिमिटेड,"F No- 102, P No.-D-165, Unnati Park, View, Kanti Chandra Road, Jaipur, Rajasthan, Jaipur, Rajasthan","JAIPUR, Rajasthan, JAIPUR, F NO- 102",India,MISSED_BY_BLOCKING,J_cross_script_dba,"One entity in native Indic script, other in English with different brand phrasing",Indic transliteration + consonant skeleton + address key
S1-959714441,S2,S2-379597653,Indian Blue Technology Limited,इंडियन ब्लू टेक्नोलॉजी लिमिटेड,"F No- 102, P No.-D-165, Unnati Park, View, Kanti Chandra Road, Jaipur, Rajasthan, Jaipur, Rajasthan","F NO- 102, JAIPUR, राजस्थान",India,MISSED_BY_BLOCKING,J_cross_script_dba,"One entity in native Indic script, other in English with different brand phrasing",Indic transliteration + consonant skeleton + address key
S1-727602285,S2,S2-976870196,Swastik Om Solutions LLP,स्वस्तिक ॐ सॉल्यूशंस एलएलपी,"201/D, Aditya, Svp Nagar Andheri (W), Mumbai, Mumbai City, Maharashtra","201/D, BHIWANDI, MUMBAI CITY, Maharashtra",India,MISSED_BY_BLOCKING,J_cross_script_dba,"One entity in native Indic script, other in English with different brand phrasing",Indic transliteration + consonant skeleton + address key
S1-282196253,S3,S3-495736024,Platinum Fashion LLC,Platinum Fasion LLC,"136 Ambridge Street, Oak Grove, KY",,US,MISSED_BY_BLOCKING,G_empty_or_weak_address,"Address is empty or severely truncated, preventing composite address blocking",Distinctive multi-word name signature fallback (min length 10)
S1-165422067,S2,S2-595759579,Jrv Agro Limited,Jrv-Limited Center,"Rahanja, Bhadrak, Balasore, Orissa",,India,MISSED_BY_BLOCKING,G_empty_or_weak_address,"Address is empty or severely truncated, preventing composite address blocking",Distinctive multi-word name signature fallback (min length 10)
S1-165422067,S3,S3-815943358,Jrv Agro Limited,#jrvagro,"Rahanja, Bhadrak, Balasore, Orissa","Rahanja, Bhubaneswar Hq Region, Bhadrak, OD",India,MISSED_BY_BLOCKING,B_brand_vs_parent_company,Short distinctive brand name vs multi-word parent company name,Single distinctive brand token + address door/plot number
S1-635242300,S3,S3-299960950,Visage & Co,Vicg &-Co,"90/32 A, 1St Floor, Chengalvarayan Street, Perambur Purasawalkam, Chennai, Tamil Nadu","90/32 A, Chennai Metro Region, Chennai, TN",India,MISSED_BY_BLOCKING,I_legal_suffix_dominating,Lexical divergence across commercial branding,Address component intersection
S1-70501830,S2,S2-200974744,Platinum Mobility Company,Platinum Company Center,"5807 Walnut, House Springs, MO","WALNUT, HOUSE SPRINGS, MO",US,MISSED_BY_BLOCKING,I_legal_suffix_dominating,Lexical divergence across commercial branding,Address component intersection
S1-507505852,S2,S2-960574881,Fresh Cleaning Service PC,CFSERVICE.COM,"OH, Columbus, 254 Stanton Avenue","STANTON AVENUE, COLUMBUS, OH",US,MISSED_BY_BLOCKING,C_website_domain_variation,Candidate name is a website/domain with unsegmented words while S1 is legal entity,Pass A: Strip TLD + token stem concatenation + address anchor
S1-500543081,S2,S2-975435053,Suryaika Infotech Private Limited,suryaikainfotech.com,"Mumbai, Maharashtra, Mumbai City, 09 Anjaneshwar Soc., Tejpal Sch. Road No. 3 Vile Parle East","09  ANJANESHWAR SOC., TEJPAL SCH. ROAD NO. 3 VILE PARLE EAST, MUMBAI, Maharashtra",India,MISSED_BY_BLOCKING,C_website_domain_variation,Candidate name is a website/domain with unsegmented words while S1 is legal entity,Pass A: Strip TLD + token stem concatenation + address anchor
S1-204715597,S3,S3-172622823,Internal Medicine Beacon Partners Inc,Internal Medichinn Beacon Partners Inc,"508 Olde Oak Drive, Bourbonnais, IL","508 Olde Oak Drive, Bourbonnais Township, Illinois",US,MISSED_BY_BLOCKING,I_legal_suffix_dominating,Lexical divergence across commercial branding,Address component intersection
S1-204715597,S3,S3-708105664,Internal Medicine Beacon Partners Inc,Intemal Medicine Beacon Partners [Inc.] [Inc.],"508 Olde Oak Drive, Bourbonnais, IL","508 Olde Oak Drive, Bourbonnais Township, Illinois",US,MISSED_BY_BLOCKING,I_legal_suffix_dominating,Lexical divergence across commercial branding,Address component intersection
S1-321751953,S3,S3-989196483,Bangalore Insights,Pyravantage,"No.263, Ground Floor, 21St Main, 3Rd Cross, Btm Second Stage, Bangalore, Karnataka","Bangalore, KA, No.263, Bangalore",India,MISSED_BY_BLOCKING,B_brand_vs_parent_company,Short distinctive brand name vs multi-word parent company name,Single distinctive brand token + address door/plot number
S1-599798530,S3,S3-763919559,Coding Law Chambers,@codinglaw,"Plot No 103, Sai Satya Resid, P N Colony 1St Lane, Srikakulam, Andhra Pradesh","No 103, Sai Satya Resid, P N Colony 1St Lane, Srikakulam, ఆంధ్రప్రదేశ్",India,MISSED_BY_BLOCKING,C_website_domain_variation,Candidate name is a website/domain with unsegmented words while S1 is legal entity,Pass A: Strip TLD + token stem concatenation + address anchor
S1-669567314,S3,S3-76006626,Blue International Pvt Ltd,Sri Blue Ínternational Pvt Ltd,"C/O Sri Ramashray Bhagat, Village-Titra P.O. Titra, Block-Ziradei, Siwan, Bihar","Siwan, BR, C/o Sri Ramashray Bhagat, Siwan",India,MISSED_BY_BLOCKING,I_legal_suffix_dominating,Lexical divergence across commercial branding,Address component intersection
S1-669567314,S3,S3-468503718,Blue International Pvt Ltd,Blue International,"C/O Sri Ramashray Bhagat, Village-Titra P.O. Titra, Block-Ziradei, Siwan, Bihar","Siwan, BR, Siwan, C/o Sri Ramashray Bhagat, Village-titra P.o. Titra, Block-ziradei",India,MISSED_BY_BLOCKING,I_legal_suffix_dominating,Lexical divergence across commercial branding,Address component intersection
S1-773794090,S3,S3-612179430,North Estate Private Limited,நார்த் எஸ்டேட் பிரைவேட் லிமிடெட்,"Chennai, Tamil Nadu, No.21, S-5, Vvs Malligai Apartments, Dura Iarasan Street, Kaveri Nagar, Saligramam, Chennai","No.#21, S-5, Vvs Malligai Apartments, Dura Iarasan Street, Kaveri Nagar, Saligramam, Chennai, TN",India,MISSED_BY_BLOCKING,J_cross_script_dba,"One entity in native Indic script, other in English with different brand phrasing",Indic transliteration + consonant skeleton + address key
S1-773794090,S2,S2-418407785,North Estate Private Limited,நார்த் எஸ்டேட் பிரைவேட் லிமிடெட்,"Chennai, Tamil Nadu, No.21, S-5, Vvs Malligai Apartments, Dura Iarasan Street, Kaveri Nagar, Saligramam, Chennai","NO.21, S-5, VVS MALLIGAI APARTMENTS, DURA IARASAN STREET, KAVERI NAGAR, SALIGRAMAM, CHENNAI, Tamil Nadu",India,MISSED_BY_BLOCKING,J_cross_script_dba,"One entity in native Indic script, other in English with different brand phrasing",Indic transliteration + consonant skeleton + address key
S1-249541059,S2,S2-325320003,Tri-State League,trístateleague.com,"314 5th Street, Mcgehee, AR","314 5TH ST, PMB 4085, MC GEHEE, AR",US,MISSED_BY_BLOCKING,C_website_domain_variation,Candidate name is a website/domain with unsegmented words while S1 is legal entity,Pass A: Strip TLD + token stem concatenation + address anchor
S1-369433612,S3,S3-651048534,Aastik Nagar Private Limited,Aastiknagar.Com,"Extd Maikrupa Society, Karelibag Road, C-10, Vadodara, Gujarat","C-10, Kareli Bagh, GJ",India,MISSED_BY_BLOCKING,C_website_domain_variation,Candidate name is a website/domain with unsegmented words while S1 is legal entity,Pass A: Strip TLD + token stem concatenation + address anchor
S1-845507859,S3,S3-105925672,Shiva Consultants Pvt Ltd,Korsolvera,"Royal Space, Building No.154/20, V 279, 3Rd Floor, 5Th Main, Hsr Layout 7Th Sector, Madina Nagar, Bommanahalli, Bangalore South, Bangalore, Karnataka","Bangalore South, KA, Bangalore, Royal Space",India,MISSED_BY_BLOCKING,B_brand_vs_parent_company,Short distinctive brand name vs multi-word parent company name,Single distinctive brand token + address door/plot number
S1-138741291,S3,S3-188039202,Star Consulting Private Limited,स्टार कंसल्टिंग प्राइवेट लिमिटेड,"616, Aggrawal Cyber Plaza-1 Netaji Subhash Place, Pitampura, Delhi","616, Delhi, Pitampura, दिल्ली",India,MISSED_BY_BLOCKING,J_cross_script_dba,"One entity in native Indic script, other in English with different brand phrasing",Indic transliteration + consonant skeleton + address key
S1-138741291,S3,S3-750523762,Star Consulting Private Limited,स्टार कंसल्टिंग प्राइवेट लिमिटेड,"616, Aggrawal Cyber Plaza-1 Netaji Subhash Place, Pitampura, Delhi","616, Pitampura, Delhi, दिल्ली",India,MISSED_BY_BLOCKING,J_cross_script_dba,"One entity in native Indic script, other in English with different brand phrasing",Indic transliteration + consonant skeleton + address key
S1-968726233,S2,S2-223128564,Shiva Power Private Limited,ಶಿವ ಪವರ್ ಪ್ರೈವೇಟ್ ಲಿಮಿಟೆಡ್,"No.370, 16Th Main Road, 4Th T Block Jayanagar, Bangalore., Bangalore, Karnataka","NO.370, BANGALORE., BANGALORE, ಕರ್ನಾಟಕ",India,MISSED_BY_BLOCKING,J_cross_script_dba,"One entity in native Indic script, other in English with different brand phrasing",Indic transliteration + consonant skeleton + address key
S1-262310587,S2,S2-815371176,Straight Edge Hypnosis,@straightedge,"150-23 78 Road, Flushing, NY","150-23 78 ROAD, FLUSHING, NY",US,MISSED_BY_BLOCKING,C_website_domain_variation,Candidate name is a website/domain with unsegmented words while S1 is legal entity,Pass A: Strip TLD + token stem concatenation + address anchor
S1-246638277,S3,S3-46315974,Pioneer Technology Private Limited,@pioneertechnology,"4/608, Voc Street, Omr Road, Nehru Nagar, Kottivakkam, Chennai City Corporation, Chennai, Tamil Nadu","B3/4/608, Chennai City Corporation, Chennai, TN",India,MISSED_BY_BLOCKING,C_website_domain_variation,Candidate name is a website/domain with unsegmented words while S1 is legal entity,Pass A: Strip TLD + token stem concatenation + address anchor
S1-590321576,S2,S2-270613574,Vision Global Pvt Ltd,विजन Global Pvt Ltd,"Kota, Rajasthan, Kota, Gopal Vihar, Baran Road, 33","NO. 82 33, GOPAL VIHAR, BARAN ROAD, KOTA, Rajasthan",India,MISSED_BY_BLOCKING,J_cross_script_dba,"One entity in native Indic script, other in English with different brand phrasing",Indic transliteration + consonant skeleton + address key
S1-502212007,S2,S2-531298745,Addia's Diner,addiasdiner.com,"2425 Lawrence Road, Marcellus, NY","LAWRENCE RD, MARCELLUS, NY",US,MISSED_BY_BLOCKING,C_website_domain_variation,Candidate name is a website/domain with unsegmented words while S1 is legal entity,Pass A: Strip TLD + token stem concatenation + address anchor
S1-520689368,S2,S2-69484134,New Engineering Pvt Ltd,न्यू इंजीनियरिंग प्रा. लि.,"Flat No.101/17 Panchratna, Green Village Agerwal Com, Thane, Maharashtra","NO 01/17 PANCHRATNA, THANE, महाराष्ट्र",India,MISSED_BY_BLOCKING,J_cross_script_dba,"One entity in native Indic script, other in English with different brand phrasing",Indic transliteration + consonant skeleton + address key
S1-668968195,S3,S3-591859354,Mclaughlin Equity Partners LLC,Mclaughlin,"Goshen, 608 Kercher Road, IN","608 Kercher Road, Goshen, IN",US,MISSED_BY_BLOCKING,B_brand_vs_parent_company,Short distinctive brand name vs multi-word parent company name,Single distinctive brand token + address door/plot number
S1-668968195,S2,S2-846483605,Mclaughlin Equity Partners LLC,MCLAUGHLINEQUITYPARTNERS.COM,"Goshen, 608 Kercher Road, IN","IN, INCORPORATED, 608  KERCHER RD",US,MISSED_BY_BLOCKING,C_website_domain_variation,Candidate name is a website/domain with unsegmented words while S1 is legal entity,Pass A: Strip TLD + token stem concatenation + address anchor
S1-530526337,S3,S3-40131318,Management Europa Productions LLP,Quovantage,"Plot No. 29, Road No. 3, Janardhana Hills, P Raju Road, Seri Lingampally, K.V.Rangareddy, Telangana","Plot No. 29, K.v.rangareddy, తెలంగాణ",India,MISSED_BY_BLOCKING,B_brand_vs_parent_company,Short distinctive brand name vs multi-word parent company name,Single distinctive brand token + address door/plot number
S1-950659197,S2,S2-159870504,Eye Tri-State Clinic LLC,eyetristateclinic.com,"1844 Cushman Drive, Opelika, AL","1844 CUSHMAN DR, AL, OPPELIKA",US,MISSED_BY_BLOCKING,C_website_domain_variation,Candidate name is a website/domain with unsegmented words while S1 is legal entity,Pass A: Strip TLD + token stem concatenation + address anchor
S1-816670244,S3,S3-965722166,Star Systems Private Limited,സ്റ്റാർ സിസ്റ്റംസ് പ്രൈവറ്റ് ലിമിറ്റഡ്,"Tpxx1/790, Thekanathu House Near Marthoma Church Mynagappally Village, Thevalakkara, Kollam, Kerala","Hn 957 Tpxx1/790, Kollam, കേരളം",India,MISSED_BY_BLOCKING,J_cross_script_dba,"One entity in native Indic script, other in English with different brand phrasing",Indic transliteration + consonant skeleton + address key
S1-736635628,S2,S2-368251827,Balaji Global It Private Limited,बालाजी ग्लोबल आईटी प्राइवेट लिमिटेड,"98, Khasra No.93 Gali No-3, Jamuna Nagar Meerut, Meerut, Uttar Pradesh","Uttar Pradesh, MEERUT, 98, KHASRA NO.93 GALI NO-3, JAMUNA NAGAR MEERUT",India,MISSED_BY_BLOCKING,J_cross_script_dba,"One entity in native Indic script, other in English with different brand phrasing",Indic transliteration + consonant skeleton + address key
S1-998633222,S3,S3-564769879,Fortune Management Private Limited,Sri Fortune Private Management Limited,"Flat No 2, Meera Bldg, Seema Chs Ltd, Ghatla Village Road, Chembur, Mumbai, Maharashtra",,India,MISSED_BY_BLOCKING,G_empty_or_weak_address,"Address is empty or severely truncated, preventing composite address blocking",Distinctive multi-word name signature fallback (min length 10)
S1-998633222,S2,S2-10377882,Fortune Management Private Limited,फॉर्च्यून मैनेजमेंट प्राइवेट लिमिटेड,"Flat No 2, Meera Bldg, Seema Chs Ltd, Ghatla Village Road, Chembur, Mumbai, Maharashtra","DOOR NO 4, MEERA BLDG, SEEMA CHS LTD, GHATLA VILLAGE ROAD, CHEMBUR, MUMBAI, महाराष्ट्र",India,MISSED_BY_BLOCKING,J_cross_script_dba,"One entity in native Indic script, other in English with different brand phrasing",Indic transliteration + consonant skeleton + address key
S1-118170039,S2,S2-707314550,Kishan Traders Pvt. Ltd.,Kishan-Tdros Pvt. Ltd.,"C - 6 / 6323 Vasantkunj, New Delhi, South Delhi, Delhi",,India,MISSED_BY_BLOCKING,G_empty_or_weak_address,"Address is empty or severely truncated, preventing composite address blocking",Distinctive multi-word name signature fallback (min length 10)
S1-598548390,S3,S3-20049063,Womens Health Medicine LLC,Womens,"3516 Hackers Creek Road, Jane Lew, WV","3516 Hackers Creek Road, Jane Lew, WV",US,MISSED_BY_BLOCKING,B_brand_vs_parent_company,Short distinctive brand name vs multi-word parent company name,Single distinctive brand token + address door/plot number
S1-555072354,S3,S3-533635806,Reef Automation Partners,Wexriza,"C/O.Birendra Kumar Singh Sadhu Chowk, N.H-28, Ward No.3, Sareya, Gopalganj, Bihar","Door No 43 C/o.birendra Kumar Singh Sadhu Chowk, Gopalganj, BR",India,MISSED_BY_BLOCKING,B_brand_vs_parent_company,Short distinctive brand name vs multi-word parent company name,Single distinctive brand token + address door/plot number
S1-703232798,S2,S2-572474284,Pediatric Dental Green Clinic,@pédiatricdental,"Bunker Hill, IN, 9375 Meridian Road","9375 MERIDIAN ROAD, BUNKER HILL, IN",US,MISSED_BY_BLOCKING,C_website_domain_variation,Candidate name is a website/domain with unsegmented words while S1 is legal entity,Pass A: Strip TLD + token stem concatenation + address anchor
S1-381900880,S2,S2-295737112,Holdings Welfare Society,Holdings Society Wenasre,"Punjab, 104/3, Ludhiana, Shahpur Road, Shop No 1, Ludhiana","1-104/3, SHAHPUR ROAD, SHOP NO 1, LUDHIANA, LUDHIANA, Punjab",India,MISSED_BY_BLOCKING,I_legal_suffix_dominating,Lexical divergence across commercial branding,Address component intersection
S1-381900880,S3,S3-211394937,Holdings Welfare Society,Holdings Welfare,"Punjab, 104/3, Ludhiana, Shahpur Road, Shop No 1, Ludhiana","104/3, Shahpur Road, Shop No 1, Ludhiana, Ludhiana, PB",India,MISSED_BY_BLOCKING,I_legal_suffix_dominating,Lexical divergence across commercial branding,Address component intersection
S1-398174399,S2,S2-301073783,Shivam Developers Pvt Ltd,शिवम डेवलपर्स प्रा. लि.,"5Th Floor, Agarwal Golden Chamber, Fun Republic Road, Off New Link Road, Andheri West, Plot No 13/A, Mumbai, Maharashtra, Mumbai","Maharashtra, PLOT NO 013/A, MUMBAI",India,MISSED_BY_BLOCKING,J_cross_script_dba,"One entity in native Indic script, other in English with different brand phrasing",Indic transliteration + consonant skeleton + address key
S1-398174399,S3,S3-61459372,Shivam Developers Pvt Ltd,शिवम डेवलपर्स प्रा. लि.,"5Th Floor, Agarwal Golden Chamber, Fun Republic Road, Off New Link Road, Andheri West, Plot No 13/A, Mumbai, Maharashtra, Mumbai","Plot No 13/A, Mumbai, महाराष्ट्र",India,MISSED_BY_BLOCKING,J_cross_script_dba,"One entity in native Indic script, other in English with different brand phrasing",Indic transliteration + consonant skeleton + address key
S1-104808931,S3,S3-808086483,Apex Trading Pvt Ltd,एपेक्स ट्रेडिंग प्रा. लि.,"D/1/0031 Sushant Golf City, Ansal Api, Lucknow, Uttar Pradesh","Plot 274 D/1/0031 Sushant Golf City, Lucknow, UP",India,MISSED_BY_BLOCKING,J_cross_script_dba,"One entity in native Indic script, other in English with different brand phrasing",Indic transliteration + consonant skeleton + address key
S1-104808931,S2,S2-167891721,Apex Trading Pvt Ltd,एपेक्स ट्रेडिंग प्रा. लि.,"D/1/0031 Sushant Golf City, Ansal Api, Lucknow, Uttar Pradesh","LUCKNOW, D/1/0031/1 SUSHANT GOLF CITY, ANSAL API, उत्तर प्रदेश",India,MISSED_BY_BLOCKING,J_cross_script_dba,"One entity in native Indic script, other in English with different brand phrasing",Indic transliteration + consonant skeleton + address key
S1-104808931,S3,S3-641854510,Apex Trading Pvt Ltd,एपेक्स ट्रेडिंग प्रा. लि.,"D/1/0031 Sushant Golf City, Ansal Api, Lucknow, Uttar Pradesh","Plot 274 D/1/0031 Sushant Golf City, Lucknow, UP",India,MISSED_BY_BLOCKING,J_cross_script_dba,"One entity in native Indic script, other in English with different brand phrasing",Indic transliteration + consonant skeleton + address key
S1-104808931,S3,S3-231069088,Apex Trading Pvt Ltd,एपेक्स ट्रेडिंग प्रा. लि.,"D/1/0031 Sushant Golf City, Ansal Api, Lucknow, Uttar Pradesh","Plot 274 D/1/0031 Sushant Golf City, Lucknow, उत्तर प्रदेश",India,MISSED_BY_BLOCKING,J_cross_script_dba,"One entity in native Indic script, other in English with different brand phrasing",Indic transliteration + consonant skeleton + address key
S1-104808931,S3,S3-218560630,Apex Trading Pvt Ltd,एपेक्स ट्रेडिंग प्रा. लि.,"D/1/0031 Sushant Golf City, Ansal Api, Lucknow, Uttar Pradesh","Plot 274 D/1/0031 Sushant Golf City, Lucknow, उत्तर प्रदेश",India,MISSED_BY_BLOCKING,J_cross_script_dba,"One entity in native Indic script, other in English with different brand phrasing",Indic transliteration + consonant skeleton + address key
S1-440398619,S3,S3-456323922,XXQ Electronics Corporation,XXQ Eteecroncs Corporation,"C/O Vivek Kasera, Chamdoria, Patna City, Bihar","C/o Vivek Kasera, BR",India,MISSED_BY_BLOCKING,I_legal_suffix_dominating,Lexical divergence across commercial branding,Address component intersection
S1-440398619,S2,S2-381593093,XXQ Electronics Corporation,xxqelectronics.com,"C/O Vivek Kasera, Chamdoria, Patna City, Bihar","C/O VIVEK KASERA, CHAMDORIA, PATNA CITY, Bihar",India,MISSED_BY_BLOCKING,C_website_domain_variation,Candidate name is a website/domain with unsegmented words while S1 is legal entity,Pass A: Strip TLD + token stem concatenation + address anchor
S1-978404363,S3,S3-856714207,Times Services Private Limited,timesservices.com,"Maharashtra, Mumbai City, Pinewood Chs, Vasant Gardens Swapna Nagari, Off Lbs Marg, Mulund West, B-303, Mumbai","B-303, Pinewood Chs, Vasant Gardens Swapna Nagari, Off Lbs Marg, Mulund West, Mumbai City, MH",India,MISSED_BY_BLOCKING,C_website_domain_variation,Candidate name is a website/domain with unsegmented words while S1 is legal entity,Pass A: Strip TLD + token stem concatenation + address anchor
S1-205814890,S3,S3-760051254,"Linnea Hargrave Pinnacle Properties, LLC",lhpinnacle.com,"WA, Woodinville, 17419 151st Avenue","17419 1/2 151rd Ave, Woodnville, Washington",US,MISSED_BY_BLOCKING,C_website_domain_variation,Candidate name is a website/domain with unsegmented words while S1 is legal entity,Pass A: Strip TLD + token stem concatenation + address anchor
S1-205814890,S2,S2-588843734,"Linnea Hargrave Pinnacle Properties, LLC",Solveo,"WA, Woodinville, 17419 151st Avenue","17419 151ST AVENUE, WOODNVILLE, WA",US,MISSED_BY_BLOCKING,B_brand_vs_parent_company,Short distinctive brand name vs multi-word parent company name,Single distinctive brand token + address door/plot number
S1-953251552,S2,S2-933178528,Future Software Private Limited,ఫ్యూచర్ సాఫ్ట్‌వేర్ ప్రైవేట్ లిమిటెడ్,"11-11-117, Flat No.B-304, Jubilee Homes Indiranagar Colony, Kothapet, Hyderabad, Rangareddy, Telangana","11-11-117, N/A, RANGAREDDY, HYDERABAD, Telangana",India,MISSED_BY_BLOCKING,J_cross_script_dba,"One entity in native Indic script, other in English with different brand phrasing",Indic transliteration + consonant skeleton + address key
S1-953251552,S3,S3-262957558,Future Software Private Limited,ఫ్యూచర్ సాఫ్ట్‌వేర్ ప్రైవేట్ లిమిటెడ్,"11-11-117, Flat No.B-304, Jubilee Homes Indiranagar Colony, Kothapet, Hyderabad, Rangareddy, Telangana","00150 11-11-117, Hyderabad, Rangareddy, Andhra Pradesh",India,MISSED_BY_BLOCKING,J_cross_script_dba,"One entity in native Indic script, other in English with different brand phrasing",Indic transliteration + consonant skeleton + address key
S1-786422330,S2,S2-824950736,Aspen,Aapen,"1501 Fm 109 Road, New Ulm, TX","1501 FM 109 RD, PMB 9002, NEW ULM, TX",US,MISSED_BY_BLOCKING,B_brand_vs_parent_company,Short distinctive brand name vs multi-word parent company name,Single distinctive brand token + address door/plot number
S1-440126418,S3,S3-106946554,Supreme Exports Private Limited,સુપ્રીમ એક્સપોર્ટ્સ પ્રાઇવેટ લિમિટેડ,"305, Aarohi Complex, Opp. Ganesh Plaza, Navrangpura, Ahmedabad, Gujarat","#305, Ahmedabad, GJ",India,MISSED_BY_BLOCKING,J_cross_script_dba,"One entity in native Indic script, other in English with different brand phrasing",Indic transliteration + consonant skeleton + address key
S1-440126418,S3,S3-23068149,Supreme Exports Private Limited,સુપ્રીમ એક્સપોર્ટ્સ પ્રાઇવેટ લિમિટેડ,"305, Aarohi Complex, Opp. Ganesh Plaza, Navrangpura, Ahmedabad, Gujarat","#305, Ahmedabad, GJ",India,MISSED_BY_BLOCKING,J_cross_script_dba,"One entity in native Indic script, other in English with different brand phrasing",Indic transliteration + consonant skeleton + address key
S1-829743661,S2,S2-413541912,Sparks Xii LLC,spárksxii.com,"703 1/2 New Road, Raleigh, NC","NEW RD, RALEIGH, NC",US,MISSED_BY_BLOCKING,C_website_domain_variation,Candidate name is a website/domain with unsegmented words while S1 is legal entity,Pass A: Strip TLD + token stem concatenation + address anchor
S1-773140953,S2,S2-885672178,Gujarat Technologies Private Limited,குஜராத் டெக்னாலஜீஸ் பிரைவேட் லிமிடெட்,"5Th Avenue, Orur Olcott Road Besant Nagar, Chennai, 35, Tamil Nadu","35, CHENNAI, Tamil Nadu",India,MISSED_BY_BLOCKING,J_cross_script_dba,"One entity in native Indic script, other in English with different brand phrasing",Indic transliteration + consonant skeleton + address key
S1-348203515,S2,S2-337419172,Tirupati Products Private Limited,तिरुपति प्रोडक्ट्स प्राइवेट लिमिटेड,"Gali No. 8 Nai Basti, Kishan Ganj, Delhi, 536, Delhi, North Delhi","536, DELHI, NORTH DELHI, दिल्ली",India,MISSED_BY_BLOCKING,J_cross_script_dba,"One entity in native Indic script, other in English with different brand phrasing",Indic transliteration + consonant skeleton + address key
S1-348203515,S3,S3-369355006,Tirupati Products Private Limited,तिरुपति प्रोडक्ट्स प्राइवेट लिमिटेड,"Gali No. 8 Nai Basti, Kishan Ganj, Delhi, 536, Delhi, North Delhi","536, Divreportingcircle, North Delhi, DL",India,MISSED_BY_BLOCKING,J_cross_script_dba,"One entity in native Indic script, other in English with different brand phrasing",Indic transliteration + consonant skeleton + address key
S1-847632933,S3,S3-239473064,Sikandrabad Constructions Pvt. Ltd.,SlKANDRABAD CONSTRUCTIONS PVT. LTD.,"F9, Sikandrabadindustrial, Area, Upsidc, Gopalpur, Sikandrabad, Bulandshahr, Uttar Pradesh","F9/3, Sikandrabadindustrial, Area, Upsidc, Gopalpur, Sikandrabad, Bulandshahr, उत्तर प्रदेश",India,MISSED_BY_BLOCKING,I_legal_suffix_dominating,Lexical divergence across commercial branding,Address component intersection
S1-812621284,S3,S3-162514443,Bright Consultancy Private Limited,ब्राइट कंसल्टेंसी प्राइवेट लिमिटेड,"Patna, H.N-115C Gandhi Nagar, West Boring Canal Road, C/O Chintan Jain, Patna, Bihar","C/o Chintan Jain, Patna, Gardanibagh, BR",India,MISSED_BY_BLOCKING,J_cross_script_dba,"One entity in native Indic script, other in English with different brand phrasing",Indic transliteration + consonant skeleton + address key
S1-812621284,S3,S3-507130961,Bright Consultancy Private Limited,Bright कंसल्टेंसी प्राइवेट लिमिटेड,"Patna, H.N-115C Gandhi Nagar, West Boring Canal Road, C/O Chintan Jain, Patna, Bihar","C/o Chintan Jain, Patna, Gardanibagh, BR",India,MISSED_BY_BLOCKING,J_cross_script_dba,"One entity in native Indic script, other in English with different brand phrasing",Indic transliteration + consonant skeleton + address key
S1-203861212,S3,S3-544375735,Ear Nose & Throat Innovative Specialists Inc,Lyralumavi trading as Ear Nose & Throat Innovative Specialists Inc,"4753 Courtney Lane, Unit E, Raleigh, NC","4753 Courtney Lane, Unit E, Raleigh, NC",US,MISSED_BY_BLOCKING,A_dba_vs_legal_entity,DBA keyword present separating trade brand from legal parent,Explicit DBA token splitting + alias indexing
S1-707937440,S3,S3-468718499,Hern Harvard,Hern Harrad,"1300 Falconwood Rd, Unit 3, Lyndon, KY","Falconwood Rd, Kentucky, Lousiville CDP",US,MISSED_BY_BLOCKING,I_legal_suffix_dominating,Lexical divergence across commercial branding,Address component intersection
S1-684273793,S3,S3-816643105,B/F Computing Inc,B/F Cmhtpuiagn Inc,"45 Main Street, Unit FRONT, Woburn, MA","Massachusetts, 352 Main St, # Front, Wbourn",US,MISSED_BY_BLOCKING,I_legal_suffix_dominating,Lexical divergence across commercial branding,Address component intersection
S1-684273793,S3,S3-514999349,B/F Computing Inc,B/F Compciign Inc,"45 Main Street, Unit FRONT, Woburn, MA",,US,MISSED_BY_BLOCKING,G_empty_or_weak_address,"Address is empty or severely truncated, preventing composite address blocking",Distinctive multi-word name signature fallback (min length 10)
S1-684273793,S2,S2-529747238,B/F Computing Inc,B/F Cmouting Inc,"45 Main Street, Unit FRONT, Woburn, MA","413 Main St, WOBURN, MA",US,MISSED_BY_BLOCKING,I_legal_suffix_dominating,Lexical divergence across commercial branding,Address component intersection
S1-642743373,S2,S2-396984221,Indian Maa Trading Private Limited,இந்தியன் மா டிரேடிங் பிரைவேட் லிமிடெட்,"New No.10, Old No.122, Apparsamy Koil Street, Mylapore, Chennai, Tamil Nadu","NEW NO.10, CHENNAI, தமிழ்நாடு",India,MISSED_BY_BLOCKING,J_cross_script_dba,"One entity in native Indic script, other in English with different brand phrasing",Indic transliteration + consonant skeleton + address key
S1-642743373,S2,S2-368073496,Indian Maa Trading Private Limited,இந்தியன் மா டிரேடிங் பிரைவேட் லிமிடெட்,"New No.10, Old No.122, Apparsamy Koil Street, Mylapore, Chennai, Tamil Nadu","NEW NO.10, CHENNAI, Tamil Nadu",India,MISSED_BY_BLOCKING,J_cross_script_dba,"One entity in native Indic script, other in English with different brand phrasing",Indic transliteration + consonant skeleton + address key
S1-885020661,S3,S3-423625490,Jain Trading Pvt Ltd,জৈন ট্রেডিং প্রাইভেট লিমিটেড,"23 B, Netaji Subhas Road Ist Floor, Room No. 124, Kolkata, Kolkata, Howrah, West Bengal","23 B, Calcutta, Howrah, WB",India,MISSED_BY_BLOCKING,J_cross_script_dba,"One entity in native Indic script, other in English with different brand phrasing",Indic transliteration + consonant skeleton + address key
S1-885020661,S3,S3-300526127,Jain Trading Pvt Ltd,Jaintrading.Com,"23 B, Netaji Subhas Road Ist Floor, Room No. 124, Kolkata, Kolkata, Howrah, West Bengal","H.no 23 B, Calcutta, Howrah, WB",India,MISSED_BY_BLOCKING,C_website_domain_variation,Candidate name is a website/domain with unsegmented words while S1 is legal entity,Pass A: Strip TLD + token stem concatenation + address anchor
S1-146279534,S2,S2-104458552,Tirupati Construction Private Limited,तिरुपति कंस्ट्रक्शन प्राइवेट लिमिटेड,"Co. Dnyandeo Bhanudas Tar, Maharashtra, Ange At Po. Redni Gavthan, Pune, Indapur","CO. DNYARDEO BHANUDAS TAR, ANGE AT PO. REDNI GAVTHAN, PUNE, Maharashtra",India,MISSED_BY_BLOCKING,J_cross_script_dba,"One entity in native Indic script, other in English with different brand phrasing",Indic transliteration + consonant skeleton + address key
S1-770889629,S2,S2-559692108,Ad Books Private Limited,Koronyx,"New Delhi, Opp. Shadi Pur Depot, Central Delhi, Delhi, 2151/9A/3 New Patel Nagar","151/9A/3 NEW PATEL NAGAR, OPP. SHADI PUR DEPOT, NEW DELHI, CENTRAL DELHI, Delhi",India,MISSED_BY_BLOCKING,B_brand_vs_parent_company,Short distinctive brand name vs multi-word parent company name,Single distinctive brand token + address door/plot number
S1-346599123,S3,S3-889143817,Mountain Limited L.L.C.,Mountain  Limited,"Nashville, 909 Springlake Court, TN","Springlake Court, Naashville, Tennessee",US,MISSED_BY_BLOCKING,I_legal_suffix_dominating,Lexical divergence across commercial branding,Address component intersection
S1-383449539,S3,S3-947760259,"L & O Universal, LLC","L + + O Universal, (LLC)","E1198 Gurholt Road, Town Of Scandinavia, WI","E1198 Gurhtlt Rd, Town Of Scandinavia, Wisconsin",US,MISSED_BY_BLOCKING,I_legal_suffix_dominating,Lexical divergence across commercial branding,Address component intersection
S1-839493059,S3,S3-755429548,Smith Care LP,Smith Ce Ce LP,"455 Schutt Road, Unit Apartment 406, Wallkill, NY","Schutt Rd, Middlletown, New York",US,MISSED_BY_BLOCKING,I_legal_suffix_dominating,Lexical divergence across commercial branding,Address component intersection
S1-546142636,S3,S3-729771680,Crystal Staffing Solutions LLC,LLC Crystal Shaffing Solutions,"8706 Kentucky Derby Drive, Waxhaw, NC","870 Kentucky Derby Drive, Waxhaw, North Carolina",US,MISSED_BY_BLOCKING,I_legal_suffix_dominating,Lexical divergence across commercial branding,Address component intersection
S1-773037667,S3,S3-702518116,"Northwind, Inc","Ntohtbfnd, Inc","4552 400th Street, Hospers, IA","Iowa, 552 400th St, Hospers",US,MISSED_BY_BLOCKING,I_legal_suffix_dominating,Lexical divergence across commercial branding,Address component intersection
S1-19302667,S2,S2-452112134,Patterson Royal Ramaco LLC,Patterson Patterson Roya1 Ramaco LLC,"2221 Sims Place, Unit Apt 2, City Of La Crosse, WI",,US,MISSED_BY_BLOCKING,G_empty_or_weak_address,"Address is empty or severely truncated, preventing composite address blocking",Distinctive multi-word name signature fallback (min length 10)
S1-580570855,S3,S3-145032593,Tri-State Ministries LLC,Tri-5tate Ministries L.L.C.,"IN, 2424 Country Club Drive, Rochester","2424 1/2 Country Club Dr, Rochester, Indiana",US,MISSED_BY_BLOCKING,I_legal_suffix_dominating,Lexical divergence across commercial branding,Address component intersection
S1-477776195,S2,S2-871236056,Dynamic Biomedical Networks LLC,dynamicbiomedicalnetworks.com,"270 School Hill Road, Cecil Township, PA","27 SCHOOL HILL ROAD, CANONSBURG, PA",US,MISSED_BY_BLOCKING,C_website_domain_variation,Candidate name is a website/domain with unsegmented words while S1 is legal entity,Pass A: Strip TLD + token stem concatenation + address anchor
S1-273055341,S2,S2-71589628,Domino Technologies Private Limited,Domino Technologies Limited Services,"Door No.1, Nethaji Nagar, Mathigiri, Hosur, Krishnagiri, Dharmapuri, Tamil Nadu",,India,MISSED_BY_BLOCKING,G_empty_or_weak_address,"Address is empty or severely truncated, preventing composite address blocking",Distinctive multi-word name signature fallback (min length 10)
S1-552008189,S3,S3-127948484,Urgent Care Tri-State Clinic,urgentcaretristate.com,"248-44 Thebes Avenue, Little Neck, NY","Thebes Ave, Little Neck, New York",US,MISSED_BY_BLOCKING,C_website_domain_variation,Candidate name is a website/domain with unsegmented words while S1 is legal entity,Pass A: Strip TLD + token stem concatenation + address anchor
S1-308262271,S2,S2-696354721,Royal Surya Management,रॉयल सूर्य मैनेजमेंट,"605, 6Th Floor, Hallmark Business Plaza, Opp. Guru Nanak Hospital, Bandra (East), Mumbai, Mumbai City, Maharashtra","MUMBAI CITY, 605, MUMBAI, महाराष्ट्र",India,MISSED_BY_BLOCKING,J_cross_script_dba,"One entity in native Indic script, other in English with different brand phrasing",Indic transliteration + consonant skeleton + address key
S1-621058253,S2,S2-249491565,Sarasraj Rubber Pvt. Ltd.,5arasraj Pvt. Ltd. [Center],"C/O M Manasa, Nehru Nagar, Hassan, Karnataka","C/O M MANASA, HASSAN, Karnataka",India,MISSED_BY_BLOCKING,F_missing_business_name_tokens,Address matches strongly but business names have disparate commercial branding,High-precision address anchor (plot number + 2 distinctive street words)
S1-196576160,S3,S3-180926047,Om Global Private Limited,ఓమ్ గ్లోబల్ ప్రైవేట్ లిమిటెడ్,"Telangana, Hyderabad, H-76, H-Block Madhuranagar, Sr Nagar, Ameerpet, Hyderabad, 8-3-224/9/10/A","Plot 28 8-3-224/9/10/A, H-76, H-block Madhuranagar, Sr Nagar, Ameerpet, Hyderabad, TG",India,MISSED_BY_BLOCKING,J_cross_script_dba,"One entity in native Indic script, other in English with different brand phrasing",Indic transliteration + consonant skeleton + address key
S1-453766911,S2,S2-549387268,Eco & Sons Limited,Mr Eco & Ss Limited (ID: 87475),"C/O Milind Madhavrao Pati, Flat No 14, Samira Apart, Nashik, Maharashtra",,India,MISSED_BY_BLOCKING,G_empty_or_weak_address,"Address is empty or severely truncated, preventing composite address blocking",Distinctive multi-word name signature fallback (min length 10)
S1-189278697,S3,S3-669833720,II Money LLP,II Moeey LLP,"C/O Guman Singh, 1 Grd Flr, Sai Vihar Colony, Chunani Hanuman Mandir Ke Pas, Sarupganj, Pindwara, Sirohi, Rajasthan","C/o Gumna Singh, Pindwara, Sirohi, RJ",India,MISSED_BY_BLOCKING,I_legal_suffix_dominating,Lexical divergence across commercial branding,Address component intersection
S1-71044335,S3,S3-727558084,Vision Industries,विजन इंडस्ट्रीज,"Bayer House, Central Avenue Hiranandani Gardens, Powai, Mumbai, Maharashtra","Plot 420 Bayr House, Powai, Mumbai, MH",India,MISSED_BY_BLOCKING,J_cross_script_dba,"One entity in native Indic script, other in English with different brand phrasing",Indic transliteration + consonant skeleton + address key
S1-83647344,S3,S3-175231511,New India Private Limited,New Private Limited 5ervices,"Fl 401, Telangana, Sri Niketan Abhinandana Aprt. Ayyappa Society, Nr.Cgr Int. Pl.250 251, Madhapur, Hyderabad, Rangareddy",,India,MISSED_BY_BLOCKING,G_empty_or_weak_address,"Address is empty or severely truncated, preventing composite address blocking",Distinctive multi-word name signature fallback (min length 10)
S1-973717755,S2,S2-940499387,Ujjawal Institute of Technology,Ujjawa1  Institute of Center,"Sr No-45/1/1 Milkat No, 1043 Hole Wasti Undri, Pune City, Pune, Maharashtra",,India,MISSED_BY_BLOCKING,G_empty_or_weak_address,"Address is empty or severely truncated, preventing composite address blocking",Distinctive multi-word name signature fallback (min length 10)
S1-356151827,S2,S2-786473434,Jain Properties Pvt Ltd,जैन प्रॉपर्टीज प्रा. लि.,"16 Salasar Commercial Center Fatak Road Near Gas Godown Bhayander (E), Mumbai, Mumbai City, Maharashtra","MUMBAI, MUMBAI CITY, Maharashtra, ##16 SALASAR COMMERCIAL CENTER FATAK ROAD NEAR GAS GODOWN BHAYANDER (E)",India,MISSED_BY_BLOCKING,J_cross_script_dba,"One entity in native Indic script, other in English with different brand phrasing",Indic transliteration + consonant skeleton + address key
S1-106581142,S3,S3-51885886,Green College,Lyraonyx,"Door No.26/281, Sadhoo Company Road, No.55 Kra, Ondenparamb, Kannur, Kerala","26/281, Kannur, Keralam",India,MISSED_BY_BLOCKING,B_brand_vs_parent_company,Short distinctive brand name vs multi-word parent company name,Single distinctive brand token + address door/plot number
S1-761030884,S3,S3-633599851,International Staffing Consultants LLC,Brixnyla,"4933 Karlov Avenue, Chicago, IL","Karlov Avenue, Chicago, Illinois",US,MISSED_BY_BLOCKING,B_brand_vs_parent_company,Short distinctive brand name vs multi-word parent company name,Single distinctive brand token + address door/plot number
S1-174971429,S3,S3-285983876,Builders Saanchi Services Private Limited,Builder Saanchi Services Private Limited,"Lucknow, 1St Floor, Uttar Pradesh, Lucknow, Shop No. 2, Landmark Arcade Complex, Badshah Nagar Crossing","Floor, Lucknow, UP",India,MISSED_BY_BLOCKING,I_legal_suffix_dominating,Lexical divergence across commercial branding,Address component intersection
S1-216667596,S2,S2-394495210,Straits Supply Co,straitssupply.com,"Madhya Pradesh, C, Govind Garden Raisen Rd, Bhopal, Flat 2 Nirmal Comp Plot 9, Huzur","#528 FLAT 2 NIRMAL COMP PLOT 9, C, GOVIND GARDEN RAISEN RD, HUZUR, Madhya Pradesh",India,MISSED_BY_BLOCKING,C_website_domain_variation,Candidate name is a website/domain with unsegmented words while S1 is legal entity,Pass A: Strip TLD + token stem concatenation + address anchor
S1-522029771,S2,S2-72800139,United Technology Pvt Ltd,UNITED-TECMNOMOGY PVT LTD,"Sambalpur, Orissa","SAMBALPUR, SAMBALPUR, Odisha",India,MISSED_BY_BLOCKING,I_legal_suffix_dominating,Lexical divergence across commercial branding,Address component intersection
S1-522029771,S2,S2-758823930,United Technology Pvt Ltd,ୟୁନାଇଟେଡ୍ ଟେକ୍ନୋଲୋଜି ପ୍ରାଇଭେଟ୍ ଲିମିଟେଡ୍,"Sambalpur, Orissa","SAMBALPUR, Odisha",India,MISSED_BY_BLOCKING,J_cross_script_dba,"One entity in native Indic script, other in English with different brand phrasing",Indic transliteration + consonant skeleton + address key
S1-522029771,S3,S3-39737877,United Technology Pvt Ltd,ୟୁନାଇଟେଡ୍ ଟେକ୍ନୋଲୋଜି ପ୍ରାଇଭେଟ୍ ଲିମିଟେଡ୍,"Sambalpur, Orissa","Plot 526 Sambalpur, Sambalpur, OD",India,MISSED_BY_BLOCKING,J_cross_script_dba,"One entity in native Indic script, other in English with different brand phrasing",Indic transliteration + consonant skeleton + address key
S1-764601053,S3,S3-297304885,Ns Technologies Private Limited,Ns Technologies Limited Service,"Sitamarhi, Plot No-38, Vill-Ganeshpur Babhangawan, Tola And Panch-Ganeshpur, Babhangawan, Block Riga, C/O Asarfi Das, Bihar","C/o Asirfi Das, Sitamarhi, BR",India,MISSED_BY_BLOCKING,I_legal_suffix_dominating,Lexical divergence across commercial branding,Address component intersection
S1-764601053,S3,S3-733961835,Ns Technologies Private Limited,M/s Ns Technologies Private Ltd,"Sitamarhi, Plot No-38, Vill-Ganeshpur Babhangawan, Tola And Panch-Ganeshpur, Babhangawan, Block Riga, C/O Asarfi Das, Bihar","Sitamarhi, Block Riga, C/o Asarfi Das, BR",India,MISSED_BY_BLOCKING,I_legal_suffix_dominating,Lexical divergence across commercial branding,Address component intersection
S1-804760757,S2,S2-902074772,Forever Smart Pvt Ltd,F0rever Snat Pvt Ltd,"Door No 4/273B, Fishing Harbour Road, Beypore, Kozhikode, Kerala","4/273B, BEYPORE, KOZHIKODE, Kerala",India,MISSED_BY_BLOCKING,I_legal_suffix_dominating,Lexical divergence across commercial branding,Address component intersection
S1-915298960,S3,S3-951980255,Zeromile (India) Traders Private Limited,Novilumonyx,"Flat No 502/B, Versova Samarth Darshan Chs, 1B, New Mhada Complex, Lokhandwala, Andh, Eri W, Mumbai, Mumbai City, Maharashtra","Flat No 502/B, महाराष्ट्र, Mumbai, Mumbai City",India,MISSED_BY_BLOCKING,B_brand_vs_parent_company,Short distinctive brand name vs multi-word parent company name,Single distinctive brand token + address door/plot number
S1-915298960,S3,S3-791453600,Zeromile (India) Traders Private Limited,#Zeromileindia,"Flat No 502/B, Versova Samarth Darshan Chs, 1B, New Mhada Complex, Lokhandwala, Andh, Eri W, Mumbai, Mumbai City, Maharashtra","Mumbai, महाराष्ट्र, Versova Samarth Darshan Chs, 1B, New Mhada Complex, Lokhandwala, Andh, Eri W, Mumbai City, No 502/B",India,MISSED_BY_BLOCKING,B_brand_vs_parent_company,Short distinctive brand name vs multi-word parent company name,Single distinctive brand token + address door/plot number
S1-873164190,S3,S3-126702578,Abs & Associates Private Limited,Abs &-Associates Private,"Shop No 7 To 12, 3Rd Fl, Anjani Nandan Tex, Chorasi, Surat, Gujarat",,India,MISSED_BY_BLOCKING,G_empty_or_weak_address,"Address is empty or severely truncated, preventing composite address blocking",Distinctive multi-word name signature fallback (min length 10)
S1-915475076,S2,S2-113135292,International Management Pvt Ltd,इंटरनेशनल मैनेजमेंट प्रा. लि.,"11/818, Manas Nagar Bara, Rewa, Madhya Pradesh","1/818, MANAS NAGAR BARA, REWA, मध्य प्रदेश",India,MISSED_BY_BLOCKING,J_cross_script_dba,"One entity in native Indic script, other in English with different brand phrasing",Indic transliteration + consonant skeleton + address key
S1-915475076,S2,S2-255262799,International Management Pvt Ltd,International मैनेजमेंट प्रा. लि.,"11/818, Manas Nagar Bara, Rewa, Madhya Pradesh","1/818, MANAS NAGAR BARA, REWA, Madhya Pradesh",India,MISSED_BY_BLOCKING,J_cross_script_dba,"One entity in native Indic script, other in English with different brand phrasing",Indic transliteration + consonant skeleton + address key
S1-371450624,S3,S3-111238356,AMQ Technologies Private Limited,AMQ Technologies Prívate Limited | www.amqtechno.com,"1403 Block B Oceanus Bluemount Apartments, Kulathoor, Thiruvananthapuram, Trivandrum, Kerala","Trivandrum, Kulathoor, H.no 403 Block B Oceanus Bluemount Apartments, KL, Trivandrum",India,MISSED_BY_BLOCKING,C_website_domain_variation,Candidate name is a website/domain with unsegmented words while S1 is legal entity,Pass A: Strip TLD + token stem concatenation + address anchor
S1-371450624,S3,S3-283904644,AMQ Technologies Private Limited,AMQ Technologies Limited Service,"1403 Block B Oceanus Bluemount Apartments, Kulathoor, Thiruvananthapuram, Trivandrum, Kerala","Trivandrum, KL, Trivandrum, No 403 Block B Oceanus Bluemount Apartments, Kulathoor",India,MISSED_BY_BLOCKING,I_legal_suffix_dominating,Lexical divergence across commercial branding,Address component intersection
S1-758391186,S3,S3-492023313,Ss Star Investment Private Limited,ఎస్‌ఎస్ స్టార్ ఇన్వెస్ట్‌మెంట్ ప్రైవేట్ లిమిటెడ్,"P No.56, Guttala Begumpet, Madhapur, Hyderabad, Shaikpet, Hyderabad, Telangana","P No.56, Hyderabad, <NULL>, Andhra Pradesh",India,MISSED_BY_BLOCKING,J_cross_script_dba,"One entity in native Indic script, other in English with different brand phrasing",Indic transliteration + consonant skeleton + address key
S1-758391186,S3,S3-882957674,Ss Star Investment Private Limited,ఎస్‌ఎస్ స్టార్ ఇన్వెస్ట్‌మెంట్ ప్రైవేట్ లిమిటెడ్,"P No.56, Guttala Begumpet, Madhapur, Hyderabad, Shaikpet, Hyderabad, Telangana","<NULL>, Hyderabad, Andhra Pradesh, P No.56",India,MISSED_BY_BLOCKING,J_cross_script_dba,"One entity in native Indic script, other in English with different brand phrasing",Indic transliteration + consonant skeleton + address key
S1-118687984,S2,S2-191245306,Life Constructions Limited,@lifeconstructions,"C/O Swapna Das Bilding More, Ashoke Nagar, Kolkata, Parganas North, West Bengal","C/O SWAPNA DAS BILDING MORE, ASHOKE NAGAR, KOLKATA, West Bengal",India,MISSED_BY_BLOCKING,C_website_domain_variation,Candidate name is a website/domain with unsegmented words while S1 is legal entity,Pass A: Strip TLD + token stem concatenation + address anchor
S1-553124417,S2,S2-645459807,Sarasya India Private Limited,5arasya Private Limited Service,"334, Jessore Road 2Nd Floor, Kolkata, Kolkata, Howrah, West Bengal","33, NORTH 24PARGANAS, West Bengal",India,MISSED_BY_BLOCKING,I_legal_suffix_dominating,Lexical divergence across commercial branding,Address component intersection
S1-384084816,S2,S2-481077062,Certified Printing Corporation,CERTIFIED PRIORANG CORPORATION,"Stamford, CT, 568 Fairfield Avenue","368 FAIRFIELD AVENUE, STAMFORD, CT",US,MISSED_BY_BLOCKING,I_legal_suffix_dominating,Lexical divergence across commercial branding,Address component intersection
S1-618833774,S3,S3-386777342,Physical Therapy Care of Houston,Physicaltherapycare.Com,"Houston, TX, 5234 San Pablo Gardens Drive","5234 San Pablo Gardens Dr, Houston, Texas",US,MISSED_BY_BLOCKING,C_website_domain_variation,Candidate name is a website/domain with unsegmented words while S1 is legal entity,Pass A: Strip TLD + token stem concatenation + address anchor
S1-618833774,S3,S3-803171652,Physical Therapy Care of Houston,Hóuston Therapy Care of Physical,"Houston, TX, 5234 San Pablo Gardens Drive","5234 San Pablo Gadrens Dr, Houston, Texas",US,MISSED_BY_BLOCKING,I_legal_suffix_dominating,Lexical divergence across commercial branding,Address component intersection
S1-713676954,S3,S3-360700455,Fas Management Private Limited,Dr Fas Management [Private],"E-34, Industrial Estate, Distt. Yamunanagar, Jagadhri, Yamuna Nagar, Haryana",,India,MISSED_BY_BLOCKING,G_empty_or_weak_address,"Address is empty or severely truncated, preventing composite address blocking",Distinctive multi-word name signature fallback (min length 10)
S1-257216497,S2,S2-497806846,Baba Constructions Pvt Ltd,बाबा कंस्ट्रक्शंस प्रा. लि.,"Azad Chowk, Rustampur Saket Nagar, Bagaha Baba Road, Gorakhpur, Uttar Pradesh","AZAD CHOWK, RUSTAMPUR SAKET NAGAR, BAGAHA BABA ROAD, GORAKHPUR, RAJDEPUR DEHATI, Uttar Pradesh",India,MISSED_BY_BLOCKING,J_cross_script_dba,"One entity in native Indic script, other in English with different brand phrasing",Indic transliteration + consonant skeleton + address key
S1-257216497,S3,S3-740126170,Baba Constructions Pvt Ltd,Baba,"Azad Chowk, Rustampur Saket Nagar, Bagaha Baba Road, Gorakhpur, Uttar Pradesh","Azad Chowk, Rustampur Saket Nagar, Bagaha Baba Road, Gorakhpur, Uttar Pradesh",India,MISSED_BY_BLOCKING,B_brand_vs_parent_company,Short distinctive brand name vs multi-word parent company name,Single distinctive brand token + address door/plot number
S1-876684021,S2,S2-736726482,Baba Energy Private Limited,బాబా ఎనర్జీ ప్రైవేట్ లిమిటెడ్,"7-111/1, Sri Anand Nagar Colony, Near Rci, Saroor Nagar, Bandlaguda, Keshogiri Hyderabad, Rangareddy, Telangana","7-111/1, HYDERABAD, KESHOGIRI HYDERABAD, Telangana",India,MISSED_BY_BLOCKING,J_cross_script_dba,"One entity in native Indic script, other in English with different brand phrasing",Indic transliteration + consonant skeleton + address key
S1-966390262,S2,S2-386268013,"Keystone Bitwise, LLC",Keystone Bitwddse Bitwddse LLC,"3091 Eastview Way, Buckeye, AZ",,US,MISSED_BY_BLOCKING,G_empty_or_weak_address,"Address is empty or severely truncated, preventing composite address blocking",Distinctive multi-word name signature fallback (min length 10)
S1-397469663,S3,S3-241979555,Real Lakshmi Software Private Limited,ರಿಯಲ್ ಲಕ್ಷ್ಮಿ ಸಾಫ್ಟ್‌ವೇರ್ ಪ್ರೈವೇಟ್ ಲಿಮಿಟೆಡ್,"Old No. 361/1, New No. 366 N S Palya, 2Nd Cross, Bannerghatta Road, Bangalore, Bangalore Rural, Karnataka","Old No. 361/1, KA, Bengaluru, Bangalore Rural, New No. 366 N S Palya, 2Nd Cross, Bannerghatta Road",India,MISSED_BY_BLOCKING,J_cross_script_dba,"One entity in native Indic script, other in English with different brand phrasing",Indic transliteration + consonant skeleton + address key
S1-397469663,S2,S2-599425538,Real Lakshmi Software Private Limited,ರಿಯಲ್ ಲಕ್ಷ್ಮಿ ಸಾಫ್ಟ್‌ವೇರ್ ಪ್ರೈವೇಟ್ ಲಿಮಿಟೆಡ್,"Old No. 361/1, New No. 366 N S Palya, 2Nd Cross, Bannerghatta Road, Bangalore, Bangalore Rural, Karnataka","OLD NO. 2-361/1, BENGALURU, BANGALORE RURAL, ಕರ್ನಾಟಕ",India,MISSED_BY_BLOCKING,J_cross_script_dba,"One entity in native Indic script, other in English with different brand phrasing",Indic transliteration + consonant skeleton + address key
S1-116043204,S3,S3-85523430,Red Consultants Pvt. Ltd.,Red Pvt. Ltd. Center,"C/O Tapas Kumar Betal, Bhogpur, Purba Medinipur, Panskura, East Midnapore, West Bengal",,India,MISSED_BY_BLOCKING,G_empty_or_weak_address,"Address is empty or severely truncated, preventing composite address blocking",Distinctive multi-word name signature fallback (min length 10)
S1-616588883,S2,S2-603899205,Cao Assets Inc,Cao Aofianehs Inc,"769 Sir Philip Drive, Salt Lake City, UT","69 SIR PHILIP DR, SALT LAKE CITY, UT",US,MISSED_BY_BLOCKING,I_legal_suffix_dominating,Lexical divergence across commercial branding,Address component intersection
S1-102500336,S2,S2-836664456,Aahana Realty Limited,Shri Synumbra,"Ih-10, Hemavathi Nagar Alape, Mangalore, Dak. Kannada, Karnataka","IH-10, DAK. KANNADA, MANGALORE, ಕರ್ನಾಟಕ",India,MISSED_BY_BLOCKING,F_missing_business_name_tokens,Address matches strongly but business names have disparate commercial branding,High-precision address anchor (plot number + 2 distinctive street words)
S1-9095876,S2,S2-572789911,Blue Good Infra Private Limited,બ્લૂ ગુડ ઇન્ફ્રા પ્રાઇવેટ લિમિટેડ,"G-3, Shri Hari Asson, B/H Law College Ground, Ahmadabad City, Ahmedabad, Gujarat","Gujarat, AHMADABAD CITY, SHRI HARI ASSON, B/H LAW COLLEGE GROUND, AHMEDABAD, G-3.",India,MISSED_BY_BLOCKING,J_cross_script_dba,"One entity in native Indic script, other in English with different brand phrasing",Indic transliteration + consonant skeleton + address key
S1-9095876,S3,S3-558130484,Blue Good Infra Private Limited,બ્લૂ ગુડ ઇન્ફ્રા પ્રાઇવેટ લિમિટેડ,"G-3, Shri Hari Asson, B/H Law College Ground, Ahmadabad City, Ahmedabad, Gujarat","G-3/3, Ahmedabad, Ahmadabad City, GJ",India,MISSED_BY_BLOCKING,J_cross_script_dba,"One entity in native Indic script, other in English with different brand phrasing",Indic transliteration + consonant skeleton + address key
S1-760441816,S3,S3-572300778,Midwest Center IV,Midwest Center,"Tacoma, WA, Unit #321, 3910 28th Street","7910 28th St, Tacoma, Washington",US,MISSED_BY_BLOCKING,I_legal_suffix_dominating,Lexical divergence across commercial branding,Address component intersection
S1-519034760,S2,S2-571714007,Robinson Tri-State Chiron Inc,robinsontristatechiron.com,"5300 Silverton Drive, Killeen, TX","TX, SILVERTON DRIVE, KILLEEN",US,MISSED_BY_BLOCKING,C_website_domain_variation,Candidate name is a website/domain with unsegmented words while S1 is legal entity,Pass A: Strip TLD + token stem concatenation + address anchor
S1-773376311,S3,S3-195819492,Sree Logistics Pvt Ltd,श्री लॉजिस्टिक्स प्रा. लि.,"Madhya Pradesh, Motijheel, Gird, 129 K Phe Colony, Gwalior","B3/129 K Phe Colony, Gird, Gwalior, MP",India,MISSED_BY_BLOCKING,J_cross_script_dba,"One entity in native Indic script, other in English with different brand phrasing",Indic transliteration + consonant skeleton + address key
S1-115674524,S3,S3-438195934,Indian Enterprises LLP,इंडियन एंटरप्राइजेज एलएलपी,"Ground Floor, Mumbai, Mumbai City, Winchester Building, Off High Street Hiranandani Business Park, Powai, Maharashtra","Ground Floor, Winchester Building, Off High Street Hiranandani Business Park, Powai, Mumbai, null, MH",India,MISSED_BY_BLOCKING,J_cross_script_dba,"One entity in native Indic script, other in English with different brand phrasing",Indic transliteration + consonant skeleton + address key
S1-86387436,S3,S3-235914450,Nmp Traders Company,Nmp,"Karnataka, Layout Tamaka Kolar, C/O C S Harish Kumar Kuda, Kolar","C/O C S Harish Kumar Kuda, Kolar, Karnataka, Layout Tamaka Kolar",India,MISSED_BY_BLOCKING,B_brand_vs_parent_company,Short distinctive brand name vs multi-word parent company name,Single distinctive brand token + address door/plot number
S1-86387436,S3,S3-609075958,Nmp Traders Company,Nmp Triahes Company,"Karnataka, Layout Tamaka Kolar, C/O C S Harish Kumar Kuda, Kolar","C/o C S Harish Kumar Kuda, Layout Tamaka Kolar, Kolar, KA",India,MISSED_BY_BLOCKING,I_legal_suffix_dominating,Lexical divergence across commercial branding,Address component intersection
S1-46264614,S2,S2-574712254,Bangalore South Enterprises Private Limited,entbangaloresouth.com,"No.203/2, Ground Floor, Balaji Road, 2Nd Block, Bangalore South, Bangalore, Karnataka","DOOR NO 03/2, GROUND FLOOR, BALAJI ROAD, 2ND BLOCK, BANGALORE, BANGALORE SOUTH, ಕರ್ನಾಟಕ",India,MISSED_BY_BLOCKING,C_website_domain_variation,Candidate name is a website/domain with unsegmented words while S1 is legal entity,Pass A: Strip TLD + token stem concatenation + address anchor
S1-660662966,S2,S2-851470074,New Delhi Dream Private Limited,#newdelhi,"S-3, G/F, Greater Kailash-1, New Delhi, South Delhi, Delhi","S-B3/3, G/F, GREATER KAILASH-1, NEW DELHI, Delhi",India,MISSED_BY_BLOCKING,B_brand_vs_parent_company,Short distinctive brand name vs multi-word parent company name,Single distinctive brand token + address door/plot number
S1-315356120,S2,S2-779125768,Martin's Vanguard Detailing,martinsvanguarddetailing.com,"20 Springmill Drive, Middletown, DE","SPRINGMILL DRIVE, MIDDLETOWN, DE",US,MISSED_BY_BLOCKING,C_website_domain_variation,Candidate name is a website/domain with unsegmented words while S1 is legal entity,Pass A: Strip TLD + token stem concatenation + address anchor
S1-729168743,S2,S2-775073724,Blue Cornerstone Epr,bluecornerstoneepr.com,"WA, 13809 178th Avenue, Redmond","13809 178TH AVENUE, PMB 5920, REEDMOND, WA",US,MISSED_BY_BLOCKING,C_website_domain_variation,Candidate name is a website/domain with unsegmented words while S1 is legal entity,Pass A: Strip TLD + token stem concatenation + address anchor
S1-182981265,S2,S2-244466111,Real Consulting Private Limited,रियल कंसल्टिंग प्राइवेट लिमिटेड,"E-4, Dhawandeep, Jantar Mantar Road Delhi, Delhi, Central Delhi, Delhi","E-4, DELHI, CENTRAL DELHI, Delhi",India,MISSED_BY_BLOCKING,J_cross_script_dba,"One entity in native Indic script, other in English with different brand phrasing",Indic transliteration + consonant skeleton + address key
S1-636220578,S3,S3-681005545,Interstate Prudential LLC,Interstate Prucdenetil LLC,"4165 Meadowlark Trail, Stow, OH","Ohio, 416 Meadowlark Trl, STOW CITY",US,MISSED_BY_BLOCKING,I_legal_suffix_dominating,Lexical divergence across commercial branding,Address component intersection
S1-310473965,S3,S3-734011761,Rajkot Udyog Private Limited,Pbrivte Rajk0t Udyog Limited,"Space Odyssey, 150 Feet Ring Road, Office No. 1403, Gujarat, Rajkot","Office No. 1403, Rajkot, Nakshatra, GJ",India,MISSED_BY_BLOCKING,I_legal_suffix_dominating,Lexical divergence across commercial branding,Address component intersection
S1-342612208,S2,S2-723852858,North Veterinary Clinic,northveterinaryclinic.com,"49 North Avenue, Norwood, MA","NORWOOD, MA, 49 NORTH AVE",US,MISSED_BY_BLOCKING,C_website_domain_variation,Candidate name is a website/domain with unsegmented words while S1 is legal entity,Pass A: Strip TLD + token stem concatenation + address anchor
S1-394509887,S2,S2-686931655,Straight Edge Coffee!,Straight Ee Coffee!,"New Carlisle, IN, 7870 Emery Road","7881 EMERY RD, NEW CARLISLE, IN",US,MISSED_BY_BLOCKING,I_legal_suffix_dominating,Lexical divergence across commercial branding,Address component intersection
S1-580071060,S3,S3-620827466,Rk Finlease Private Limited,Rk Private Limited Partners,"201 Floor 2, Plot 119C Ranjit Studio, Mumbai, Maharashtra",,India,MISSED_BY_BLOCKING,G_empty_or_weak_address,"Address is empty or severely truncated, preventing composite address blocking",Distinctive multi-word name signature fallback (min length 10)
S1-193167235,S2,S2-300038325,New Delhi Devcon Pvt Ltd,New De1hi Devcon Pvt Ltd,"Rz 26 P/2 Gali No. 32, Indra Park, Palm Colony, New Delhi, South West Delhi, Delhi","#371 RZ 26 P/2 GALI NO. 32, INDRA PARK, PAML COLONY, NEW DELHI, Delhi",India,MISSED_BY_BLOCKING,I_legal_suffix_dominating,Lexical divergence across commercial branding,Address component intersection
S1-409450179,S3,S3-893898073,E E Evans British LLC,eeevans.com,"8795 Lurline Street, Rancho Cucamonga, CA","Lurline Saint, Rancho Cucamonga, California",US,MISSED_BY_BLOCKING,C_website_domain_variation,Candidate name is a website/domain with unsegmented words while S1 is legal entity,Pass A: Strip TLD + token stem concatenation + address anchor
S1-789009573,S2,S2-383871912,Hotel Enterprises Limited,होटल एंटरप्राइजेज लिमिटेड,"Wz-187C Shop No.13, 14 Kh. No.47 S/F. Vikaspuri Budhela Village Behind Oxford School, Delhi, West Delhi, Delhi","WZ-187C SHOP NO.13, DELHI, WEST DELHI, Delhi",India,MISSED_BY_BLOCKING,J_cross_script_dba,"One entity in native Indic script, other in English with different brand phrasing",Indic transliteration + consonant skeleton + address key
S1-539762538,S3,S3-156071169,Tranquility Electromechanical LLP,Tranquilityelectromechanical.Com,"Delhi, N-10, Ground Floor, Vishnu Garden, West Delhi, Shop No.3, New Delhi","Bodela, N-10, Ground Floor, Vishnu Garden, New Delhi, No 3/7, DL",India,MISSED_BY_BLOCKING,C_website_domain_variation,Candidate name is a website/domain with unsegmented words while S1 is legal entity,Pass A: Strip TLD + token stem concatenation + address anchor
S1-539762538,S2,S2-230214346,Tranquility Electromechanical LLP,Tranquility LLP Center,"Delhi, N-10, Ground Floor, Vishnu Garden, West Delhi, Shop No.3, New Delhi",,India,MISSED_BY_BLOCKING,G_empty_or_weak_address,"Address is empty or severely truncated, preventing composite address blocking",Distinctive multi-word name signature fallback (min length 10)
S1-726175679,S2,S2-636109237,Blue Global Private Limited,ब्लू ग्लोबल प्राइवेट लिमिटेड,"A/610, Main Frame Building, Royal Palms, Aarey Milk Colony, Goregaon (East), Mumbai, Maharashtra","A/610, Maharashtra, GOREGAON (EAST), MUMBAI, MAIN FRAME BUILDING, ROYAL PALMS, AAREY MILK COLONY",India,MISSED_BY_BLOCKING,J_cross_script_dba,"One entity in native Indic script, other in English with different brand phrasing",Indic transliteration + consonant skeleton + address key
S1-726175679,S2,S2-682080483,Blue Global Private Limited,Blue Glhobla Private Limited,"A/610, Main Frame Building, Royal Palms, Aarey Milk Colony, Goregaon (East), Mumbai, Maharashtra",,India,MISSED_BY_BLOCKING,G_empty_or_weak_address,"Address is empty or severely truncated, preventing composite address blocking",Distinctive multi-word name signature fallback (min length 10)
S1-799181370,S2,S2-701345675,Om Engineering Limited,omengineering.com,"New Delhi, Delhi, 1St Floor Gali No-2, Raj Nagar Part-2 Palam, Rz-F-757/12, New Delhi","RZ-F-757/12, SOUTH WEST DELHI, NEW DELHI, Delhi",India,MISSED_BY_BLOCKING,C_website_domain_variation,Candidate name is a website/domain with unsegmented words while S1 is legal entity,Pass A: Strip TLD + token stem concatenation + address anchor
S1-531427084,S2,S2-745746990,Electricians Union Local No 947,unionlocalelectricians.com,"La Plata, MD, 844 Holly Drive","844 HOLLY DRIVE, LA PLATA, MD",US,MISSED_BY_BLOCKING,C_website_domain_variation,Candidate name is a website/domain with unsegmented words while S1 is legal entity,Pass A: Strip TLD + token stem concatenation + address anchor
S1-531427084,S3,S3-45492899,Electricians Union Local No 947,electriciansunionlocal.com,"La Plata, MD, 844 Holly Drive","844 Holly Drive, La Plata, Maryland",US,MISSED_BY_BLOCKING,C_website_domain_variation,Candidate name is a website/domain with unsegmented words while S1 is legal entity,Pass A: Strip TLD + token stem concatenation + address anchor
S1-297724157,S2,S2-4021560,Pediatric Dentistry Physicians Inc,Inc Pediatric Denthstry Physicians,"4901 Euclid Avenue, Sacramento, CA","4901 EUCLID AVE, SACRMENTO, CA",US,MISSED_BY_BLOCKING,I_legal_suffix_dominating,Lexical divergence across commercial branding,Address component intersection
S1-297724157,S3,S3-61513976,Pediatric Dentistry Physicians Inc,@pediatricdentistry,"4901 Euclid Avenue, Sacramento, CA","##4901 Euclid Ave, Sacrament Ocity, California",US,MISSED_BY_BLOCKING,C_website_domain_variation,Candidate name is a website/domain with unsegmented words while S1 is legal entity,Pass A: Strip TLD + token stem concatenation + address anchor
S1-79912210,S2,S2-819959765,Dream Developers LLP,ડ્રીમ ડેવલપર્સ એલએલપી,"2 Flr, Shree Ganesh Avenue, Nr Shreeji Shoppingcenter, Ahmadabad City, Ahmedabad, Gujarat","AHMADABAD CITY, AHMEDABAD, 2  FLR, Gujarat",India,MISSED_BY_BLOCKING,J_cross_script_dba,"One entity in native Indic script, other in English with different brand phrasing",Indic transliteration + consonant skeleton + address key
S1-710757752,S3,S3-792817605,Commission on Consumer Affairs,Commission Consumer Áffairs Services,"NC, 600 Coapman Street, Unit 2E, Greensboro","600. Coapman St, Unit 2E, Greensboro, North Carolina",US,MISSED_BY_BLOCKING,I_legal_suffix_dominating,Lexical divergence across commercial branding,Address component intersection
S1-480591442,S3,S3-810940843,Behavioral Health Harbor Clinic LLC,Deltaxylo,"2589 Main Street, Mobile, AL","2589 Main St, Mobile, Alabama",US,MISSED_BY_BLOCKING,B_brand_vs_parent_company,Short distinctive brand name vs multi-word parent company name,Single distinctive brand token + address door/plot number
S1-899807359,S3,S3-796049121,North Food Private Limited,నార్త్ ఫుడ్ ప్రైవేట్ లిమిటెడ్,"Lig 57, Dharma Reddy Colony K.P.H.B, #15-31-33/2, Hyderabad, Telangana, Hyderabad","Andhra Pradesh, Hyderabad, Lig 57, Dharma Reddy Colony K.p.h.b, Hyderabad, #15-31-33/2",India,MISSED_BY_BLOCKING,J_cross_script_dba,"One entity in native Indic script, other in English with different brand phrasing",Indic transliteration + consonant skeleton + address key
S1-742691374,S2,S2-112262836,Maa Indian Food Pvt Ltd,ಮಾ ಇಂಡಿಯನ್ ಫುಡ್ ಪ್ರೈವೇಟ್ ಲಿಮಿಟೆಡ್,"Door No:84, 3Rd Cross, Near Jyoti Nivas College, Bangalore South, Bangalore, Karnataka","DOOR NO:44, 3RD CROSS, NEAR JYOTI NIVAS COLLEGE, BANGALORE SOUTH, BANGALORE, Karnataka",India,MISSED_BY_BLOCKING,J_cross_script_dba,"One entity in native Indic script, other in English with different brand phrasing",Indic transliteration + consonant skeleton + address key
S1-939038449,S3,S3-970162905,Surya Media LLP,Ectoevo,"Old No.10, New No.23, Thiruvengadam Street Extension, Raja Annamalaipuram, Chennai, Tamil Nadu","Old No.10, Madras, Chennai, TN",India,MISSED_BY_BLOCKING,B_brand_vs_parent_company,Short distinctive brand name vs multi-word parent company name,Single distinctive brand token + address door/plot number
S1-124149196,S2,S2-951463245,Shakti Care Private Limited,శక్తి కేర్ ప్రైవేట్ లిమిటెడ్,"H.No:3-244/B, Panchayathi Bazar, Panguluru Mandal, Panguluru, Ongole, Prakasam, Andhra Pradesh","H.NO:3-244/B, ONGOLE, PRAKASAM, Andhra Pradesh",India,MISSED_BY_BLOCKING,J_cross_script_dba,"One entity in native Indic script, other in English with different brand phrasing",Indic transliteration + consonant skeleton + address key
S1-265413641,S3,S3-136002655,Aarvendra Amusement Co,Yumasynjax,"Bangalore, 54, Bangalore-2., Karnataka, Khader Sheriff Gardens","54, Khader Sheriff Gardens, Bangalore-2., Bangalore, Karnataka",India,MISSED_BY_BLOCKING,B_brand_vs_parent_company,Short distinctive brand name vs multi-word parent company name,Single distinctive brand token + address door/plot number
S1-441609621,S3,S3-555113951,North Logistics Private Limited,NorthlogisticsprivateCom,"Complex Nr Ambalal Park, Gujarat, Padra, Vadodara, Shop No 3 Vraj Raj","Shop No 3 Vraj Raj, Vadodara, Padra, GJ",India,MISSED_BY_BLOCKING,B_brand_vs_parent_company,Short distinctive brand name vs multi-word parent company name,Single distinctive brand token + address door/plot number
S1-441609621,S2,S2-484830115,North Logistics Private Limited,નોર્થ લોજિસ્ટિક્સ પ્રાઇવેટ લિમિટેડ,"Complex Nr Ambalal Park, Gujarat, Padra, Vadodara, Shop No 3 Vraj Raj","SHOP NO 3 VRAJ RAJ, PADRA, VADODARA, ગુજરાત",India,MISSED_BY_BLOCKING,J_cross_script_dba,"One entity in native Indic script, other in English with different brand phrasing",Indic transliteration + consonant skeleton + address key
S1-19827950,S3,S3-574359905,Maa Global Private Limited,মা গ্লোবাল প্রাইভেট লিমিটেড,"N-199/A Mudiali Road, Garden Reach, Kolkata, Kolkata, Howrah, West Bengal","N-199/a Mudilai Road, Wb",India,MISSED_BY_BLOCKING,J_cross_script_dba,"One entity in native Indic script, other in English with different brand phrasing",Indic transliteration + consonant skeleton + address key
S1-611872999,S3,S3-374098255,Maid Barbershop LLC,maidbarbershop.com,"598 Park Drive, Statesville, NC","PO Box 5162, Statesville, North Carolina, Park Dr",US,MISSED_BY_BLOCKING,C_website_domain_variation,Candidate name is a website/domain with unsegmented words while S1 is legal entity,Pass A: Strip TLD + token stem concatenation + address anchor
S1-546695531,S2,S2-771746663,Mumbai Kala Ltd,MUMBAI KE [LTD],"1203, Kashmri Heights Majaswadi, Near Saraswat Bank, Jogeshwar, I East, Mumbai, Mumbai City, Maharashtra","Maharashtra, 203, KASHMRI HEIGHTS MAJASWADI, NEAR SARASWAT BANK, JOGESHWAR, I EAST, MUMBAI",India,MISSED_BY_BLOCKING,I_legal_suffix_dominating,Lexical divergence across commercial branding,Address component intersection
S1-879207596,S2,S2-476270581,Prime Investment Private Limited,प्राइम इन्वेस्टमेंट प्राइवेट लिमिटेड,"Flat No. 302, Buld. No A, Heliconia Ii Magarpatta, Pune City, Pune, Maharashtra","DOOR NO 302, PUNE, null, Maharashtra",India,MISSED_BY_BLOCKING,J_cross_script_dba,"One entity in native Indic script, other in English with different brand phrasing",Indic transliteration + consonant skeleton + address key
S1-594949932,S2,S2-62120898,Green Business Pvt Ltd,ग्रीन बिजनेस प्रा. लि.,"Mumbai, Floor-7, B, Padmavati Darshan, Nm Joshi Marg Deepak Cinema Lower Parel, Delisle Road, Mumbai City, Maharashtra, A704","A704, MUMBAI, MUMBAI CITY, Maharashtra",India,MISSED_BY_BLOCKING,J_cross_script_dba,"One entity in native Indic script, other in English with different brand phrasing",Indic transliteration + consonant skeleton + address key
S1-578433980,S3,S3-869648587,UB Tobacco Private Limited,ubtobacco.com,"Fl-112, Vinaydeep Appartme, Unit-Ii, Bhubaneswar, Khordha, Orissa","Fl-112, Bhubaneswar, Khordha, ଓଡ଼ିଶା",India,MISSED_BY_BLOCKING,C_website_domain_variation,Candidate name is a website/domain with unsegmented words while S1 is legal entity,Pass A: Strip TLD + token stem concatenation + address anchor
S1-729175732,S2,S2-807393318,Global Consulting Pvt Ltd,ગ્લોબલ કન્સલ્ટિંગ પ્રા. લિ.,"Hill Drive B/H Shyam Electricals, Gujarat, Talaja Road, Plot No. 2066-67, Bhavnagar","H.NO 2066-67, TALAJA ROAD, BHAVNAGAR, Gujarat",India,MISSED_BY_BLOCKING,J_cross_script_dba,"One entity in native Indic script, other in English with different brand phrasing",Indic transliteration + consonant skeleton + address key
S1-969965311,S2,S2-380972410,Pediatric Dental Clean Care LLC,PEDIATRIC CLEAN CARE LLC CENTER,"1253 Fruited Plain Cove, Collierville, TN","1253 FRUITED PLAIN CV, COLLIERVILLE, TN",US,MISSED_BY_BLOCKING,I_legal_suffix_dominating,Lexical divergence across commercial branding,Address component intersection
S1-706871402,S2,S2-710081318,Smart Enterprises LLP,स्मार्ट एंटरप्राइजेज एलएलपी,"2458/B/36, Khandwani Town, Dighori Road Wathoda, Nagpur, Maharashtra","2458/B/36, NAGPUR, Maharashtra",India,MISSED_BY_BLOCKING,J_cross_script_dba,"One entity in native Indic script, other in English with different brand phrasing",Indic transliteration + consonant skeleton + address key
S1-8369493,S3,S3-877173482,Januszewski Charter School Inc,Nylalumlyra,"606 Castle Harbour Drive, Friendswood, TX","606 Castle Harbour Dr, Friendswood, Texas",US,MISSED_BY_BLOCKING,B_brand_vs_parent_company,Short distinctive brand name vs multi-word parent company name,Single distinctive brand token + address door/plot number
S1-376841393,S2,S2-943469278,Tirupati Surya Engineering Private Limited,తిరుపతి సూర్య ఇంజనీరింగ్ ప్రైవేట్ లిమిటెడ్,"H No 8-3-319/8/3-2, Flat No 302, 3Rd Floor, Prashanthi Ram Towers, Khairatabad, Hyderabad, Telangana","H NO 008-3-319/8/3-2, HYDERABAD, Telangana",India,MISSED_BY_BLOCKING,J_cross_script_dba,"One entity in native Indic script, other in English with different brand phrasing",Indic transliteration + consonant skeleton + address key
S1-760850538,S2,S2-643522922,Unified Logistics Union Co,UNIFIEDLOGISTICSUNION.COM,"658 Boulevard, Dover, OH","BOULEVARD, DOVER, OH",US,MISSED_BY_BLOCKING,C_website_domain_variation,Candidate name is a website/domain with unsegmented words while S1 is legal entity,Pass A: Strip TLD + token stem concatenation + address anchor
S1-62135230,S2,S2-65225897,Avs Group,Lumnovidova,"205-208, Anarkali Complex, Jhandewalan Extension, Delhi, Central Delhi, Delhi","205-208, DELHI, CENTRAL DELHI, Delhi",India,MISSED_BY_BLOCKING,B_brand_vs_parent_company,Short distinctive brand name vs multi-word parent company name,Single distinctive brand token + address door/plot number
S1-312741181,S3,S3-361855784,"Anny Luna, DMD, DDS PC",Annylunadmd.Com,"377 High Street, Unit Apartment 1, Buffalo, NY","High St, Buffalo, New York",US,MISSED_BY_BLOCKING,C_website_domain_variation,Candidate name is a website/domain with unsegmented words while S1 is legal entity,Pass A: Strip TLD + token stem concatenation + address anchor
S1-12431232,S3,S3-202204451,FB Hyperliquid LLC,FB Hytde1oriqiud LLC,"WI, 3424 Tarragon Trail, Village Of Suamico",,US,MISSED_BY_BLOCKING,G_empty_or_weak_address,"Address is empty or severely truncated, preventing composite address blocking",Distinctive multi-word name signature fallback (min length 10)
S1-375953557,S2,S2-366397474,Behavioral Health Continental Center LLC,Behavioral Continental Continental Center LLC Partners,"5910 Cecil Avenue, Gwynn Oak, MD","5910 CECIL AVE, GWYNN OAK, MD",US,MISSED_BY_BLOCKING,I_legal_suffix_dominating,Lexical divergence across commercial branding,Address component intersection
S1-436448287,S2,S2-359400907,"YGZ Healthcare, LLC","YGZ Hagnhcatl,e LLC","51 Rock Hill Lane, Trout Creek, MT",,US,MISSED_BY_BLOCKING,G_empty_or_weak_address,"Address is empty or severely truncated, preventing composite address blocking",Distinctive multi-word name signature fallback (min length 10)
S1-185938539,S2,S2-456005244,Sai (India) (india) Private Limited,INDIAINDIA.COM,"12, B. T. Road, Khardah, P. O - Sukchar, Kolkata, Howrah, West Bengal","12, B. T. ROAD, KHARDAH, P. O - SUKCHAR, KOLKATA, HOWRAH, পশ্চিমবঙ্গ",India,MISSED_BY_BLOCKING,C_website_domain_variation,Candidate name is a website/domain with unsegmented words while S1 is legal entity,Pass A: Strip TLD + token stem concatenation + address anchor
S1-185938539,S3,S3-846884848,Sai (India) (india) Private Limited,Saiindiaindia.Com,"12, B. T. Road, Khardah, P. O - Sukchar, Kolkata, Howrah, West Bengal","9-12, B. T. Road, Khardah, P. O - Sukchar, Kolkata, Howrah, WB",India,MISSED_BY_BLOCKING,C_website_domain_variation,Candidate name is a website/domain with unsegmented words while S1 is legal entity,Pass A: Strip TLD + token stem concatenation + address anchor
S1-979786585,S3,S3-882900633,Sneed Health Center LLC,Sneed Htalh Center LLC,"450 M Street, Unit 4, Casper, WY",,US,MISSED_BY_BLOCKING,G_empty_or_weak_address,"Address is empty or severely truncated, preventing composite address blocking",Distinctive multi-word name signature fallback (min length 10)
S1-550428021,S3,S3-466458113,Vegas Consultants Private Limited,Vegas Cosnulatsn Private (Limited),"Plot No.15, 1St Floor, Prashanti Nagar, Kukatpally, Hyderabad, Telangana","Door No 25, 1St Floor, Prashanti Nagar, Kukatpally, Hyderabad, TG",India,MISSED_BY_BLOCKING,I_legal_suffix_dominating,Lexical divergence across commercial branding,Address component intersection
S1-477411080,S2,S2-19274787,Heartland Montessori School Inc,msheartland.com,"3831 Maritime Drive, Bremerton, WA","3831 MARITIME DR, BREMERTON, WA",US,MISSED_BY_BLOCKING,C_website_domain_variation,Candidate name is a website/domain with unsegmented words while S1 is legal entity,Pass A: Strip TLD + token stem concatenation + address anchor
S1-245704328,S3,S3-993064580,F+ Keystone LLC,F+ Keystone (LLC) (LLC),"370 Ash Lane, Unit 201, Glen Ellyn, IL",,US,MISSED_BY_BLOCKING,G_empty_or_weak_address,"Address is empty or severely truncated, preventing composite address blocking",Distinctive multi-word name signature fallback (min length 10)
S1-710194726,S2,S2-377630116,White Infotech Pvt Ltd,ವೈಟ್ ಇನ್‌ಫೋಟೆಕ್ ಪ್ರೈವೇಟ್ ಲಿಮಿಟೆಡ್,"Flat No. 002, Victorian Enclave, Block A, 5Th Main, Malleshpalya, Mlp, Bangalore North, Bangalore, Karnataka","4, VICTORIAN ENCLAVE, BLOCK A, 5TH MAIN, MALLESHPALYA, MLP, BANGALORE, BANGALORE NORTH, ಕರ್ನಾಟಕ",India,MISSED_BY_BLOCKING,J_cross_script_dba,"One entity in native Indic script, other in English with different brand phrasing",Indic transliteration + consonant skeleton + address key
S1-333197153,S2,S2-840702589,Apex Media,एपेक्स मीडिया,"381/4, Shri Ramkunj, Life Five, Behind Beshops English School, Arage Mala, Ichalkaranji, Ichalkaranji, Kolhapur, Maharashtra","381/4, ICHALKARANJI, KOLHAPUR, Maharashtra",India,MISSED_BY_BLOCKING,J_cross_script_dba,"One entity in native Indic script, other in English with different brand phrasing",Indic transliteration + consonant skeleton + address key
S1-842587202,S2,S2-927728911,New Business Private Limited,நியூ பிசினஸ் பிரைவேட் லிமிடெட்,"Tamil Nadu, Periyar Dt, 8Perianna Street Erode, Madurai","H.NO 8PERIANNA STREET ERODE, MADURAI, PERIYAR DT, Tamil Nadu",India,MISSED_BY_BLOCKING,J_cross_script_dba,"One entity in native Indic script, other in English with different brand phrasing",Indic transliteration + consonant skeleton + address key
S1-842587202,S2,S2-273687653,New Business Private Limited,நியூ பிசினஸ் பிரைவேட் லிமிடெட்,"Tamil Nadu, Periyar Dt, 8Perianna Street Erode, Madurai","DOOR NO 8PERIANNA STREET ERODE, MADURAI, PERIYAR DT, Tamil Nadu",India,MISSED_BY_BLOCKING,J_cross_script_dba,"One entity in native Indic script, other in English with different brand phrasing",Indic transliteration + consonant skeleton + address key
S1-842587202,S2,S2-439235520,New Business Private Limited,New 8usiness Private Limited,"Tamil Nadu, Periyar Dt, 8Perianna Street Erode, Madurai",,India,MISSED_BY_BLOCKING,G_empty_or_weak_address,"Address is empty or severely truncated, preventing composite address blocking",Distinctive multi-word name signature fallback (min length 10)
S1-641436989,S2,S2-92430590,Vision Group,Vision Inc Enterprises,"9 19th Street, Richmond City, VA",,US,MISSED_BY_BLOCKING,G_empty_or_weak_address,"Address is empty or severely truncated, preventing composite address blocking",Distinctive multi-word name signature fallback (min length 10)
S1-641436989,S3,S3-377319836,Vision Group,Vision,"9 19th Street, Richmond City, VA",,US,MISSED_BY_BLOCKING,G_empty_or_weak_address,"Address is empty or severely truncated, preventing composite address blocking",Distinctive multi-word name signature fallback (min length 10)
S1-480754757,S2,S2-667921032,East Consulting Private Limited,ইস্ট কনসাল্টিং প্রাইভেট লিমিটেড,"66 Salkia School Rdsalkia P S Golabari, Howrah, West Bengal","#64 STLKIA SCHOOL RDSALKIA P S GOLABARI, HOWRAH, West Bengal",India,MISSED_BY_BLOCKING,J_cross_script_dba,"One entity in native Indic script, other in English with different brand phrasing",Indic transliteration + consonant skeleton + address key
S1-597465251,S2,S2-111671571,Jai Technology Private Limited,जय टेक्नोलॉजी प्राइवेट लिमिटेड,"House No 3, Kundalakar Ki Goth Kampoo, Gird, Gwalior, Madhya Pradesh","HOUE NO 3, GIRD, GWALIOR, मध्य प्रदेश",India,MISSED_BY_BLOCKING,J_cross_script_dba,"One entity in native Indic script, other in English with different brand phrasing",Indic transliteration + consonant skeleton + address key
S1-597465251,S3,S3-64877881,Jai Technology Private Limited,Gildonyx,"House No 3, Kundalakar Ki Goth Kampoo, Gird, Gwalior, Madhya Pradesh","Huose No #3, Kundalakar Ki Goth Kampoo, Gird, Gwalior, MP",India,MISSED_BY_BLOCKING,B_brand_vs_parent_company,Short distinctive brand name vs multi-word parent company name,Single distinctive brand token + address door/plot number
S1-9455909,S3,S3-133372803,Seven Sun Producer Private Limited,सेवन सन प्रोड्यूसर प्राइवेट लिमिटेड,"Unit 508, Crescent Business Square, 5Th Floor, Opp Gundecha Onclave, Khairani Road, Andheri East, Mumbai, Maharashtra","Unit 08, Mumbai Region, Mumbai, MH",India,MISSED_BY_BLOCKING,J_cross_script_dba,"One entity in native Indic script, other in English with different brand phrasing",Indic transliteration + consonant skeleton + address key
S1-9455909,S3,S3-384632970,Seven Sun Producer Private Limited,सेवन सन प्रोड्यूसर प्राइवेट लिमिटेड,"Unit 508, Crescent Business Square, 5Th Floor, Opp Gundecha Onclave, Khairani Road, Andheri East, Mumbai, Maharashtra","Mumbai, Mumbai Region, Unit 08, MH",India,MISSED_BY_BLOCKING,J_cross_script_dba,"One entity in native Indic script, other in English with different brand phrasing",Indic transliteration + consonant skeleton + address key
S1-287921645,S3,S3-379893958,Gandhi Global Private Limited,Mr Gandhi Global Private,"Mumbai, R C Barrack No 3/30Chembur Colony, Mumbai, Maharashtra","R C Barrack No 5/30Chembur Colony, Mumbai, महाराष्ट्र",India,MISSED_BY_BLOCKING,I_legal_suffix_dominating,Lexical divergence across commercial branding,Address component intersection
S1-287921645,S3,S3-114481874,Gandhi Global Private Limited,Gandhi Gandhi Gshoeal Private Limited,"Mumbai, R C Barrack No 3/30Chembur Colony, Mumbai, Maharashtra","R C Barrack No 5/30Chembur Colony, Mumbai, महाराष्ट्र",India,MISSED_BY_BLOCKING,I_legal_suffix_dominating,Lexical divergence across commercial branding,Address component intersection
S1-977472271,S2,S2-456726493,Forman Advanced Wintergreen LLC,Zetaumbra,"2504 S 8 Street, Ironton, OH","2504 S 8 STREET, IORNTON, OH",US,MISSED_BY_BLOCKING,B_brand_vs_parent_company,Short distinctive brand name vs multi-word parent company name,Single distinctive brand token + address door/plot number
S1-278805583,S3,S3-243232617,RMK Malleable Limited,rmkmalleable.com,"Shop No 02 Ground Floor, Veerabadreshwara Complex, Maddur, Mandya, Karnataka","02 Ground Floor, Maddur, Mandya, KA",India,MISSED_BY_BLOCKING,C_website_domain_variation,Candidate name is a website/domain with unsegmented words while S1 is legal entity,Pass A: Strip TLD + token stem concatenation + address anchor
S1-779071666,S3,S3-254099983,Behavioral Health Group,Deltanovi,"16 Mapledale Avenue, Fl 0, Glen Burnie, MD","16. Mapledale Avenue, N/A, Glen Burnie, Maryland",US,MISSED_BY_BLOCKING,B_brand_vs_parent_company,Short distinctive brand name vs multi-word parent company name,Single distinctive brand token + address door/plot number
S1-391444087,S3,S3-22894696,New Delhi Bioenergy Private Limited,newdelhibioenergy.com,"S/O Mr. K L Seghal C4/129 Iiird /F Safdar Jang Development Area, New Delhi, South Delhi, Delhi","No 92 S/o Mr. K L Seghal C4/129 Iiird /F Safdar Jang Development Area, New Delhi, South Delhi, DL",India,MISSED_BY_BLOCKING,C_website_domain_variation,Candidate name is a website/domain with unsegmented words while S1 is legal entity,Pass A: Strip TLD + token stem concatenation + address anchor
S1-391444087,S2,S2-910511650,New Delhi Bioenergy Private Limited,New Dgii 8ioenergy Private Limited,"S/O Mr. K L Seghal C4/129 Iiird /F Safdar Jang Development Area, New Delhi, South Delhi, Delhi","S/O MR. K L SEGHAL C4/129 IIIRD /F SAFDAR JANG DEVELOPMENT AREA, NEW DELHI, Delhi",India,MISSED_BY_BLOCKING,I_legal_suffix_dominating,Lexical divergence across commercial branding,Address component intersection
S1-565771540,S3,S3-69924107,Bharat Consultants Limited,भारत कंसल्टेंट्स लिमिटेड,"N-42, Basement, Kirti Nagar, New Delhi, New Delhi, West Delhi, Delhi","N-42, New Delhi, West Delhi, दिल्ली",India,MISSED_BY_BLOCKING,J_cross_script_dba,"One entity in native Indic script, other in English with different brand phrasing",Indic transliteration + consonant skeleton + address key
S1-96565420,S2,S2-191899537,Star Swastik Infotech Private Limited,स्टार स्वस्तिक इंफोटेक प्राइवेट लिमिटेड,"G-7, Sevak Apartments, Ground Floor, Dhobi Ghat Lane, Off J P Road, Andheri W, Est, Mumbai, Mumbai City, Maharashtra","G-9, MUMBAI, MUMBAI CITY, Maharashtra",India,MISSED_BY_BLOCKING,J_cross_script_dba,"One entity in native Indic script, other in English with different brand phrasing",Indic transliteration + consonant skeleton + address key
S1-96565420,S2,S2-971681686,Star Swastik Infotech Private Limited,स्टार स्वस्तिक इंफोटेक प्राइवेट लिमिटेड,"G-7, Sevak Apartments, Ground Floor, Dhobi Ghat Lane, Off J P Road, Andheri W, Est, Mumbai, Mumbai City, Maharashtra","G-9, MUMBAI, MUMBAI CITY, Maharashtra",India,MISSED_BY_BLOCKING,J_cross_script_dba,"One entity in native Indic script, other in English with different brand phrasing",Indic transliteration + consonant skeleton + address key
S1-707471734,S3,S3-259531581,Eastern It Private Limited,ஈஸ்டர்ன் ஐடி பிரைவேட் லிமிடெட்,"32, Aziz Mulk I Street, Thousand Lights, Chennai, Tamil Nadu","##32, Chennai, தமிழ்நாடு",India,MISSED_BY_BLOCKING,J_cross_script_dba,"One entity in native Indic script, other in English with different brand phrasing",Indic transliteration + consonant skeleton + address key
S1-707471734,S3,S3-462894505,Eastern It Private Limited,ஈஸ்டர்ன் ஐடி பிரைவேட் லிமிடெட்,"32, Aziz Mulk I Street, Thousand Lights, Chennai, Tamil Nadu","##32, Chennai, TN",India,MISSED_BY_BLOCKING,J_cross_script_dba,"One entity in native Indic script, other in English with different brand phrasing",Indic transliteration + consonant skeleton + address key
S1-707471734,S3,S3-770182722,Eastern It Private Limited,ஈஸ்டர்ன் ஐடி பிரைவேட் லிமிடெட்,"32, Aziz Mulk I Street, Thousand Lights, Chennai, Tamil Nadu","##32, Chennai, தமிழ்நாடு",India,MISSED_BY_BLOCKING,J_cross_script_dba,"One entity in native Indic script, other in English with different brand phrasing",Indic transliteration + consonant skeleton + address key
S1-424774284,S2,S2-4973835,New Delhi Aerospace Private Limited,New Aerospace Private Limited Service Service,"19 Narang Colony Janakpuri, New Delhi, Delhi","DOOR NO 19 NARANG COLNY JANAKPURI, NEW DELHI, N/A, Delhi",India,MISSED_BY_BLOCKING,I_legal_suffix_dominating,Lexical divergence across commercial branding,Address component intersection
S1-424774284,S3,S3-420615529,New Delhi Aerospace Private Limited,Newdelhiaerospace.Com,"19 Narang Colony Janakpuri, New Delhi, Delhi","#19 Narang Colony Janakpuri, New Delhi, DL",India,MISSED_BY_BLOCKING,C_website_domain_variation,Candidate name is a website/domain with unsegmented words while S1 is legal entity,Pass A: Strip TLD + token stem concatenation + address anchor
S1-944739248,S2,S2-945201800,Chamblee Platinum Staked LLC,chambleeplatinumstaked.com,"5733 Whistling Winds Walk, Clarksville, MD","CLARKSVILLE, Whistling Winds Walk, MD",US,MISSED_BY_BLOCKING,C_website_domain_variation,Candidate name is a website/domain with unsegmented words while S1 is legal entity,Pass A: Strip TLD + token stem concatenation + address anchor
S1-141265210,S3,S3-586411589,Physical Therapy Group,physicaltherapy.com,"Maynard, Unit 6, 2 Oakridge Drive, MA","2 Oakridge Drive, # 6, Maynard, Massachusetts",US,MISSED_BY_BLOCKING,C_website_domain_variation,Candidate name is a website/domain with unsegmented words while S1 is legal entity,Pass A: Strip TLD + token stem concatenation + address anchor
S1-161319070,S2,S2-814349402,Premier Agro Private Limited,பிரீமியர் அக்ரோ பிரைவேட் லிமிடெட்,"B 4, Jayagopal Flat, Balakrishnan Street, Nanmangallam, Chennai, Tamil Nadu","CHENNAI, தமிழ்நாடு, B 4",India,MISSED_BY_BLOCKING,J_cross_script_dba,"One entity in native Indic script, other in English with different brand phrasing",Indic transliteration + consonant skeleton + address key
S1-684799608,S2,S2-653791042,Red Pub,REDPUB.COM,"626 Vine St, Unit UNIT 3, Davenport, IA","26 VINE ST, DAVENPORT, IA",US,MISSED_BY_BLOCKING,C_website_domain_variation,Candidate name is a website/domain with unsegmented words while S1 is legal entity,Pass A: Strip TLD + token stem concatenation + address anchor
S1-363314193,S2,S2-300856793,Behavioral Health Medicine,BEHAVIORALHEALTHMEDICINE.COM,"1453 Hollywood Road, Atlanta, GA","1453 HOLLYWOOD RD, ATLANTA, GA",US,MISSED_BY_BLOCKING,C_website_domain_variation,Candidate name is a website/domain with unsegmented words while S1 is legal entity,Pass A: Strip TLD + token stem concatenation + address anchor
S1-356278476,S2,S2-890132615,Internal Medicine Elite Specialists,@internalmedicine,"1282 Log Canoe Court, Fl 0, Annapolis, MD","001282 LOG CANOE COURT, ANNAPOIS, MD",US,MISSED_BY_BLOCKING,C_website_domain_variation,Candidate name is a website/domain with unsegmented words while S1 is legal entity,Pass A: Strip TLD + token stem concatenation + address anchor
S1-865238448,S2,S2-314568574,Ram Ventures Private Limited,ರಾಮ್ ವೆಂಚರ್ಸ್ ಪ್ರೈವೇಟ್ ಲಿಮಿಟೆಡ್,"No.8, 1St Floor, Webster Road Near Axis Bank, Coxtown, Bangalore, Karnataka","NO.8/5, COXTOWN, BANGALORE, ಕರ್ನಾಟಕ",India,MISSED_BY_BLOCKING,J_cross_script_dba,"One entity in native Indic script, other in English with different brand phrasing",Indic transliteration + consonant skeleton + address key
S1-254055664,S2,S2-474265825,Womens Health Specialists,Womens Hea1th,"418 7th Street, Safford, AZ","418 SEVENTH STREET, SAFFORD, AZ",US,MISSED_BY_BLOCKING,I_legal_suffix_dominating,Lexical divergence across commercial branding,Address component intersection
S1-988032499,S2,S2-380725321,Universal Logistics Private Limited,Orbidova,"No.1, Ground Floor, Shyam Court Apartments Judge Jambulingam Street, Mylapore, Chen, Nai, Chennai, Tamil Nadu, No.19/16","19/16, MADRAS, CHENNAI, Tamil Nadu",India,MISSED_BY_BLOCKING,B_brand_vs_parent_company,Short distinctive brand name vs multi-word parent company name,Single distinctive brand token + address door/plot number
S1-988032499,S2,S2-344682095,Universal Logistics Private Limited,யுனிவர்சல் லாஜிஸ்டிக்ஸ் பிரைவேட் லிமிடெட்,"No.1, Ground Floor, Shyam Court Apartments Judge Jambulingam Street, Mylapore, Chen, Nai, Chennai, Tamil Nadu, No.19/16","NO 19/16, CHENNAI, Tamil Nadu",India,MISSED_BY_BLOCKING,J_cross_script_dba,"One entity in native Indic script, other in English with different brand phrasing",Indic transliteration + consonant skeleton + address key
S1-988032499,S2,S2-580435589,Universal Logistics Private Limited,யுனிவர்சல் லாஜிஸ்டிக்ஸ் பிரைவேட் லிமிடெட்,"No.1, Ground Floor, Shyam Court Apartments Judge Jambulingam Street, Mylapore, Chen, Nai, Chennai, Tamil Nadu, No.19/16","NO.19/16, MADRAS, CHENNAI, தமிழ்நாடு",India,MISSED_BY_BLOCKING,J_cross_script_dba,"One entity in native Indic script, other in English with different brand phrasing",Indic transliteration + consonant skeleton + address key
S1-833391908,S2,S2-495340863,Modern Infotech Private Limited,ಮಾಡರ್ನ್ ಇನ್‌ಫೋಟೆಕ್ ಪ್ರೈವೇಟ್ ಲಿಮಿಟೆಡ್,"No.174, 2Nd Floor, 2Nd Cross, 7Th Main, 1St Block, Koramangala, Bangalore, Karnataka","NO.174, BANGALORE, ಕರ್ನಾಟಕ",India,MISSED_BY_BLOCKING,J_cross_script_dba,"One entity in native Indic script, other in English with different brand phrasing",Indic transliteration + consonant skeleton + address key
S1-973469066,S3,S3-744009736,Pediatric Dental Golden Care PC,Pediatric  Denta1 Golden Care PC,"11124 Roane Drive, Farragut, TN","11124 Roane Drive, Concord, Tennessee",US,MISSED_BY_BLOCKING,I_legal_suffix_dominating,Lexical divergence across commercial branding,Address component intersection
S1-802484162,S2,S2-221290591,Creative Integrated LLC,LLC Creative Iategraed,"W5938 450th Avenue, Town Of Ellsworth, WI","##W5938 450TH AVENUE, ELLSWORTH, WI",US,MISSED_BY_BLOCKING,I_legal_suffix_dominating,Lexical divergence across commercial branding,Address component intersection
S1-830957563,S3,S3-91096186,Baba Systems LLP,বাবা সিস্টেমস এলএলপি,"P-918 Lake Town, Block-A, 1St Floor, Flat No.-2, North 24 Pgs, North 24 Parganas, West Bengal","North 24 Pgs, পশ্চিমবঙ্গ, P-18 Lake Town, North 24 Parganas",India,MISSED_BY_BLOCKING,J_cross_script_dba,"One entity in native Indic script, other in English with different brand phrasing",Indic transliteration + consonant skeleton + address key
S1-520076987,S2,S2-174633696,Southern Builders,ಸದರ್ನ್ ಬಿಲ್ಡರ್ಸ್,"Karnataka, Halasulige, Magadi Village, Hassan, Halasulige Post Saklespur Taluk, Hassan District","MAGADI VILLAGE, HALASULIGE POST SAKLESPUR TALUK, HASSAN DISTRICT, HALASULIGE, HASSAN, ಕರ್ನಾಟಕ",India,MISSED_BY_BLOCKING,J_cross_script_dba,"One entity in native Indic script, other in English with different brand phrasing",Indic transliteration + consonant skeleton + address key
S1-520076987,S2,S2-467106523,Southern Builders,ಸದರ್ನ್ ಬಿಲ್ಡರ್ಸ್,"Karnataka, Halasulige, Magadi Village, Hassan, Halasulige Post Saklespur Taluk, Hassan District","MAGADI VILLAGE, HALASULIGE, HASSAN, Karnataka",India,MISSED_BY_BLOCKING,J_cross_script_dba,"One entity in native Indic script, other in English with different brand phrasing",Indic transliteration + consonant skeleton + address key
S1-520076987,S3,S3-186740442,Southern Builders,ಸದರ್ನ್ ಬಿಲ್ಡರ್ಸ್,"Karnataka, Halasulige, Magadi Village, Hassan, Halasulige Post Saklespur Taluk, Hassan District","ಕರ್ನಾಟಕ, Magadi Village, Halasulige Post Saklespur Taluk, Hassan District, Halasulige, Hassan",India,MISSED_BY_BLOCKING,J_cross_script_dba,"One entity in native Indic script, other in English with different brand phrasing",Indic transliteration + consonant skeleton + address key
S1-793929186,S3,S3-377519907,Shree & Brothers LLP,shreebrothers.com,"C/O Bibhuti Biswas, Sudarsan Pur Raiganj, Raiganj, Uttar Dinajpur, West Bengal","Uttar Dinajpur, Sudarsan Pur Raiganj, Raiganj, WB, C/o Bibhuti Biswas",India,MISSED_BY_BLOCKING,C_website_domain_variation,Candidate name is a website/domain with unsegmented words while S1 is legal entity,Pass A: Strip TLD + token stem concatenation + address anchor
S1-251987343,S2,S2-763715433,Back Alley Cleaning Service LLC,backalleycleaningcom,"5373 Mcelroy Cove, Memphis, TN","5373 MCELROY COVE, MEMHPIS, TN",US,MISSED_BY_BLOCKING,B_brand_vs_parent_company,Short distinctive brand name vs multi-word parent company name,Single distinctive brand token + address door/plot number
S1-60241100,S2,S2-76534598,Al Enterprises Private Limited,আল এন্টারপ্রাইজেস প্রাইভেট লিমিটেড,"A15, Narkel Bagan Kamdahari, Garia, Kolkata, Howrah, West Bengal","H.NO 076 A15, KOLKATA, HOWRAH, West Bengal",India,MISSED_BY_BLOCKING,J_cross_script_dba,"One entity in native Indic script, other in English with different brand phrasing",Indic transliteration + consonant skeleton + address key
S1-233989283,S3,S3-269717122,Sai Big Industries Private Limited,சாய் பிக் இண்டஸ்ட்ரீஸ் பிரைவேட் லிமிடெட்,"D.No.1/217-B, Mudalaipatti, Salem Main Road, Namakkal, Tamil Nadu","Door No 1/217-B, Namakkal, TN",India,MISSED_BY_BLOCKING,J_cross_script_dba,"One entity in native Indic script, other in English with different brand phrasing",Indic transliteration + consonant skeleton + address key
S1-775746787,S2,S2-874026038,North Industries Private Limited,नॉर्थ इंडस्ट्रीज प्राइवेट लिमिटेड,"Iv/928, Chotta Chippiwara Chawri Bazar, Delhi","PLOT 991 IV/928, NEW DELHI, DELHI",India,MISSED_BY_BLOCKING,J_cross_script_dba,"One entity in native Indic script, other in English with different brand phrasing",Indic transliteration + consonant skeleton + address key
S1-601665899,S2,S2-287816509,Chandana Business Private Limited,M/s PRIVATEBUSINESSCHANDANA.COM,"A/11/1, Ground Floor-1, Santlal Soc, Opp. Hirabaug, Varachha Road, Surat, Gujarat","A/11/1, SURAT, Gujarat",India,MISSED_BY_BLOCKING,C_website_domain_variation,Candidate name is a website/domain with unsegmented words while S1 is legal entity,Pass A: Strip TLD + token stem concatenation + address anchor
S1-554951792,S3,S3-357210472,Urgent Care Clinic of Virginia Beach City LLC,#urgentcare,"5620 -205 Magnolia Run Circle, Virginia Beach City, VA","5620 -205 Magnolia Run Circle, Virginiia Beach, Virginia",US,MISSED_BY_BLOCKING,B_brand_vs_parent_company,Short distinctive brand name vs multi-word parent company name,Single distinctive brand token + address door/plot number
S1-8811279,S2,S2-899899974,Guru Developers,ಗುರು ಡೆವಲಪರ್ಸ್,"G-9, 'B' Block, Sns Arcade, Old Airport Road, Bangalore, Karnataka","DOOR NO 97 G-9, BANGALORE, Karnataka",India,MISSED_BY_BLOCKING,J_cross_script_dba,"One entity in native Indic script, other in English with different brand phrasing",Indic transliteration + consonant skeleton + address key
S1-198316591,S3,S3-52856039,Corner Hair Studio,cornerhairstudio.com,"4932 Wood Street, Chicago, IL","4932 Wood St, Chicago, Illinois",US,MISSED_BY_BLOCKING,C_website_domain_variation,Candidate name is a website/domain with unsegmented words while S1 is legal entity,Pass A: Strip TLD + token stem concatenation + address anchor
S1-675065181,S3,S3-673673463,Bombay Infra Private Limited,bombayinfra.com,"No. 3034, Windmills Of Your Mind, 5B Road, Epip Zone Whitefield Bengaluru, Bangalore South, Bangalore, Karnataka","H.no 30-34, Bangalore South, Bangalore, ಕರ್ನಾಟಕ",India,MISSED_BY_BLOCKING,D_website_redirect_weak_address,Domain name present but address is missing or disparate,Strict domain core exact match + country agreement
S1-675065181,S3,S3-884621418,Bombay Infra Private Limited,ಬಾಂಬೆ ಇನ್‌ಫ್ರಾ ಪ್ರೈವೇಟ್ ಲಿಮಿಟೆಡ್,"No. 3034, Windmills Of Your Mind, 5B Road, Epip Zone Whitefield Bengaluru, Bangalore South, Bangalore, Karnataka","KA, Door No 30-34, Bangalore South, Bangalore",India,MISSED_BY_BLOCKING,J_cross_script_dba,"One entity in native Indic script, other in English with different brand phrasing",Indic transliteration + consonant skeleton + address key
S1-707654043,S2,S2-206594179,Bothra Solutions Pvt Ltd,Bothra Solutions Pvt,"2B 1&2, 111 Main Road, Industrial Estate, Chennai, Tamilnadu 600 058, Chennai, Tamil Nadu",,India,MISSED_BY_BLOCKING,G_empty_or_weak_address,"Address is empty or severely truncated, preventing composite address blocking",Distinctive multi-word name signature fallback (min length 10)
S1-482767162,S2,S2-953458366,Internal Medicine Specialists Inc.,Internal Medrmaile Specialists Inc.,"663 Grouse Flat Road, Anatone, WA","GROUSE FLAT RD, ANATONE, WA",US,MISSED_BY_BLOCKING,I_legal_suffix_dominating,Lexical divergence across commercial branding,Address component intersection
S1-482767162,S2,S2-868551337,Internal Medicine Specialists Inc.,Internal Specialists Inc. [Service],"663 Grouse Flat Road, Anatone, WA","663B GROUSE FLAT RD, PO BOX 4935, ANATONE, WA",US,MISSED_BY_BLOCKING,I_legal_suffix_dominating,Lexical divergence across commercial branding,Address component intersection
S1-844024478,S2,S2-995210620,Monteus Quasaredge Inc.,ONYXQUO,"255 Gholdston Lane, Bldg 25, Dayton, TN","248 GHOLDSTON LANE, DAYTTON, TN",US,MISSED_BY_BLOCKING,B_brand_vs_parent_company,Short distinctive brand name vs multi-word parent company name,Single distinctive brand token + address door/plot number
S1-775694766,S2,S2-933267880,Commercial Financial Global Center,Rizaecto,"6532 Sperryville Road, Watson, NY","6533 SPERRYVILLE RD, PMB 6380, GLENFIELD, NY",US,MISSED_BY_BLOCKING,B_brand_vs_parent_company,Short distinctive brand name vs multi-word parent company name,Single distinctive brand token + address door/plot number
S1-76241898,S3,S3-785865959,Metro Charter School,metrocharterschool.com,"2602 Brinkley Road, Unit 506, Fort Washington, MD","2602 Brinkley Road, Unit 506, Fort Wasington, Maryland",US,MISSED_BY_BLOCKING,C_website_domain_variation,Candidate name is a website/domain with unsegmented words while S1 is legal entity,Pass A: Strip TLD + token stem concatenation + address anchor
S1-275082729,S3,S3-496062998,Galaxy Properties Limited,గెలాక్సీ ప్రాపర్టీస్ లిమిటెడ్,"F301, Sy #114P, Riaz Resi, Al Noor Hills, Gandipet, Golconda, Hyderabad, Telangana","F301, Rangareddy, Hyderabad, TG",India,MISSED_BY_BLOCKING,J_cross_script_dba,"One entity in native Indic script, other in English with different brand phrasing",Indic transliteration + consonant skeleton + address key
S1-307432736,S3,S3-24516190,Great Power Pvt Ltd,ग्रेट पावर प्रा. लि.,"C/O-Ramakant Madhavrao Gade, Opposite Kanifnath Mandir, Near Tamboli Farm, At Parewadi, Paragaonahmadnagar, Nagar, Ahmed Nagar, Maharashtra","C/o-ramakant Madhavrao Gade, Opposite Kanifnath Mandir, Near Tamboli Farm, At Parewadi, Paragaonahmadnagar, Nagar, Ahmed Nagar, MH",India,MISSED_BY_BLOCKING,J_cross_script_dba,"One entity in native Indic script, other in English with different brand phrasing",Indic transliteration + consonant skeleton + address key
S1-307432736,S3,S3-859811906,Great Power Pvt Ltd,ग्रेट पावर प्रा. लि.,"C/O-Ramakant Madhavrao Gade, Opposite Kanifnath Mandir, Near Tamboli Farm, At Parewadi, Paragaonahmadnagar, Nagar, Ahmed Nagar, Maharashtra","C/o-ramakant Madhavrao Gade, Opposite Kanifnath Mandir, Near Tamboli Farm, At Parewadi, Paragaonahmadnagar, Nagar, Ahmed Nagar, MH",India,MISSED_BY_BLOCKING,J_cross_script_dba,"One entity in native Indic script, other in English with different brand phrasing",Indic transliteration + consonant skeleton + address key
S1-307432736,S2,S2-957097337,Great Power Pvt Ltd,ग्रेट पावर प्रा. लि.,"C/O-Ramakant Madhavrao Gade, Opposite Kanifnath Mandir, Near Tamboli Farm, At Parewadi, Paragaonahmadnagar, Nagar, Ahmed Nagar, Maharashtra","C/O-RAMAKANT MADHAVRAO GADE, PARBHANI, AHMED NAGAR, Maharashtra",India,MISSED_BY_BLOCKING,J_cross_script_dba,"One entity in native Indic script, other in English with different brand phrasing",Indic transliteration + consonant skeleton + address key
S1-153933155,S2,S2-600350724,Family Associates Inc,Family Associates Inc. Inc.,"125 Cole Street, Seekonk, MA",,US,MISSED_BY_BLOCKING,G_empty_or_weak_address,"Address is empty or severely truncated, preventing composite address blocking",Distinctive multi-word name signature fallback (min length 10)
S1-153933155,S2,S2-63649468,Family Associates Inc,Family Family Associates,"125 Cole Street, Seekonk, MA",,US,MISSED_BY_BLOCKING,G_empty_or_weak_address,"Address is empty or severely truncated, preventing composite address blocking",Distinctive multi-word name signature fallback (min length 10)
S1-153933155,S2,S2-638534550,Family Associates Inc,Family Associates & Co,"125 Cole Street, Seekonk, MA",,US,MISSED_BY_BLOCKING,G_empty_or_weak_address,"Address is empty or severely truncated, preventing composite address blocking",Distinctive multi-word name signature fallback (min length 10)
S1-48980027,S2,S2-699065874,Regional Capital Partners Corp,regionalcapitalpartners.com,"10505 Cedarville Road, Unit 06-13, Brandywine, MD","10505 CEDARVILLE RD, BRANDYWINE, MD",US,MISSED_BY_BLOCKING,C_website_domain_variation,Candidate name is a website/domain with unsegmented words while S1 is legal entity,Pass A: Strip TLD + token stem concatenation + address anchor
S1-809308505,S2,S2-768432694,HTZ Solutions Private Limited,HTZ Solutions,"C/O Mr. Manjeet Kumar 1, Dahawa Sidhauli Sitapur, Sidhauli, Sitapur, Uttar Pradesh","Uttar Pradesh, C/O MR. MANJEET KUMAR 3, DAHAWA SIDHAULI SITAPUR, SIDHAULI",India,MISSED_BY_BLOCKING,I_legal_suffix_dominating,Lexical divergence across commercial branding,Address component intersection
S1-506738568,S3,S3-663697904,Reliable Blue Estate LLC,Zetajaxnovi,"704 Iaa Drive, Unit B2, Bloomington, IL","Iaa Dr, # B2, Bloomington, Illinois",US,MISSED_BY_BLOCKING,B_brand_vs_parent_company,Short distinctive brand name vs multi-word parent company name,Single distinctive brand token + address door/plot number
S1-716997835,S3,S3-906383103,Baba Enterprises Private Limited,Baba Enterprises प्राइवेट लिमिटेड,"Bihar, Vill Po -Gangaur Tola-Gan Gaurpanch Gan Gaur Block Harlahi Via Saharghat Distric, Madhubani, Bihar","Vill Po -Gangaur Tola-gan Gaurpanch Gan Gaur Block Harlahi Via Saharghat Distric, Bihar, Madhubani, बिहार",India,MISSED_BY_BLOCKING,J_cross_script_dba,"One entity in native Indic script, other in English with different brand phrasing",Indic transliteration + consonant skeleton + address key
S1-716997835,S2,S2-221395037,Baba Enterprises Private Limited,बाबा एंटरप्राइजेज प्राइवेट लिमिटेड,"Bihar, Vill Po -Gangaur Tola-Gan Gaurpanch Gan Gaur Block Harlahi Via Saharghat Distric, Madhubani, Bihar","HN 260 VILL PO -GANGAUR TOLA-GAN GAURPANCH GAN GAUR BLOCK HARLAHI VIA SAHARGHAT DISTRIC, BIHAR, MADHUBANI, बिहार",India,MISSED_BY_BLOCKING,J_cross_script_dba,"One entity in native Indic script, other in English with different brand phrasing",Indic transliteration + consonant skeleton + address key
S1-906347480,S3,S3-982561638,Gold Trading Limited,ਗੋਲਡ ਟ੍ਰੇਡਿੰਗ ਲਿਮਟਿਡ,"Kapoor Health Care Center, Main Road O/S Gate Hakima, Amritsar, Punjab","Door No 633 Kapoor Health Care Center, Amritsar, PB",India,MISSED_BY_BLOCKING,J_cross_script_dba,"One entity in native Indic script, other in English with different brand phrasing",Indic transliteration + consonant skeleton + address key
S1-649279012,S2,S2-953610319,Mada's Restaurant,Dovariza,"8824 81st Avenue, Omaha, NE","NE, OMAHA, 882 81ST AVE, null",US,MISSED_BY_BLOCKING,B_brand_vs_parent_company,Short distinctive brand name vs multi-word parent company name,Single distinctive brand token + address door/plot number
S1-853988517,S2,S2-139904053,Aditya Consultancy Private Limited,ஆதித்யா கன்சல்டன்சி பிரைவேட் லிமிடெட்,"No-96/2, Ground Floor Fifth Street Extension, Gandhipuram, Coimbatore, Tamil Nadu","COIMBATORE, NO-96/2, Tamil Nadu, COIMBATORE, GROUND FLOOR FIFTH STREET EXTENSION, GANDHIPURAM",India,MISSED_BY_BLOCKING,J_cross_script_dba,"One entity in native Indic script, other in English with different brand phrasing",Indic transliteration + consonant skeleton + address key
S1-952564053,S2,S2-366607120,Sree Media Private Limited,ಶ್ರೀ ಮೀಡಿಯಾ ಪ್ರೈವೇಟ್ ಲಿಮಿಟೆಡ್,"Near Bustand, Opp Bannur Petrol Bunk, Badami, Bagalkot, Karnataka","#105 NEAR BUSTAND, BADAMI, BAGALKOT, Karnataka",India,MISSED_BY_BLOCKING,J_cross_script_dba,"One entity in native Indic script, other in English with different brand phrasing",Indic transliteration + consonant skeleton + address key
S1-952564053,S2,S2-955148962,Sree Media Private Limited,ಶ್ರೀ ಮೀಡಿಯಾ ಪ್ರೈವೇಟ್ ಲಿಮಿಟೆಡ್,"Near Bustand, Opp Bannur Petrol Bunk, Badami, Bagalkot, Karnataka","#105 NEAR BUSTAND, OPP BANNUR PETROL BUNK, BAGALKOT, BADAMI, ಕರ್ನಾಟಕ",India,MISSED_BY_BLOCKING,J_cross_script_dba,"One entity in native Indic script, other in English with different brand phrasing",Indic transliteration + consonant skeleton + address key
S1-952564053,S3,S3-605071681,Sree Media Private Limited,ಶ್ರೀ ಮೀಡಿಯಾ ಪ್ರೈವೇಟ್ ಲಿಮಿಟೆಡ್,"Near Bustand, Opp Bannur Petrol Bunk, Badami, Bagalkot, Karnataka","Near Bnstand, Bagalkote, Bagalkot, KA",India,MISSED_BY_BLOCKING,J_cross_script_dba,"One entity in native Indic script, other in English with different brand phrasing",Indic transliteration + consonant skeleton + address key
S1-952564053,S2,S2-181023344,Sree Media Private Limited,ಶ್ರೀ ಮೀಡಿಯಾ ಪ್ರೈವೇಟ್ ಲಿಮಿಟೆಡ್,"Near Bustand, Opp Bannur Petrol Bunk, Badami, Bagalkot, Karnataka","NO 105 NEAR BUSTAND, BADAMI, BAGALKOT, ಕರ್ನಾಟಕ",India,MISSED_BY_BLOCKING,J_cross_script_dba,"One entity in native Indic script, other in English with different brand phrasing",Indic transliteration + consonant skeleton + address key
S1-858808112,S2,S2-48381781,Apex Marketing Private Limited,एपेक्स मार्केटिंग प्राइवेट लिमिटेड,"Flat 001, Bldg No B2, Pratap Nagar Daftary Rd, Nr. Puspa Park, Malad (E), Mumbai, Mumbai City, Maharashtra","FLCT 001, MUMBAI CITY, MUMBAI, Maharashtra",India,MISSED_BY_BLOCKING,J_cross_script_dba,"One entity in native Indic script, other in English with different brand phrasing",Indic transliteration + consonant skeleton + address key
S1-599589885,S2,S2-660447320,Super Global Limited,सुपर ग्लोबल लिमिटेड,"E-40, First Floor, Upsidc, Site-Iv, Greater Noida, Noida, Gautam Buddha Nagar, Uttar Pradesh","E-40, NOIDA, GAUTAM BUDDHA NAGAR, उत्तर प्रदेश",India,MISSED_BY_BLOCKING,J_cross_script_dba,"One entity in native Indic script, other in English with different brand phrasing",Indic transliteration + consonant skeleton + address key
S1-599589885,S3,S3-142198973,Super Global Limited,सुपर ग्लोबल लिमिटेड,"E-40, First Floor, Upsidc, Site-Iv, Greater Noida, Noida, Gautam Buddha Nagar, Uttar Pradesh","Block F-625 E-40, Noida, उत्तर प्रदेश",India,MISSED_BY_BLOCKING,J_cross_script_dba,"One entity in native Indic script, other in English with different brand phrasing",Indic transliteration + consonant skeleton + address key
S1-36503088,S2,S2-29324575,Arihant Construction LLP,अरिहंत कंस्ट्रक्शन एलएलपी,"Shop No F-43, Manish Global Mall, Plot No 2, Lsc-1, Sector-22, New Delhi, South West Delhi, Delhi","SHOP NO F-043, SOUTH WEST DELHI, NEW DELHI, Delhi",India,MISSED_BY_BLOCKING,J_cross_script_dba,"One entity in native Indic script, other in English with different brand phrasing",Indic transliteration + consonant skeleton + address key
S1-651158793,S2,S2-508879589,United Care Private Limited,यूनाइटेड केयर प्राइवेट लिमिटेड,"H-65, Third Floor, New Delhi South Extn., Part- 1, New Delhi, Delhi","H-#65, NULL, PART- 1, FARIDABAD, दिल्ली",India,MISSED_BY_BLOCKING,J_cross_script_dba,"One entity in native Indic script, other in English with different brand phrasing",Indic transliteration + consonant skeleton + address key
S1-342466559,S2,S2-874173213,Pioneer Battery Inc,PIONEER BÁTTRTRY INC,"737 Barry Street, Agawam, MA","BARRY ST, FEEDING IHLLS, MA",US,MISSED_BY_BLOCKING,I_legal_suffix_dominating,Lexical divergence across commercial branding,Address component intersection
S1-84382225,S2,S2-563892275,Sky Power Pvt Ltd,స్కై పవర్ ప్రైవేట్ లిమిటెడ్,"H No 2-5/2/P-57, Raghavendra Nagar Turkayamjal, Abdullapurmet, Hyderabad, Rangareddy, Telangana","C-2-5/2/P-57, HYDERABAD, తెలంగాణ",India,MISSED_BY_BLOCKING,J_cross_script_dba,"One entity in native Indic script, other in English with different brand phrasing",Indic transliteration + consonant skeleton + address key
S1-84382225,S3,S3-517742467,Sky Power Pvt Ltd,స్కై పవర్ ప్రైవేట్ లిమిటెడ్,"H No 2-5/2/P-57, Raghavendra Nagar Turkayamjal, Abdullapurmet, Hyderabad, Rangareddy, Telangana","H No 4-2-5/2/P-57, Rangareddy, Hyderabad, TG",India,MISSED_BY_BLOCKING,J_cross_script_dba,"One entity in native Indic script, other in English with different brand phrasing",Indic transliteration + consonant skeleton + address key
S1-679154692,S2,S2-718607965,Pediatric Dental Partners of Trezevant,pediatricdentalpartners.com,"Trezevant, 870 Newsome Road, TN","TN, 00870 NEWSOME ROAD, TREZEVANT",US,MISSED_BY_BLOCKING,C_website_domain_variation,Candidate name is a website/domain with unsegmented words while S1 is legal entity,Pass A: Strip TLD + token stem concatenation + address anchor
S1-679154692,S3,S3-403311739,Pediatric Dental Partners of Trezevant,pediatricdentalpartners.com,"Trezevant, 870 Newsome Road, TN","870-874 Newsome Road, Treevant, Tennessee",US,MISSED_BY_BLOCKING,C_website_domain_variation,Candidate name is a website/domain with unsegmented words while S1 is legal entity,Pass A: Strip TLD + token stem concatenation + address anchor
S1-727168138,S2,S2-675387778,"Pediatric Dentistry Care Associates, LLC","PEDIATRIC DENGISTRY CARE ASSOCIATES, LLC","75 Morton Boulevard, Oyster Bay, NY","75 MORTON BLVD, OYSTER BAY, NY",US,MISSED_BY_BLOCKING,I_legal_suffix_dominating,Lexical divergence across commercial branding,Address component intersection
S1-942355854,S2,S2-592841671,Ss Investment Private Limited,एसएस इन्वेस्टमेंट प्राइवेट लिमिटेड,"C/O. Shakuntala Devi, Akhlour, Keri Road, Muzaffarnagar, Uttar Pradesh","MUZAFFARNAGAR, Uttar Pradesh, C/O. SHAKUNTALA DEVI, MUZAFFARNAGAR",India,MISSED_BY_BLOCKING,J_cross_script_dba,"One entity in native Indic script, other in English with different brand phrasing",Indic transliteration + consonant skeleton + address key
S1-994039051,S3,S3-294322740,Cardiology Group,Cardiology LLC,"1830 Moorpark Place, Tucson, AZ",,US,MISSED_BY_BLOCKING,G_empty_or_weak_address,"Address is empty or severely truncated, preventing composite address blocking",Distinctive multi-word name signature fallback (min length 10)
S1-821579094,S2,S2-415264317,Solutions Vinman Builders Pvt. Ltd.,Umbraflux,"79/1 & 80/2, Kiadb, Phase 1, Kaivara Hobli, Mastenahalli Industrial Area, Chikkballapur, Chintamani, Kolar, Karnataka","79/1 & 80/2, CHINTAMANI, CHIKKABALLAPURA, Karnataka",India,MISSED_BY_BLOCKING,B_brand_vs_parent_company,Short distinctive brand name vs multi-word parent company name,Single distinctive brand token + address door/plot number
S1-472680414,S2,S2-131787259,Pinnacle Wholesale Services L.L.C.,Pinnacle Whalnasale Services  L.L.C.,"7000 Merrill Avenue, Unit UNIT 34, Chino, CA","CHINO TOWNSHIP, MERRILL AVE, CA",US,MISSED_BY_BLOCKING,I_legal_suffix_dominating,Lexical divergence across commercial branding,Address component intersection
S1-21999003,S2,S2-167376141,Super Constructions Private Limited,सुपर कंस्ट्रक्शंस प्राइवेट लिमिटेड,"Madhya Pradesh, Rewa, Near Rampur House Civil Line Jhiriya, Rewa","NEAR RAMPUR HOUSE CIVIL LINE JHIRIYA, REWA, Madhya Pradesh",India,MISSED_BY_BLOCKING,J_cross_script_dba,"One entity in native Indic script, other in English with different brand phrasing",Indic transliteration + consonant skeleton + address key
S1-21999003,S3,S3-174563442,Super Constructions Private Limited,सुपर कंस्ट्रक्शंस प्राइवेट लिमिटेड,"Madhya Pradesh, Rewa, Near Rampur House Civil Line Jhiriya, Rewa","मध्य प्रदेश, Rewa, Near Rampur House Civil Line Jhiriya, Rewa",India,MISSED_BY_BLOCKING,J_cross_script_dba,"One entity in native Indic script, other in English with different brand phrasing",Indic transliteration + consonant skeleton + address key
S1-158095441,S3,S3-244928279,Pediatric Dental Specialists Inc.,Pediatric Specialists Ínc. [Center],"2109 Choto Road, Concord, TN","2168 Choto Rd, Concord, Tennessee",US,MISSED_BY_BLOCKING,I_legal_suffix_dominating,Lexical divergence across commercial branding,Address component intersection
S1-312624254,S3,S3-150125822,Industrial Automation Products,industrialautomationproducts.com,"1930 Waterbury Stowe Road, Waterbury, VT","Waterbury Stowe Road, Waterbury, Vermont",US,MISSED_BY_BLOCKING,C_website_domain_variation,Candidate name is a website/domain with unsegmented words while S1 is legal entity,Pass A: Strip TLD + token stem concatenation + address anchor
S1-566265142,S3,S3-498027490,JU Solutions Private Limited,Private JU Solutions Limited,"3Rd Floor, B/86 Swarnim, Indsutrial Park, Phase 2, Dascroi, Ahmedabad, Gujarat","Dascroi, Doro No 3Rd Floor, Ahmedabad, ગુજરાત",India,MISSED_BY_BLOCKING,I_legal_suffix_dominating,Lexical divergence across commercial branding,Address component intersection
S1-790729759,S2,S2-220015461,Pranora Infra Center,Pran0ra Infra Cectr,"Shop No.A-17, Ground Floor, Mukherjee Nagar, Delhi, North West Delhi, Delhi",,India,MISSED_BY_BLOCKING,G_empty_or_weak_address,"Address is empty or severely truncated, preventing composite address blocking",Distinctive multi-word name signature fallback (min length 10)
S1-538163501,S2,S2-832458802,Red Diner,RED DBODMER,"NY, Johnstown, 50 Briggs Street",,US,MISSED_BY_BLOCKING,G_empty_or_weak_address,"Address is empty or severely truncated, preventing composite address blocking",Distinctive multi-word name signature fallback (min length 10)
S1-719078259,S3,S3-576323753,XHY Leasing,Onyxonyx Labs,"Dombivli (East), Thane, Shop No.2, Maharashtra, Ground Floor, Lord House Co-Op-Soc.Ltd, Rajaji Path Road","Shop No.2, Ground Floor, Lord House Co-Op-Soc.Ltd, Rajaji Path Road, Dombivli (East), Thane, Maharashtra",India,MISSED_BY_BLOCKING,I_legal_suffix_dominating,Lexical divergence across commercial branding,Address component intersection
S1-307831582,S3,S3-303229422,Carr Semiconductor,cárrsemiconductor.com,"2562 Greasy Creek Road, Nashville, IN","562 Greasy Creek Rd, Nashville, Indiana",US,MISSED_BY_BLOCKING,C_website_domain_variation,Candidate name is a website/domain with unsegmented words while S1 is legal entity,Pass A: Strip TLD + token stem concatenation + address anchor
S1-96886690,S2,S2-386674236,Digital Bharat Media Private Limited,डिजिटल भारत मीडिया प्राइवेट लिमिटेड,"704, Om Sai Shraddha Co Op Hsg Society Ltd., Opp Gagangiri Park, Samta Nagar, Thane, Maharashtra","704/9, THANE, Maharashtra",India,MISSED_BY_BLOCKING,J_cross_script_dba,"One entity in native Indic script, other in English with different brand phrasing",Indic transliteration + consonant skeleton + address key
S1-341503346,S2,S2-910086744,Gold Products Private Limited,கோல்டு புராடக்ட்ஸ் பிரைவேட் லிமிடெட்,"No 50/2, W.S.1, (Old Door No 36) Door No 96, Cathedral Road, Teynampet, Chennai, Chennai, Tamil Nadu","CHENNAI, NO 50/2, CHENNAI, Tamil Nadu",India,MISSED_BY_BLOCKING,J_cross_script_dba,"One entity in native Indic script, other in English with different brand phrasing",Indic transliteration + consonant skeleton + address key
S1-341503346,S2,S2-705702448,Gold Products Private Limited,IRICALOECTO,"No 50/2, W.S.1, (Old Door No 36) Door No 96, Cathedral Road, Teynampet, Chennai, Chennai, Tamil Nadu","NO 50/2, CHENNAI, Tamil Nadu",India,MISSED_BY_BLOCKING,B_brand_vs_parent_company,Short distinctive brand name vs multi-word parent company name,Single distinctive brand token + address door/plot number
S1-279534597,S3,S3-894106835,Apex It Private Limited,एपेक्स आईटी प्राइवेट लिमिटेड,"Flat No.101, M-3, Connaught Place, (Middle Circle), New Delhi, Central Delhi, Delhi","Flat No.1-01, New Delhi, Central Delhi, DL",India,MISSED_BY_BLOCKING,J_cross_script_dba,"One entity in native Indic script, other in English with different brand phrasing",Indic transliteration + consonant skeleton + address key
S1-539763792,S3,S3-643822684,Internal Medicine Silver Care,Internal  Care Silver Medicine,"129 Geneva Road, New Bern, NC","North Carolina, New Bern, 129 Geneva Rd",US,MISSED_BY_BLOCKING,I_legal_suffix_dominating,Lexical divergence across commercial branding,Address component intersection
S1-41369509,S2,S2-499246395,Dermatology Group,Dermatology Inc,"5105 Ravensdale Lane, Austin, TX",,US,MISSED_BY_BLOCKING,G_empty_or_weak_address,"Address is empty or severely truncated, preventing composite address blocking",Distinctive multi-word name signature fallback (min length 10)
S1-597717717,S2,S2-410883901,Golden Tech Private Limited,गोल्डन टेक प्राइवेट लिमिटेड,"401-402, Nandprem, Nehru Road Vile Parle (East), Mumbai, Mumbai City, Maharashtra","401-402, MUMBAI, MUMBAI CITY, Maharashtra",India,MISSED_BY_BLOCKING,J_cross_script_dba,"One entity in native Indic script, other in English with different brand phrasing",Indic transliteration + consonant skeleton + address key
S1-833827485,S2,S2-777786370,Dream Food Private Limited,ಡ್ರೀಮ್ ಫುಡ್ ಪ್ರೈವೇಟ್ ಲಿಮಿಟೆಡ್,"2Nd Cross, Ashok Nagar Opp Tumkur University/Govt College, Tumkur, Karnataka, Tumkur, Dhobi Ghat Road","DHOBI GHAT ROAD, 2ND CROSS, ASHOK NAGAR OPP TUMKUR UNIVERSITY/GOVT COLLEGE, TUMKUR, Karnataka",India,MISSED_BY_BLOCKING,J_cross_script_dba,"One entity in native Indic script, other in English with different brand phrasing",Indic transliteration + consonant skeleton + address key
S1-73544343,S2,S2-217009442,Indo Infrastructure Private Limited,इंडो इंफ्रास्ट्रक्चर प्राइवेट लिमिटेड,"294, D Ward, Shukrawar Peth, Kolhapur, Maharashtra","Maharashtra, 294, KOLHAPUR",India,MISSED_BY_BLOCKING,J_cross_script_dba,"One entity in native Indic script, other in English with different brand phrasing",Indic transliteration + consonant skeleton + address key
S1-176316468,S2,S2-943682294,Behavioral Health Care Associates LLC,BEHAVIORALHEALTHCARE.COM,"TX, 256 Greanead Road, Forestburg","256 GREANEAD RD, PO BOX 1728, FORESTBURG, TX",US,MISSED_BY_BLOCKING,C_website_domain_variation,Candidate name is a website/domain with unsegmented words while S1 is legal entity,Pass A: Strip TLD + token stem concatenation + address anchor
S1-176316468,S3,S3-699793662,Behavioral Health Care Associates LLC,healthbehavioralcare.com,"TX, 256 Greanead Road, Forestburg","256 1/2 Greanead Rd, NULL, Forestbug, Texas",US,MISSED_BY_BLOCKING,C_website_domain_variation,Candidate name is a website/domain with unsegmented words while S1 is legal entity,Pass A: Strip TLD + token stem concatenation + address anchor
S1-176316468,S3,S3-20190011,Behavioral Health Care Associates LLC,Behaviora1 Health Care Associates LLC [Commission],"TX, 256 Greanead Road, Forestburg","256 1/2 Greanead Rd, Texas, NULL, Forestbug",US,MISSED_BY_BLOCKING,I_legal_suffix_dominating,Lexical divergence across commercial branding,Address component intersection
S1-788852107,S2,S2-298392127,Foods Polyurethanes Private Limited,Foods Private Limited Service,"C/O Shri Jagan Namdev, Jadhav Higana, Khamgaon, Buldhana, Maharashtra","DOOR NO 386 C/O SHRI JAGAN NAMDEV, JADHAV HIGANA, KHAMGAON, N/A, महाराष्ट्र",India,MISSED_BY_BLOCKING,I_legal_suffix_dominating,Lexical divergence across commercial branding,Address component intersection
S1-405544735,S2,S2-582371029,Atlantic States,Atlantic Center,"23 Pollard Road, Unit Unit 2, Hannibal, NY","POLLARD ROAD, HANNIBAL, NY",US,MISSED_BY_BLOCKING,I_legal_suffix_dominating,Lexical divergence across commercial branding,Address component intersection
S1-319307000,S2,S2-647211983,Mumbai Farmer Co,VERAKORCIRA,"Maharashtra, 5Th Floor, AliâS Chambers, Near Air Cargo Complex, Sahar, Mumbai, Office No. 503, Mumbai City","OFFICE NO. ##503, MUMBAI CITY, ANDHERI WEH, महाराष्ट्र",India,MISSED_BY_BLOCKING,B_brand_vs_parent_company,Short distinctive brand name vs multi-word parent company name,Single distinctive brand token + address door/plot number
S1-461499514,S3,S3-543267317,Lucky Deli,luckydeli.com,"307 9th Street, Goshen, IN","9th St, Goshen, Indiana",US,MISSED_BY_BLOCKING,C_website_domain_variation,Candidate name is a website/domain with unsegmented words while S1 is legal entity,Pass A: Strip TLD + token stem concatenation + address anchor
S1-297991452,S2,S2-94455164,Sky Infotech Limited,ஸ்கை இன்ஃபோடெக் லிமிடெட்,"3, First Street, Kurinji Nagar, Tambaram, Kanchipuram, Tamil Nadu","NO. 265. 3, TAMBARAM, KANCHIPURAM, Tamil Nadu",India,MISSED_BY_BLOCKING,J_cross_script_dba,"One entity in native Indic script, other in English with different brand phrasing",Indic transliteration + consonant skeleton + address key
S1-112233211,S3,S3-396314439,Accord & Brothers Private Limited,M/s accordbrothers.com,"House No 5, Third Floor Flat No D-2 Kh No 1101, South Delhi, Delhi","House No 7-5, Third Floor Flat No D-2 Kh No 1101, South Delhi, DL",India,MISSED_BY_BLOCKING,C_website_domain_variation,Candidate name is a website/domain with unsegmented words while S1 is legal entity,Pass A: Strip TLD + token stem concatenation + address anchor
S1-605216043,S2,S2-629064112,Ram Technology Private Limited,Ram टेक्नोलॉजी प्राइवेट लिमिटेड,"Satguru Girls Hostel Palda Khandwa Road, Indore, Madhya Pradesh","Madhya Pradesh, SATGURU GIRLS HOSTEL PALDA KHANDWA ROAD, INDORE",India,MISSED_BY_BLOCKING,J_cross_script_dba,"One entity in native Indic script, other in English with different brand phrasing",Indic transliteration + consonant skeleton + address key
S1-223620731,S2,S2-938681600,Global Infotech Limited,ग्लोबल इंफोटेक लिमिटेड,"West Delhi, Delhi, New Delhi, Khasara No. 71/3, 1St Floor Sec-23, Shyam Colony Budh Vihar, H No.-1190","H NO.-1190, NORTH DELHI, NEW DELHI, Delhi",India,MISSED_BY_BLOCKING,J_cross_script_dba,"One entity in native Indic script, other in English with different brand phrasing",Indic transliteration + consonant skeleton + address key
S1-223620731,S2,S2-795263604,Global Infotech Limited,(LTD) GLOBAL INFOTECH,"West Delhi, Delhi, New Delhi, Khasara No. 71/3, 1St Floor Sec-23, Shyam Colony Budh Vihar, H No.-1190","H NO.-1190, NORTH DELHI, WEST DELHI, दिल्ली",India,MISSED_BY_BLOCKING,I_legal_suffix_dominating,Lexical divergence across commercial branding,Address component intersection
S1-223620731,S2,S2-590226331,Global Infotech Limited,ग्लोबल इंफोटेक लिमिटेड,"West Delhi, Delhi, New Delhi, Khasara No. 71/3, 1St Floor Sec-23, Shyam Colony Budh Vihar, H No.-1190","H NO.-1190, KHASARA NO. 71/3, 1ST FLOOR SEC-23, SHYAM COLONY BUDH VIHAR, NORTH DELHI, NEW DELHI, Delhi",India,MISSED_BY_BLOCKING,J_cross_script_dba,"One entity in native Indic script, other in English with different brand phrasing",Indic transliteration + consonant skeleton + address key
S1-548949826,S3,S3-789457400,Rocky Trust LLC,Rocky Rocky Tut LLC,"10924 Powers Avenue, Cockeysville, MD","1092 Powers Ave, Coceysville, Maryland",US,MISSED_BY_BLOCKING,I_legal_suffix_dominating,Lexical divergence across commercial branding,Address component intersection
S1-548949826,S3,S3-424792804,Rocky Trust LLC,LLC Rocky Trdts,"10924 Powers Avenue, Cockeysville, MD","1092 Powers Ave, Coceysville, Maryland",US,MISSED_BY_BLOCKING,I_legal_suffix_dominating,Lexical divergence across commercial branding,Address component intersection
S1-548949826,S3,S3-384858260,Rocky Trust LLC,*** Rocky Torust LLC,"10924 Powers Avenue, Cockeysville, MD","1092 Powers Avenue, Coceysville, Maryland",US,MISSED_BY_BLOCKING,I_legal_suffix_dominating,Lexical divergence across commercial branding,Address component intersection
S1-364353446,S2,S2-709025947,Pediatric Signature Clinic,PEDIATRICSIGNATURECLINIC.COM,"MA, Unit 20, Dracut, 130 Skyline Drive","#130 SKYLINE DRIVE, MA, DRACUT",US,MISSED_BY_BLOCKING,C_website_domain_variation,Candidate name is a website/domain with unsegmented words while S1 is legal entity,Pass A: Strip TLD + token stem concatenation + address anchor
S1-931070977,S2,S2-185075524,Animal Welfare Committee,Anima1 Wélfare,"Garner, 232 Gulley Glen Drive, NC",,US,MISSED_BY_BLOCKING,G_empty_or_weak_address,"Address is empty or severely truncated, preventing composite address blocking",Distinctive multi-word name signature fallback (min length 10)
S1-920128741,S3,S3-550998505,India Naaz Digital Partners,Naazdigitalindia.Com - 1673161301,"Krithika Layout Plot No 3, Shaikpet, Hyderabad, Telangana","Krithika Layout Plot No 3, Hyderabad, Shaikpet, తెలంగాణ",India,MISSED_BY_BLOCKING,C_website_domain_variation,Candidate name is a website/domain with unsegmented words while S1 is legal entity,Pass A: Strip TLD + token stem concatenation + address anchor
S1-920128741,S3,S3-344389255,India Naaz Digital Partners,Naazdigital.Com,"Krithika Layout Plot No 3, Shaikpet, Hyderabad, Telangana","Krithika Layout Plot No 3, Shaikpet, Hyderabad, తెలంగాణ",India,MISSED_BY_BLOCKING,C_website_domain_variation,Candidate name is a website/domain with unsegmented words while S1 is legal entity,Pass A: Strip TLD + token stem concatenation + address anchor
S1-920128741,S2,S2-144132128,India Naaz Digital Partners,indianaazdigital.com,"Krithika Layout Plot No 3, Shaikpet, Hyderabad, Telangana","KRITHIKA LAYOUT PLOT NO 3, SHAIKPET, Telangana",India,MISSED_BY_BLOCKING,C_website_domain_variation,Candidate name is a website/domain with unsegmented words while S1 is legal entity,Pass A: Strip TLD + token stem concatenation + address anchor
S1-829922699,S2,S2-834006165,Legacy Freight Partners,Yumaavi,"1607 Charolais Drive, Austin, TX","CHAROLAIS DRIVE, AUSTIN, TX",US,MISSED_BY_BLOCKING,B_brand_vs_parent_company,Short distinctive brand name vs multi-word parent company name,Single distinctive brand token + address door/plot number
S1-216840230,S3,S3-947183470,Ledbetter and Werts Inc,ledbetterwerts.com,"OK, 5915 440 Road, Peggs","5915 440 Rd, Cherokee County, Oklahoma",US,MISSED_BY_BLOCKING,C_website_domain_variation,Candidate name is a website/domain with unsegmented words while S1 is legal entity,Pass A: Strip TLD + token stem concatenation + address anchor
S1-849905725,S2,S2-598294042,Ear Nose & Throat Regional Partners Inc.,EAR NO5E & THROAT REGIONAL PAGNEOLRS  INC.,"34 Pearsall Street, Staten Island, NY","34 PEARSALL STREET, N/A, STATEN ISLAND, NY",US,MISSED_BY_BLOCKING,I_legal_suffix_dominating,Lexical divergence across commercial branding,Address component intersection
S1-58997889,S2,S2-815224880,Lakshmi Care Private Limited,लक्ष्मी केयर प्राइवेट लिमिटेड,"H.No.61, Basai Enclave, Part-Ii, Near Green Field Public School, Garauli Road, Railway Road, Gurgaon, Haryana","61, RAILWAY ROAD, GURGAON, हरियाणा",India,MISSED_BY_BLOCKING,J_cross_script_dba,"One entity in native Indic script, other in English with different brand phrasing",Indic transliteration + consonant skeleton + address key
S1-241692676,S3,S3-132906182,Elan Buildwell Corporation,Elanbuildwell.Com,"124, Sri Aurobinda Sarani Hatibagan, Kolkata, Kolkata, Howrah, West Bengal","124, Howrah, Kolkata, WB",India,MISSED_BY_BLOCKING,C_website_domain_variation,Candidate name is a website/domain with unsegmented words while S1 is legal entity,Pass A: Strip TLD + token stem concatenation + address anchor
S1-568507847,S3,S3-64364635,Prime Technologies Private Limited,ప్రైమ్ టెక్నాలజీస్ ప్రైవేట్ లిమిటెడ్,"Plot No 152/3 Gf, Vivekananda Nagar Kukatpally, Hyderabad, Telangana","Plot No 152/3 Gf, Hyderabad, తెలంగాణ",India,MISSED_BY_BLOCKING,J_cross_script_dba,"One entity in native Indic script, other in English with different brand phrasing",Indic transliteration + consonant skeleton + address key
S1-568507847,S3,S3-609278130,Prime Technologies Private Limited,ప్రైమ్ టెక్నాలజీస్ ప్రైవేట్ లిమిటెడ్,"Plot No 152/3 Gf, Vivekananda Nagar Kukatpally, Hyderabad, Telangana","152/3 Gf, Hyderabad, TG",India,MISSED_BY_BLOCKING,J_cross_script_dba,"One entity in native Indic script, other in English with different brand phrasing",Indic transliteration + consonant skeleton + address key
S1-568507847,S2,S2-125709988,Prime Technologies Private Limited,ప్రైమ్ టెక్నాలజీస్ ప్రైవేట్ లిమిటెడ్,"Plot No 152/3 Gf, Vivekananda Nagar Kukatpally, Hyderabad, Telangana","DOOR NO C-152/3 GF, RANGA READY, తెలంగాణ, HYDERABAD",India,MISSED_BY_BLOCKING,J_cross_script_dba,"One entity in native Indic script, other in English with different brand phrasing",Indic transliteration + consonant skeleton + address key
S1-578698531,S2,S2-771034993,Black Agro Limited,ಬ್ಲ್ಯಾಕ್ ಅಗ್ರೋ ಲಿಮಿಟೆಡ್,"Kalpavruksha, Mahishi Road, Yammikeri, Malmaddi, Dharwad, Dharwad, Dharwar, Karnataka","KALPAVRUKSHA, DHARWAD, DHARWAR, Karnataka",India,MISSED_BY_BLOCKING,J_cross_script_dba,"One entity in native Indic script, other in English with different brand phrasing",Indic transliteration + consonant skeleton + address key
S1-578698531,S3,S3-975273613,Black Agro Limited,ಬ್ಲ್ಯಾಕ್ ಅಗ್ರೋ ಲಿಮಿಟೆಡ್,"Kalpavruksha, Mahishi Road, Yammikeri, Malmaddi, Dharwad, Dharwad, Dharwar, Karnataka","Kalpavruksha, Mahishi Road, Yammikeri, Malmaddi, Dharwad, Dharwar, Dharwad, ಕರ್ನಾಟಕ",India,MISSED_BY_BLOCKING,J_cross_script_dba,"One entity in native Indic script, other in English with different brand phrasing",Indic transliteration + consonant skeleton + address key
S1-939081599,S3,S3-255799127,Gonzalez & Wade LLC,Orbihalo,"887 Warren Street, Fall River, MA","Warren Street, Fall River, Massachusetts",US,MISSED_BY_BLOCKING,B_brand_vs_parent_company,Short distinctive brand name vs multi-word parent company name,Single distinctive brand token + address door/plot number
S1-534715135,S3,S3-219919955,"Fletcher Delta Vaneck, LLC",fletcherdeltavaneck.com,"2520 Bear Creek Lane, Phoenix, AZ","Arizona, Phoenix, 252 Bear Creek Ln",US,MISSED_BY_BLOCKING,C_website_domain_variation,Candidate name is a website/domain with unsegmented words while S1 is legal entity,Pass A: Strip TLD + token stem concatenation + address anchor
S1-166242459,S3,S3-853081927,Hari Impex Private Limited,ಹರಿ ಇಂಪೆಕ್ಸ್ ಪ್ರೈವೇಟ್ ಲಿಮಿಟೆಡ್,"Bangalore, 54/1, Seshadripuram Main Road, Seshadripuram, B1-B4 Brigade Links, Bangalore, Karnataka","Door No 33 B1-b4 Brigade Links, 54/1, Seshadripuram Main Road, Seshadripuram, Bengaluru, Bangalore, ಕರ್ನಾಟಕ",India,MISSED_BY_BLOCKING,J_cross_script_dba,"One entity in native Indic script, other in English with different brand phrasing",Indic transliteration + consonant skeleton + address key
S1-105969715,S2,S2-407228015,Maa Foods Private Limited,மா ஃபுட்ஸ் பிரைவேட் லிமிடெட்,"No.2A, Wellington Estate, 3Rd Floor, 24, Commander-In-Chief Road, Egmore, Chennai, Tamil Nadu","Tamil Nadu, #2A, CHENNAI, MADRAS",India,MISSED_BY_BLOCKING,J_cross_script_dba,"One entity in native Indic script, other in English with different brand phrasing",Indic transliteration + consonant skeleton + address key
S1-504478559,S3,S3-658829820,Exports Kamakhya Commericial Ltd,#exportskamakhya,"H. No. 795, Plot No. 7, Bharat Nagar, Islampura, Near Mumtaz Kangan Shop, Bandra East, Mumbai, Bandra Suburban, Maharashtra","Mumbai Ii, Mumbai, #795, MH",India,MISSED_BY_BLOCKING,B_brand_vs_parent_company,Short distinctive brand name vs multi-word parent company name,Single distinctive brand token + address door/plot number
S1-82992479,S2,S2-70451915,Himachal (India) Construction Private Limited,Mr Ha1owexgild,"Pune, Maharashtra, Gavthan, Nhavi, Indapur, Pune, C/O. Madhukar Machindra Suryavanshi 1","POONA, PUNE, GAVTHAN, NHAVI, INDAPUR, C/O. MADHUKAR MACHINDRA SURYAVANSHI 1, Maharashtra",India,MISSED_BY_BLOCKING,F_missing_business_name_tokens,Address matches strongly but business names have disparate commercial branding,High-precision address anchor (plot number + 2 distinctive street words)
S1-82992479,S3,S3-23432143,Himachal (India) Construction Private Limited,*** himachalindiaconstruction.com,"Pune, Maharashtra, Gavthan, Nhavi, Indapur, Pune, C/O. Madhukar Machindra Suryavanshi 1","C/o. Madhukar Machindra Suryavanshi 001, Gavthan, Nhavi, Indapur, Pune, MH",India,MISSED_BY_BLOCKING,C_website_domain_variation,Candidate name is a website/domain with unsegmented words while S1 is legal entity,Pass A: Strip TLD + token stem concatenation + address anchor
S1-288666702,S3,S3-519622989,WK Hospitals Pvt Ltd,Caloonyx trading as WK Hospitals Pvt Ltd,"Pokhara Mohalla P.O. Hajipur Ps- Town Thana, Hajipur, Vaishali, Bihar","Bihar, Hajipur, Pokhara Mohalla P.O. Hajipur Ps- Town Thana, Vaishali",India,MISSED_BY_BLOCKING,A_dba_vs_legal_entity,DBA keyword present separating trade brand from legal parent,Explicit DBA token splitting + alias indexing
S1-700789055,S2,S2-354559016,Womens Health Federal Center,W0mens Health,"108 Spring Street, Enfield, CT","SPRING ST, ENFIELD, CT",US,MISSED_BY_BLOCKING,I_legal_suffix_dominating,Lexical divergence across commercial branding,Address component intersection
S1-700789055,S2,S2-163992673,Womens Health Federal Center,Womens Halhl Federal Center,"108 Spring Street, Enfield, CT","108 SPRING ST, ENFIELD, CT",US,MISSED_BY_BLOCKING,I_legal_suffix_dominating,Lexical divergence across commercial branding,Address component intersection
S1-54276647,S3,S3-706464695,Parmar Engineering,Parmar Enginerifg,"Flat No 101, Panchsheel Lane No. 14 Prabhat Road-Income Tax Office Lane 42/16, Erandwane, Pune City, Pune, Maharashtra","Flat No 10, Pune, Pune City, महाराष्ट्र",India,MISSED_BY_BLOCKING,I_legal_suffix_dominating,Lexical divergence across commercial branding,Address component intersection
S1-102996824,S2,S2-974045501,Sennett Orthopedic Physicians,sennettorthopedicphysicians.com,"7762 Street Road, Sennett, NY","##7762 STREET ROAD, AUBURN, NY",US,MISSED_BY_BLOCKING,C_website_domain_variation,Candidate name is a website/domain with unsegmented words while S1 is legal entity,Pass A: Strip TLD + token stem concatenation + address anchor
S1-565310502,S2,S2-421345514,Gold Marketing Private Limited,গোল্ড মার্কেটিং প্রাইভেট লিমিটেড,"Kolkata, G No.3 Fl-5, Rno-A6 18 Rabindra Sarani, Kolkata, Poddar Court, Howrah, West Bengal","PODDAR COURT, G NO.3 FL-5, RNO-A6 18 RABINDRA SARANI, KOLKATA, KOLKATA, HOWRAH, West Bengal",India,MISSED_BY_BLOCKING,J_cross_script_dba,"One entity in native Indic script, other in English with different brand phrasing",Indic transliteration + consonant skeleton + address key
S1-565310502,S3,S3-494175352,Gold Marketing Private Limited,Lyrajax née Gold Marketing Private Limited,"Kolkata, G No.3 Fl-5, Rno-A6 18 Rabindra Sarani, Kolkata, Poddar Court, Howrah, West Bengal","Poddar Court, G No.3 Fl-5, Rno-A6 18 Rabindra Sarani, Kolkata, Kolkata, Howrah, West Bengal",India,MISSED_BY_BLOCKING,I_legal_suffix_dominating,Lexical divergence across commercial branding,Address component intersection
S1-629122355,S2,S2-686232824,Future Media Pvt Ltd,ফিউচার মিডিয়া প্রাইভেট লিমিটেড,"Meen Residency, Bl-A, Fl-C/1, 1St Floor Tegharia Dhali Para, Kolkata, Kolkata, Howrah, West Bengal","MEEN RESIDENCY, CALCUTTA, HOWRAH, West Bengal",India,MISSED_BY_BLOCKING,J_cross_script_dba,"One entity in native Indic script, other in English with different brand phrasing",Indic transliteration + consonant skeleton + address key
S1-982620338,S3,S3-629622759,Tri-State Foundation,Brixonyx doing business as Tri-State Foundation,"15 Kelly Avenue, Hampton City, VA","15 Kelly Avenue, Hampton City, VA",US,MISSED_BY_BLOCKING,I_legal_suffix_dominating,Lexical divergence across commercial branding,Address component intersection
S1-841902972,S3,S3-899015108,SY Training Private Limited,5Y Private Limited Center,"206, Vaibhav Apartment Girdhar Nagar, Indore, Madhya Pradesh","206, Indore, मध्य प्रदेश",India,MISSED_BY_BLOCKING,I_legal_suffix_dominating,Lexical divergence across commercial branding,Address component intersection
S1-742696221,S3,S3-417138619,Havens Diamond Duration LLC,havensdiamondduration.com,"10525 Constitution Avenue, Albuquerque, NM","Abuquerque, Constitution Ave, New Mexico",US,MISSED_BY_BLOCKING,C_website_domain_variation,Candidate name is a website/domain with unsegmented words while S1 is legal entity,Pass A: Strip TLD + token stem concatenation + address anchor
S1-622313076,S2,S2-399178558,Infrabuild Holdings,Ihnfrabuild  Holdings,"Plot No 52 &53, Flat No:304, Sri Balaj Residency Kasani Kousalya Colony, Bachupally Hyderabad, Rangareddy, Telangana","#41 &53, RANGAREDDY, BACHUPALLY HYDERABAD, Telangana",India,MISSED_BY_BLOCKING,I_legal_suffix_dominating,Lexical divergence across commercial branding,Address component intersection
S1-888799356,S2,S2-532756260,Sky Food Private Limited,स्काई फूड प्राइवेट लिमिटेड,"2Nd Floor Ameya Logistics Private Limited Village Dhasakhoshi, Taluka Uran, Post K, Hopte, Uran, Raigarh, Maharashtra","2ND FLOOR AMEYA LOGISTICS PRIVATE LIMITED VILLAGE DHASAKHOSHI, URAN, RAIGARH, Maharashtra",India,MISSED_BY_BLOCKING,J_cross_script_dba,"One entity in native Indic script, other in English with different brand phrasing",Indic transliteration + consonant skeleton + address key
S1-888799356,S3,S3-659126396,Sky Food Private Limited,Sky Fd Private Limited,"2Nd Floor Ameya Logistics Private Limited Village Dhasakhoshi, Taluka Uran, Post K, Hopte, Uran, Raigarh, Maharashtra","2Nd Floor Ameya Logistics Private Limited Village Dhasakhoshi, <NULL>, MH",India,MISSED_BY_BLOCKING,I_legal_suffix_dominating,Lexical divergence across commercial branding,Address component intersection
S1-888799356,S3,S3-146718733,Sky Food Private Limited,Sky,"2Nd Floor Ameya Logistics Private Limited Village Dhasakhoshi, Taluka Uran, Post K, Hopte, Uran, Raigarh, Maharashtra","2Nd Floor Ameya Logistics Private Limited Village Dhasakhoshi, Taluka Uran, Post K, Hopte, Uran, Raigarh, Maharashtra",India,MISSED_BY_BLOCKING,B_brand_vs_parent_company,Short distinctive brand name vs multi-word parent company name,Single distinctive brand token + address door/plot number
S1-596946418,S2,S2-675989169,Colonial Committee,Colonial Cimmitetse Cimmitetse,"135 Market Street, Chattanooga, TN",,US,MISSED_BY_BLOCKING,G_empty_or_weak_address,"Address is empty or severely truncated, preventing composite address blocking",Distinctive multi-word name signature fallback (min length 10)
S1-443686677,S2,S2-308426330,Pacific Project,PACIFIC CENTER Trading,"105 High Street, Unit 5, Fall River, MA",,US,MISSED_BY_BLOCKING,G_empty_or_weak_address,"Address is empty or severely truncated, preventing composite address blocking",Distinctive multi-word name signature fallback (min length 10)
S1-376565249,S2,S2-57368876,Koratla India LLP,koratlaindia.com,"H.No.1-2-249/1 Prakasham Road, Koratla, Karimnagar, Andhra Pradesh","H.NO.G-1-2-249/1 PRAKASHAM ROAD, KORATLA, Andhra Pradesh",India,MISSED_BY_BLOCKING,C_website_domain_variation,Candidate name is a website/domain with unsegmented words while S1 is legal entity,Pass A: Strip TLD + token stem concatenation + address anchor
S1-180269792,S3,S3-619030731,All Industries Private Limited,ഓൾ Industries പ്രൈവറ്റ് ലിമിറ്റഡ്,"13/507, B 40, 2Nd Floor, Yamuna Arcade, Kallai Road, Po Chalappuram, Kozhikode, Kerala","KL, Kozhikode, 1-3/507, Kozhikode",India,MISSED_BY_BLOCKING,J_cross_script_dba,"One entity in native Indic script, other in English with different brand phrasing",Indic transliteration + consonant skeleton + address key
S1-462399576,S3,S3-916994876,Dyechem & Brothers Pvt Ltd,Brosdyechem.Com,"Pune, Maharashtra, 523, Narayan Peth, Near Modi Ganapati Temple","5-23, Near Modi Ganapati Temple, Pune, MH",India,MISSED_BY_BLOCKING,C_website_domain_variation,Candidate name is a website/domain with unsegmented words while S1 is legal entity,Pass A: Strip TLD + token stem concatenation + address anchor
S1-265986133,S3,S3-850189745,"Rocky Equity Partners, LLC",róckyequitypartners.c0m,"637 27th Avenue, Texas City, TX","27rd Ave, Texas City, Texas",US,MISSED_BY_BLOCKING,I_legal_suffix_dominating,Lexical divergence across commercial branding,Address component intersection
S1-662446933,S2,S2-790410416,Shivam Logistics Pvt Ltd,शिवम लॉजिस्टिक्स प्रा. लि.,"511, Sai Chambers, Next To Syndicate Bank, Near Railway Station, Santacruz (E), Mumbai, Mumbai City, Maharashtra","511, Maharashtra, MUMBAI CITY, MUMBAI",India,MISSED_BY_BLOCKING,J_cross_script_dba,"One entity in native Indic script, other in English with different brand phrasing",Indic transliteration + consonant skeleton + address key
S1-64423771,S3,S3-508261785,Jvj Allied Group,Jvj Group Allide,"Malayalay, Unit No. 2A (S) 2Nd Floor, 3 Woodburn Park, Kolkata, Kolkata, Howrah, West Bengal","Kolkata, Malayalay, Howrah, WB",India,MISSED_BY_BLOCKING,I_legal_suffix_dominating,Lexical divergence across commercial branding,Address component intersection
S1-360104744,S3,S3-32118495,My Technology Private Limited,माय टेक्नोलॉजी प्राइवेट लिमिटेड,"51, Manoj Industrial Estate, 5Th Floor, G.D. Ambekar Marg, Wadala, Mumbai, Maharashtra","Hn 939 51, Mumbai Ii, MH",India,MISSED_BY_BLOCKING,J_cross_script_dba,"One entity in native Indic script, other in English with different brand phrasing",Indic transliteration + consonant skeleton + address key
S1-146845100,S2,S2-341455263,Orthopedic Associates Inc,ORTHOPEDIC AOSOSOOITES INC,"360 324 Street, Willowick, OH",,US,MISSED_BY_BLOCKING,G_empty_or_weak_address,"Address is empty or severely truncated, preventing composite address blocking",Distinctive multi-word name signature fallback (min length 10)
S1-169237822,S3,S3-85215217,Anand Properties Private Limited,ஆனந்த் புராப்பர்ட்டீஸ் பிரைவேட் லிமிடெட்,"Express High Way, Manali, Madras, Tamil Nadu","Express High Way, Manali, Madras, TN",India,MISSED_BY_BLOCKING,J_cross_script_dba,"One entity in native Indic script, other in English with different brand phrasing",Indic transliteration + consonant skeleton + address key
S1-169237822,S2,S2-758723571,Anand Properties Private Limited,ஆனந்த் புராப்பர்ட்டீஸ் பிரைவேட் லிமிடெட்,"Express High Way, Manali, Madras, Tamil Nadu","MANALI, CHENNAI, Tamil Nadu, EXPRESS HIGH WAY",India,MISSED_BY_BLOCKING,J_cross_script_dba,"One entity in native Indic script, other in English with different brand phrasing",Indic transliteration + consonant skeleton + address key
S1-521254993,S2,S2-391342801,Life Healthcare Private Limited,लाइफ हेल्थकेयर प्राइवेट लिमिटेड,"C/O Ketan Rajendra Mande, Dahiwad, Amalner, Amalner, Jalgaon, Maharashtra","JALGAON, AMALNER, Maharashtra, C/O KETAN RAJENDRA MANDE",India,MISSED_BY_BLOCKING,J_cross_script_dba,"One entity in native Indic script, other in English with different brand phrasing",Indic transliteration + consonant skeleton + address key
S1-521254993,S3,S3-96785772,Life Healthcare Private Limited,लाइफ हेल्थकेयर प्राइवेट लिमिटेड,"C/O Ketan Rajendra Mande, Dahiwad, Amalner, Amalner, Jalgaon, Maharashtra","C/o Ketan Rajendra Mande, Dahiwad, Amalner, Amalner, Jalgaon, MH",India,MISSED_BY_BLOCKING,J_cross_script_dba,"One entity in native Indic script, other in English with different brand phrasing",Indic transliteration + consonant skeleton + address key
S1-255014304,S3,S3-331985553,Taurus (India) Softwares Private Limited,taurusindiasoftwares.com,"3/20, Chamber No. 02, Chitrakoot Scheme, Main Gandhi Path Road, Vaishali Nagar, Jaipur, Rajasthan","##3/20, RJ, Jaipur",India,MISSED_BY_BLOCKING,C_website_domain_variation,Candidate name is a website/domain with unsegmented words while S1 is legal entity,Pass A: Strip TLD + token stem concatenation + address anchor
S1-806616139,S3,S3-837289282,Golden Power Pvt Ltd,Golden Powgr Pvt Ltd,"431, 441 F/F Front Side, Gali No.5 Guru Ram Dass N, East Delhi, Delhi","31, East Delhi, DL",India,MISSED_BY_BLOCKING,I_legal_suffix_dominating,Lexical divergence across commercial branding,Address component intersection
S1-835650720,S3,S3-73642855,Shivam All Hospitality Private Limited,ശിവം ഓൾ ഹോസ്പിറ്റാലിറ്റി പ്രൈവറ്റ് ലിമിറ്റഡ്,"B Paul Abro Residency, Flat No 3D, Ernakulam, Kerala","Plot 115 B Paul Abro Residency, Ernakulam, Keralam",India,MISSED_BY_BLOCKING,J_cross_script_dba,"One entity in native Indic script, other in English with different brand phrasing",Indic transliteration + consonant skeleton + address key
S1-835650720,S2,S2-938924942,Shivam All Hospitality Private Limited,ശിവം ഓൾ ഹോസ്പിറ്റാലിറ്റി പ്രൈവറ്റ് ലിമിറ്റഡ്,"B Paul Abro Residency, Flat No 3D, Ernakulam, Kerala","B PAUL ABRO RESIDENCY, ERNAKULAM, Kerala",India,MISSED_BY_BLOCKING,J_cross_script_dba,"One entity in native Indic script, other in English with different brand phrasing",Indic transliteration + consonant skeleton + address key
S1-401662044,S2,S2-748074457,Shree Nursing Home,Shree Nursieg H0me,"A, G-1Vijaya Hills Apartments A C Guards, Hyderabad, Telangana",,India,MISSED_BY_BLOCKING,G_empty_or_weak_address,"Address is empty or severely truncated, preventing composite address blocking",Distinctive multi-word name signature fallback (min length 10)
S1-868903152,S2,S2-951897078,Raj Technologies Private Limited,ରାଜ ଟେକ୍ନୋଲୋଜିସ୍ ପ୍ରାଇଭେଟ୍ ଲିମିଟେଡ୍,"Plot No-4208/17787, Hari Omm Nagar, Gumadera, Belpahar, Jharsuguda, Orissa","DOOR NO 533 PLOT NO-4208/17787, JHARSUGUDA, ଓଡ଼ିଶା",India,MISSED_BY_BLOCKING,J_cross_script_dba,"One entity in native Indic script, other in English with different brand phrasing",Indic transliteration + consonant skeleton + address key
S1-244344237,S2,S2-366737140,Northern School of Medicine Care,northernschoolmedicine.com,"9612 Bowen Road, East Otto, NY","9612 BOWEN ROAD, EAST OTTO, NY",US,MISSED_BY_BLOCKING,C_website_domain_variation,Candidate name is a website/domain with unsegmented words while S1 is legal entity,Pass A: Strip TLD + token stem concatenation + address anchor
S1-853184110,S2,S2-281369052,Lotus Marketing Private Limited,ലോട്ടസ് മാർക്കറ്റിംഗ് പ്രൈവറ്റ് ലിമിറ്റഡ്,"Padinjarekuzhikandathil House Vazhakode, Akamala, Mullurkara P.O., Thrissur, Kerala","PADINJAREKUZHIKANDATHIL HOUSE VAZHAKODE, AKAMALA, MULLURKARA P.O., THRISSUR, Keralam",India,MISSED_BY_BLOCKING,J_cross_script_dba,"One entity in native Indic script, other in English with different brand phrasing",Indic transliteration + consonant skeleton + address key
S1-853184110,S2,S2-163131451,Lotus Marketing Private Limited,ലോട്ടസ് മാർക്കറ്റിംഗ് പ്രൈവറ്റ് ലിമിറ്റഡ്,"Padinjarekuzhikandathil House Vazhakode, Akamala, Mullurkara P.O., Thrissur, Kerala","PADINJAREKUZHIKANDATHIL HOUSE VAZHAKODE, AKAMALA, MULLURKARA P.O., THRISSUR, Keralam",India,MISSED_BY_BLOCKING,J_cross_script_dba,"One entity in native Indic script, other in English with different brand phrasing",Indic transliteration + consonant skeleton + address key
S1-235270051,S2,S2-536687736,Goree Interests,6oree Intress,"163 4th Street, Laramie, WY","FOURTH ST, LARAMIE, WY",US,MISSED_BY_BLOCKING,I_legal_suffix_dominating,Lexical divergence across commercial branding,Address component intersection
S1-93873439,S2,S2-814797400,Dream Tech Pvt Ltd,ડ્રીમ ટેક પ્રા. લિ.,"501, Siddhi Darshan Flats Behind. Panchal Hall, Anand, Gujarat","501, ANAND, Gujarat",India,MISSED_BY_BLOCKING,J_cross_script_dba,"One entity in native Indic script, other in English with different brand phrasing",Indic transliteration + consonant skeleton + address key
S1-93873439,S3,S3-207803227,Dream Tech Pvt Ltd,ડ્રીમ ટેક પ્રા. લિ.,"501, Siddhi Darshan Flats Behind. Panchal Hall, Anand, Gujarat","501., Anand, GJ",India,MISSED_BY_BLOCKING,J_cross_script_dba,"One entity in native Indic script, other in English with different brand phrasing",Indic transliteration + consonant skeleton + address key
S1-486233538,S2,S2-175150717,Ezee Advisors,ezeeadvisors.com,"C/O Fatma Khatoon, Ansar, Nagar, Nawada, Nawadha, Nawada, Bihar","C/O FATMA KHATOON, ANSAR, NAGAR, NAWADA, NAWADHA, Bihar",India,MISSED_BY_BLOCKING,C_website_domain_variation,Candidate name is a website/domain with unsegmented words while S1 is legal entity,Pass A: Strip TLD + token stem concatenation + address anchor
S1-466324145,S3,S3-341846202,P & L Rexford,P & L REXF0RD,"1427 136th Street, Glenpool, OK","136nd Street, Glenpool, Oklahoma",US,MISSED_BY_BLOCKING,I_legal_suffix_dominating,Lexical divergence across commercial branding,Address component intersection
S1-206569853,S2,S2-650042785,Dream Investment Private Limited,ड्रीम इन्वेस्टमेंट प्राइवेट लिमिटेड,"275 Katghar, Allahabad, Uttar Pradesh","75 KATGHAR, ALLAHABAD, उत्तर प्रदेश",India,MISSED_BY_BLOCKING,J_cross_script_dba,"One entity in native Indic script, other in English with different brand phrasing",Indic transliteration + consonant skeleton + address key
S1-206569853,S2,S2-298174647,Dream Investment Private Limited,Dr dreaminvestment.com #69815,"275 Katghar, Allahabad, Uttar Pradesh","DOOR NO 75 KATGHAR, ALLAHABAD, Uttar Pradesh",India,MISSED_BY_BLOCKING,C_website_domain_variation,Candidate name is a website/domain with unsegmented words while S1 is legal entity,Pass A: Strip TLD + token stem concatenation + address anchor
S1-206569853,S2,S2-246893714,Dream Investment Private Limited,ड्रीम इन्वेस्टमेंट प्राइवेट लिमिटेड,"275 Katghar, Allahabad, Uttar Pradesh","75 KAAGHAR, ALLAHABAD, Uttar Pradesh",India,MISSED_BY_BLOCKING,J_cross_script_dba,"One entity in native Indic script, other in English with different brand phrasing",Indic transliteration + consonant skeleton + address key
S1-184546496,S2,S2-188995249,Dental Golden Care Associates,Wexfaye,"2800 172, Burkett, TX","2800 172, BURKETT, TX",US,MISSED_BY_BLOCKING,B_brand_vs_parent_company,Short distinctive brand name vs multi-word parent company name,Single distinctive brand token + address door/plot number
S1-288982338,S2,S2-784932553,Renown Institute Pvt Ltd,Belodrexkelo,"501, Om Amey Chs Ltd, 5Th Floor, Opp. Odeon Swimming Pool, Ghatkopar (East), Mumbai, Maharashtra","HN 275 501, MUMBAI, GHATKOPAR (EAST), Maharashtra",India,MISSED_BY_BLOCKING,B_brand_vs_parent_company,Short distinctive brand name vs multi-word parent company name,Single distinctive brand token + address door/plot number
S1-191810050,S2,S2-589143589,Global Marketing Private Limited,ग्लोबल मार्केटिंग प्राइवेट लिमिटेड,"701, Sargam Building, Opp. Posar Gymkhana, Saibaba Extn Road, Kandivali West, Mumbai, Mumbai City, Maharashtra","701, MUMBAI, MUMBAI CITY, Maharashtra",India,MISSED_BY_BLOCKING,J_cross_script_dba,"One entity in native Indic script, other in English with different brand phrasing",Indic transliteration + consonant skeleton + address key
S1-298123204,S3,S3-882638615,Economic Development Network,economicdevelopmentnetwork.com,"Fordyce, AR, 328 Calhoun 189","328 Calhoun 189, Fordyce, Arkansas",US,MISSED_BY_BLOCKING,C_website_domain_variation,Candidate name is a website/domain with unsegmented words while S1 is legal entity,Pass A: Strip TLD + token stem concatenation + address anchor
S1-633978398,S3,S3-240526522,Galaxy Homes Private Limited,galaxyhomes.com,"Rajasthan, Baran, C/O Arvind Mehta, Samraniya","Samraniya, C/o Arvind Mehta, Baran, RJ, Baran",India,MISSED_BY_BLOCKING,C_website_domain_variation,Candidate name is a website/domain with unsegmented words while S1 is legal entity,Pass A: Strip TLD + token stem concatenation + address anchor
S1-633978398,S3,S3-736713366,Galaxy Homes Private Limited,Private 6alaxy H0mes Limited,"Rajasthan, Baran, C/O Arvind Mehta, Samraniya","C/o Arvind Mehta, Samraniya, Baran, RJ",India,MISSED_BY_BLOCKING,I_legal_suffix_dominating,Lexical divergence across commercial branding,Address component intersection
S1-841775325,S2,S2-177471561,"Pediatric Partners, LLC",pediatricpartners.com,"295 Bostic Avenue, Rupert, WV","295 BOSTIC AVE, RUPERT, WV",US,MISSED_BY_BLOCKING,C_website_domain_variation,Candidate name is a website/domain with unsegmented words while S1 is legal entity,Pass A: Strip TLD + token stem concatenation + address anchor
S1-841775325,S2,S2-248923371,"Pediatric Partners, LLC",PEDIATRICPARTNERS.COM,"295 Bostic Avenue, Rupert, WV","295 Bostic Avenue, RUPERT, WV",US,MISSED_BY_BLOCKING,C_website_domain_variation,Candidate name is a website/domain with unsegmented words while S1 is legal entity,Pass A: Strip TLD + token stem concatenation + address anchor
S1-897532620,S3,S3-93573097,Urgent Care Direct Partners,Urgent Direct Partners Center,"13002 H, Henley, MO","13002 1/2 H, Henley, Missouri",US,MISSED_BY_BLOCKING,I_legal_suffix_dominating,Lexical divergence across commercial branding,Address component intersection
S1-316106555,S2,S2-989860697,Kelvin Services Private Limited,Ke1vin Services Private Limited,"Apt Rps More Danapur, Co Rubi Sinha Lakhan Sona, Patna, Bihar, Dinapur-Cum-Khagaul","NO 419. CO RUBI SINHA LAKHAN SONA, APT RPS MORE DANAPUR, PATNA, बिहार",India,MISSED_BY_BLOCKING,I_legal_suffix_dominating,Lexical divergence across commercial branding,Address component intersection
S1-554577358,S3,S3-669677675,Silver Consultants Private Limited,सिल्वर कंसल्टेंट्स प्राइवेट लिमिटेड,"Mumbai, Maharashtra, Room2, Prasad Chawl, Powai, Hanuman Rd, Iit Market","Room2, Prasad Chawl, Powai, Hanuman Rd, Iit Market, Mumbai, महाराष्ट्र",India,MISSED_BY_BLOCKING,J_cross_script_dba,"One entity in native Indic script, other in English with different brand phrasing",Indic transliteration + consonant skeleton + address key
S1-280289141,S3,S3-202789589,Womens Health Anchor Physicians LLC,Womens LLC Ánchor Physicians Health,"79 Scripps Drive, Unit STE 208, Sacramento, CA","79 Scripps Dr, # STE 208, Sacramento, California",US,MISSED_BY_BLOCKING,I_legal_suffix_dominating,Lexical divergence across commercial branding,Address component intersection
S1-507855536,S3,S3-364206090,Asset Building Foundation,Asset Foundation Bui1ding,"94 Fairfield Street, Needham, MA",,US,MISSED_BY_BLOCKING,G_empty_or_weak_address,"Address is empty or severely truncated, preventing composite address blocking",Distinctive multi-word name signature fallback (min length 10)
S1-507855536,S3,S3-252843936,Asset Building Foundation,Asset Btiilng Foundation,"94 Fairfield Street, Needham, MA","94 Fairfield Street, Needham, Massachusetts",US,MISSED_BY_BLOCKING,I_legal_suffix_dominating,Lexical divergence across commercial branding,Address component intersection
S1-521711666,S3,S3-917372705,Tech Premier Technologies Limited,টেক প্রিমিয়ার টেকনোলজিস লিমিটেড,"Krishnapore, North 24 Parganas, Vip Road, Narayantala Deshbandhunagar, Ward No 20, Under Rajarha, T Gopalpur, Kolkata, Kolkata, Howrah, West Bengal","Hn 322. Krishnapore, Howrah, Calcutta, WB",India,MISSED_BY_BLOCKING,J_cross_script_dba,"One entity in native Indic script, other in English with different brand phrasing",Indic transliteration + consonant skeleton + address key
S1-717482440,S2,S2-24402412,East Red Construction Private Limited,ईस्ट रेड कंस्ट्रक्शन प्राइवेट लिमिटेड,"33, Radha Krishna Vihar, Govind Pura, Jhotwara, Jaipur, Rajasthan","33/2, JAIPUR, Rajasthan",India,MISSED_BY_BLOCKING,J_cross_script_dba,"One entity in native Indic script, other in English with different brand phrasing",Indic transliteration + consonant skeleton + address key
S1-717482440,S2,S2-371166108,East Red Construction Private Limited,ईस्ट रेड कंस्ट्रक्शन प्राइवेट लिमिटेड,"33, Radha Krishna Vihar, Govind Pura, Jhotwara, Jaipur, Rajasthan","Rajasthan, JAIPUR, 33/2, JAIPUR",India,MISSED_BY_BLOCKING,J_cross_script_dba,"One entity in native Indic script, other in English with different brand phrasing",Indic transliteration + consonant skeleton + address key
S1-630488273,S3,S3-732719184,Physical Therapy Partners LLC,Physical Terayp Partners Partners LLC,"15453 224th Avenue, Town Of Cleveland, WI","15453 224th Avenue, Bloomer, Wisconsin",US,MISSED_BY_BLOCKING,I_legal_suffix_dominating,Lexical divergence across commercial branding,Address component intersection
S1-630488273,S2,S2-429732333,Physical Therapy Partners LLC,@physicaltherapy,"15453 224th Avenue, Town Of Cleveland, WI","15453 224RD AVENUE, BLOOMER, WI",US,MISSED_BY_BLOCKING,C_website_domain_variation,Candidate name is a website/domain with unsegmented words while S1 is legal entity,Pass A: Strip TLD + token stem concatenation + address anchor
S1-719335447,S2,S2-811713677,Laxmi Impex Pvt Ltd,लक्ष्मी इम्पेक्स प्रा. लि.,"S 513 Pvt No. 9, Basement, Main Vikas Marg Block, New Delhi, Delhi","S 513 PVT NO. 9, NEW DELHI, Delhi",India,MISSED_BY_BLOCKING,J_cross_script_dba,"One entity in native Indic script, other in English with different brand phrasing",Indic transliteration + consonant skeleton + address key
S1-719335447,S3,S3-694945389,Laxmi Impex Pvt Ltd,Laxmi  Iepex Pvt Ltd,"S 513 Pvt No. 9, Basement, Main Vikas Marg Block, New Delhi, Delhi",,India,MISSED_BY_BLOCKING,G_empty_or_weak_address,"Address is empty or severely truncated, preventing composite address blocking",Distinctive multi-word name signature fallback (min length 10)
S1-726994180,S2,S2-109542256,New Producer Private Limited,न्यू प्रोड्यूसर प्राइवेट लिमिटेड,"15A/64, Wea, Tank Road Karol Bagh, Delhi","15A/64, WEA, MUMBAI, DELHI",India,MISSED_BY_BLOCKING,J_cross_script_dba,"One entity in native Indic script, other in English with different brand phrasing",Indic transliteration + consonant skeleton + address key
S1-136024435,S3,S3-721261363,New Consultancy Private Limited,néwconsultancy.com,"302A, 3Rd Floor, Laxmi Chamber, Vikas Marg, Laxmi Nagar, New Delhi, New Delhi, East Delhi, Delhi","302A, New Delhi, Paprawat, DL",India,MISSED_BY_BLOCKING,C_website_domain_variation,Candidate name is a website/domain with unsegmented words while S1 is legal entity,Pass A: Strip TLD + token stem concatenation + address anchor
S1-136024435,S3,S3-354520151,New Consultancy Private Limited,newconsultancy.com,"302A, 3Rd Floor, Laxmi Chamber, Vikas Marg, Laxmi Nagar, New Delhi, New Delhi, East Delhi, Delhi","302A, East Delhi, Paprawat, DL",India,MISSED_BY_BLOCKING,C_website_domain_variation,Candidate name is a website/domain with unsegmented words while S1 is legal entity,Pass A: Strip TLD + token stem concatenation + address anchor
S1-787762564,S2,S2-174025512,Premier Power LLP,प्रीमियर Power LLP,"Neptune Swarajya, Set 1 Office, Kalyan, Thane, Maharashtra","NPTUNE SWARAJYA, KALYAN, THANE, महाराष्ट्र",India,MISSED_BY_BLOCKING,J_cross_script_dba,"One entity in native Indic script, other in English with different brand phrasing",Indic transliteration + consonant skeleton + address key
S1-4510501,S3,S3-789498681,Tejaksh Technologies Private Limited,#tejakshtechnologies,"C/O Randip Singh, G T Road, Goraya, Distt Jalandhar City, Jalandhar, Punjab","PB, Jalandhar, C/o Randip Singh",India,MISSED_BY_BLOCKING,B_brand_vs_parent_company,Short distinctive brand name vs multi-word parent company name,Single distinctive brand token + address door/plot number
S1-472424906,S3,S3-869369045,Foot & Ankle Associates Inc,Footanklecom,"2407 Wood Avenue, Kansas City, KS","2407 Wrod Ave, Kansas City, Kansas",US,MISSED_BY_BLOCKING,B_brand_vs_parent_company,Short distinctive brand name vs multi-word parent company name,Single distinctive brand token + address door/plot number
S1-472424906,S3,S3-386776122,Foot & Ankle Associates Inc,Zetahalo doing business as Foot & Ankle Associates Inc,"2407 Wood Avenue, Kansas City, KS","2407 Wood Avenue, Kansas City, KS",US,MISSED_BY_BLOCKING,I_legal_suffix_dominating,Lexical divergence across commercial branding,Address component intersection
S1-254440362,S3,S3-734943831,"West Surgical, Inc.","West 5udilc, Inc.","400 Holstein Street, Unit Unit 2, Bridgeport Borough, PA",,US,MISSED_BY_BLOCKING,G_empty_or_weak_address,"Address is empty or severely truncated, preventing composite address blocking",Distinctive multi-word name signature fallback (min length 10)
S1-70372721,S2,S2-88000814,Classic Care Private Limited,ಕ್ಲಾಸಿಕ್ ಕೇರ್ ಪ್ರೈವೇಟ್ ಲಿಮಿಟೆಡ್,"No. 26A, 2Nd Phase, 3Rd Main Road, 4Th Cross, Near Nttf Circle, Peenya, Bangalore, Karnataka","NO. 26A, BANGALORE, Karnataka",India,MISSED_BY_BLOCKING,J_cross_script_dba,"One entity in native Indic script, other in English with different brand phrasing",Indic transliteration + consonant skeleton + address key
S1-70372721,S3,S3-354783202,Classic Care Private Limited,ಕ್ಲಾಸಿಕ್ ಕೇರ್ ಪ್ರೈವೇಟ್ ಲಿಮಿಟೆಡ್,"No. 26A, 2Nd Phase, 3Rd Main Road, 4Th Cross, Near Nttf Circle, Peenya, Bangalore, Karnataka","ಕರ್ನಾಟಕ, Bangalore, 2Nd Phase, 3Rd Main Road, 4Th Cross, Near Nttf Circle, Peenya, Bangalore, No 6A",India,MISSED_BY_BLOCKING,J_cross_script_dba,"One entity in native Indic script, other in English with different brand phrasing",Indic transliteration + consonant skeleton + address key
S1-70372721,S2,S2-826586318,Classic Care Private Limited,ಕ್ಲಾಸಿಕ್ ಕೇರ್ ಪ್ರೈವೇಟ್ ಲಿಮಿಟೆಡ್,"No. 26A, 2Nd Phase, 3Rd Main Road, 4Th Cross, Near Nttf Circle, Peenya, Bangalore, Karnataka","NO. 26A, BANGALORE, ಕರ್ನಾಟಕ",India,MISSED_BY_BLOCKING,J_cross_script_dba,"One entity in native Indic script, other in English with different brand phrasing",Indic transliteration + consonant skeleton + address key
S1-228184372,S3,S3-901679659,New Delhi Medical Limited,New Drrshi Drrshi Medical Limited,"1014, Delhi, New Delhi, Ambadeep, 14 K.G.Marg New Delhi, New Delhi","101, Ambadeep, 14 K.g.marg New Delhi, Ghaziabad, New Delhi, DL",India,MISSED_BY_BLOCKING,I_legal_suffix_dominating,Lexical divergence across commercial branding,Address component intersection
S1-25400827,S2,S2-852672573,Prime Impex LLP,പ്രൈം ഇംപെക്സ് എൽഎൽപി,"Jbm Square, Mechengara Road, Aluva, Ernakulam, Kerala","JBM SQUARE, ALUVA, ERNAKULAM, Keralam",India,MISSED_BY_BLOCKING,J_cross_script_dba,"One entity in native Indic script, other in English with different brand phrasing",Indic transliteration + consonant skeleton + address key
S1-917630729,S2,S2-921918228,Real Infra Pvt Ltd,રિયલ ઇન્ફ્રા પ્રા. લિ.,"F 102, Hem Arcade, Dr.Yagnik Road, Rajkot, Rajkot, Gujarat","F 702, HEM ARCADE, DR.YAGNIK ROAD, RAJKOT, RAJKOT, Gujarat",India,MISSED_BY_BLOCKING,J_cross_script_dba,"One entity in native Indic script, other in English with different brand phrasing",Indic transliteration + consonant skeleton + address key
S1-976383283,S3,S3-210139553,Ram Krishna Services Private Limited,ராம் கிருஷ்ணா சர்வீசஸ் பிரைவேட் லிமிடெட்,"Flat.No.3, Banyan View, Iii Floor, New.No.39, Karpagam Garden, 1St Main Road, Adyar, Chennai, Tamil Nadu","H.no 3, N/A, Chennai, TN",India,MISSED_BY_BLOCKING,J_cross_script_dba,"One entity in native Indic script, other in English with different brand phrasing",Indic transliteration + consonant skeleton + address key
S1-574114994,S2,S2-484473077,Great Consultancy Private Limited,ಗ್ರೇಟ್ ಕನ್ಸಲ್ಟೆನ್ಸಿ ಪ್ರೈವೇಟ್ ಲಿಮಿಟೆಡ್,"No.#5, Patel Ramaiah Garden, 1St Cross Near National Gym, Kothannur, Bangalore, Karnataka","#765 NO.#5, <NULL>, BANGALORE, Karnataka",India,MISSED_BY_BLOCKING,J_cross_script_dba,"One entity in native Indic script, other in English with different brand phrasing",Indic transliteration + consonant skeleton + address key
S1-574114994,S2,S2-312991564,Great Consultancy Private Limited,ಗ್ರೇಟ್ ಕನ್ಸಲ್ಟೆನ್ಸಿ ಪ್ರೈವೇಟ್ ಲಿಮಿಟೆಡ್,"No.#5, Patel Ramaiah Garden, 1St Cross Near National Gym, Kothannur, Bangalore, Karnataka","#765 NO.#5, <NULL>, BANGALORE, Karnataka",India,MISSED_BY_BLOCKING,J_cross_script_dba,"One entity in native Indic script, other in English with different brand phrasing",Indic transliteration + consonant skeleton + address key
S1-359694049,S3,S3-564723361,Summit Complete Sachs,Summit  C0mplete,"801 Green Road, South Euclid, OH",,US,MISSED_BY_BLOCKING,G_empty_or_weak_address,"Address is empty or severely truncated, preventing composite address blocking",Distinctive multi-word name signature fallback (min length 10)
S1-64313862,S3,S3-890176700,"Northern Global Solution, LLC",Northernglobalsolution.Com,"2401 River Hills Lane, Bolingbrook, IL","River Hills Lane, Bolingbrook, Illinois",US,MISSED_BY_BLOCKING,C_website_domain_variation,Candidate name is a website/domain with unsegmented words while S1 is legal entity,Pass A: Strip TLD + token stem concatenation + address anchor
S1-25465737,S2,S2-820578719,Anand Investments Pvt Ltd,ஆனந்த் இன்வெஸ்ட்மெண்ட்ஸ் பிரைவேட் லிமிடெட்,"10Th Floor, Level 13Th, Module 4, 21/22, Olympia Cyberspace, Alandur Road, Arulaiyammanpet, Guindy, Chennai City Corporation, Chennai, Tamil Nadu","10TH FLOOR, CHENNAI CITY CORPORATION, CHENNAI, Tamil Nadu",India,MISSED_BY_BLOCKING,J_cross_script_dba,"One entity in native Indic script, other in English with different brand phrasing",Indic transliteration + consonant skeleton + address key
S1-184471161,S2,S2-976560455,One Consultancy Private Limited,One Conetslutancy Private Limited,"Maharashtra, Mumbai City, P No 45 S No 70/A/1 Sahyadri Nagar Igatpuri, Igatpuri",,India,MISSED_BY_BLOCKING,G_empty_or_weak_address,"Address is empty or severely truncated, preventing composite address blocking",Distinctive multi-word name signature fallback (min length 10)
S1-184471161,S2,S2-637502146,One Consultancy Private Limited,वन कंसल्टेंसी प्राइवेट लिमिटेड,"Maharashtra, Mumbai City, P No 45 S No 70/A/1 Sahyadri Nagar Igatpuri, Igatpuri","P NO 45 S NO 70/A/1 SAHYADRI NAGAR IGATPURI, IGATPURI, MUMBAI CITY, Maharashtra",India,MISSED_BY_BLOCKING,J_cross_script_dba,"One entity in native Indic script, other in English with different brand phrasing",Indic transliteration + consonant skeleton + address key
S1-149712262,S3,S3-449698071,"Blue Galata, LLC","Blue  Galaa, LLC","4123 Beland Avenue, Unit A, City Of Wilson, NC","Beland Ave, Wilson, North Carolina",US,MISSED_BY_BLOCKING,I_legal_suffix_dominating,Lexical divergence across commercial branding,Address component intersection
S1-984191565,S3,S3-387674626,Primary Care Health Corp,Primary Cf Health Corp,"2244 Preacher Davis Road, NC, Haw River","224 Preacher Davis Road, Haw River, North Carolina",US,MISSED_BY_BLOCKING,I_legal_suffix_dominating,Lexical divergence across commercial branding,Address component intersection
S1-331299685,S3,S3-727567613,Pay Services Pvt Ltd,Pvt Pay Services Ltd,"C/O Ajit Singh, Village Hussainpur, Harish Nagar Colony, Kapurthala, Punjab","Village Hussainpur, Harish Nagar Colony, C/o Ajit Singh, ਪੰਜਾਬ, Kapurthala",India,MISSED_BY_BLOCKING,I_legal_suffix_dominating,Lexical divergence across commercial branding,Address component intersection
S1-378748289,S3,S3-347864654,New Impex Private Limited,நியூ இம்பெக்ஸ் பிரைவேட் லிமிடெட்,"Vrb Agencies House, 891-C, First Floor, Vardhman Complex, Raja Street, Coimbatore, Tamil Nadu","Vrb Agencies House, Raja Street, தமிழ்நாடு",India,MISSED_BY_BLOCKING,J_cross_script_dba,"One entity in native Indic script, other in English with different brand phrasing",Indic transliteration + consonant skeleton + address key
S1-378748289,S2,S2-821598055,New Impex Private Limited,நியூ இம்பெக்ஸ் பிரைவேட் லிமிடெட்,"Vrb Agencies House, 891-C, First Floor, Vardhman Complex, Raja Street, Coimbatore, Tamil Nadu","VRB AGENCIES HOUSE, RAJA STREET, COIMBATORE, தமிழ்நாடு",India,MISSED_BY_BLOCKING,J_cross_script_dba,"One entity in native Indic script, other in English with different brand phrasing",Indic transliteration + consonant skeleton + address key
S1-378748289,S3,S3-603856090,New Impex Private Limited,நியூ இம்பெக்ஸ் பிரைவேட் லிமிடெட்,"Vrb Agencies House, 891-C, First Floor, Vardhman Complex, Raja Street, Coimbatore, Tamil Nadu","Vrb Agencis House, Coimbatore, TN",India,MISSED_BY_BLOCKING,J_cross_script_dba,"One entity in native Indic script, other in English with different brand phrasing",Indic transliteration + consonant skeleton + address key
S1-378748289,S3,S3-712322900,New Impex Private Limited,நியூ இம்பெக்ஸ் பிரைவேட் லிமிடெட்,"Vrb Agencies House, 891-C, First Floor, Vardhman Complex, Raja Street, Coimbatore, Tamil Nadu","Vrb Agencies House, Raja Street, Coimbatore, TN",India,MISSED_BY_BLOCKING,J_cross_script_dba,"One entity in native Indic script, other in English with different brand phrasing",Indic transliteration + consonant skeleton + address key
S1-378748289,S3,S3-764831996,New Impex Private Limited,நியூ இம்பெக்ஸ் பிரைவேட் லிமிடெட்,"Vrb Agencies House, 891-C, First Floor, Vardhman Complex, Raja Street, Coimbatore, Tamil Nadu","Vrb Agencies House, Coimbatore, தமிழ்நாடு",India,MISSED_BY_BLOCKING,J_cross_script_dba,"One entity in native Indic script, other in English with different brand phrasing",Indic transliteration + consonant skeleton + address key
S1-249124616,S3,S3-9585535,North Producer Private Limited,नॉर्थ प्रोड्यूसर प्राइवेट लिमिटेड,"H No 151 Ganpati Galli Waluj, Aurangabad, Maharashtra","MH, Aurangabad, #1-51 Ganpati Galli Waluj",India,MISSED_BY_BLOCKING,J_cross_script_dba,"One entity in native Indic script, other in English with different brand phrasing",Indic transliteration + consonant skeleton + address key
S1-595584379,S2,S2-90794520,Pediatric Continental Associates LLC,Pediatric Associates LLC Center,"1208 Stafford Road, Darlington, MD",,US,MISSED_BY_BLOCKING,G_empty_or_weak_address,"Address is empty or severely truncated, preventing composite address blocking",Distinctive multi-word name signature fallback (min length 10)
S1-950031879,S3,S3-109864996,AQ Engineers Pvt. Ltd.,AQ Pvt Ltd Service,"H.No.6-3-1112 Somjiguda, Greenlands Road, Hyderabad, Telangana","Somjiguda, Greenlands Road, Hyderabad, TG",India,MISSED_BY_BLOCKING,I_legal_suffix_dominating,Lexical divergence across commercial branding,Address component intersection
S1-77028595,S3,S3-953770902,Shiv Energy Private Limited,M/s Fluxonyx,"313/12/1, 2Nd Floor, Above Icici Bank Khun Khun Ji Road, Near Munnu Lal Dharmsh, Ala, Chowk, Lucknow, Uttar Pradesh","313/12/1, Lucknow, UP",India,MISSED_BY_BLOCKING,I_legal_suffix_dominating,Lexical divergence across commercial branding,Address component intersection
S1-445941109,S2,S2-364329044,Black Logistics Limited,ब्लैक लॉजिस्टिक्स लिमिटेड,"Haryana, C/Oraj Rani, Kurukshetra, Shop No63, Near Sangam Palace Professorcolony, Ambala Road, Teh-Pehowa","HN 52 C/ORAJ RANI, SHOP NO63, NEAR SANGAM PALACE PROFESSORCOLONY, AMBALA ROAD, TEH-PEHOWA, KURUKSHETRA, Haryana",India,MISSED_BY_BLOCKING,J_cross_script_dba,"One entity in native Indic script, other in English with different brand phrasing",Indic transliteration + consonant skeleton + address key
S1-445941109,S2,S2-452480917,Black Logistics Limited,ब्लैक लॉजिस्टिक्स लिमिटेड,"Haryana, C/Oraj Rani, Kurukshetra, Shop No63, Near Sangam Palace Professorcolony, Ambala Road, Teh-Pehowa","HN 52 C/ORAJ RANI, KURUKSHETRA, हरियाणा",India,MISSED_BY_BLOCKING,J_cross_script_dba,"One entity in native Indic script, other in English with different brand phrasing",Indic transliteration + consonant skeleton + address key
S1-445941109,S3,S3-257163653,Black Logistics Limited,ब्लैक लॉजिस्टिक्स लिमिटेड,"Haryana, C/Oraj Rani, Kurukshetra, Shop No63, Near Sangam Palace Professorcolony, Ambala Road, Teh-Pehowa","C/oraj Rani, Kurukshetra, हरियाणा, Kurukshetra",India,MISSED_BY_BLOCKING,J_cross_script_dba,"One entity in native Indic script, other in English with different brand phrasing",Indic transliteration + consonant skeleton + address key
S1-950028092,S3,S3-188402099,Khazana (India) India Ltd,Khazanaindiaindia.Com,"227/2 Songaon, S Nimb, Satara, Maharashtra","#227/2 Sonaon, Satara, MH",India,MISSED_BY_BLOCKING,C_website_domain_variation,Candidate name is a website/domain with unsegmented words while S1 is legal entity,Pass A: Strip TLD + token stem concatenation + address anchor
S1-589097396,S2,S2-546624060,Plumbers Union Local No 697,PLUMBERSUNIONLOCALCOM,"Buda, 596 Loop 4, Unit STE 503, TX","BUDA CITY, ##596 Loop 4, TX",US,MISSED_BY_BLOCKING,B_brand_vs_parent_company,Short distinctive brand name vs multi-word parent company name,Single distinctive brand token + address door/plot number
S1-663819576,S2,S2-92209075,Shree & Sons Center,Shree & Enterprises,"Suresh Chandra Johri Qrts, 121-C Mig Na, New Delhi, West Delhi, Delhi",,India,MISSED_BY_BLOCKING,G_empty_or_weak_address,"Address is empty or severely truncated, preventing composite address blocking",Distinctive multi-word name signature fallback (min length 10)
S1-997025290,S3,S3-712668333,First Industries Private Limited,M/s 1st Industries Private Limited,"Shop No 1, Thane, Maharashtra, Navi Mumbai, Sukhkarta C.H.S.Plot No - 30, Sector - 42, Seawoods ( West ), Nerul.","No 1, Navi Mumbai, New Bombay, महाराष्ट्र",India,MISSED_BY_BLOCKING,I_legal_suffix_dominating,Lexical divergence across commercial branding,Address component intersection
S1-974407259,S2,S2-986577014,Kishori & Co,Shri Kihhori & & Co,"No.64, Lakshmi Nagar Thozhur, Tiruvallur, Thiruvallur, Tamil Nadu","NO.64, THIRUVALLUR, Tamil Nadu",India,MISSED_BY_BLOCKING,I_legal_suffix_dominating,Lexical divergence across commercial branding,Address component intersection
S1-974407259,S3,S3-692179188,Kishori & Co,Kieisr  & Co,"No.64, Lakshmi Nagar Thozhur, Tiruvallur, Thiruvallur, Tamil Nadu","No.64, Tiruvallur, Thiruvallur, TN",India,MISSED_BY_BLOCKING,I_legal_suffix_dominating,Lexical divergence across commercial branding,Address component intersection
S1-682304780,S2,S2-150379129,Anand Engineering Limited,आनंद इंजीनियरिंग लिमिटेड,"M/S Lamifab & Papers Pvt Ltd Plot No A14/2 Midc Area, Chikalthana, Aurangabad, Maharashtra","Maharashtra, CHHATRAPATI SAMBHAJI NAGAR, M/S LAMIFAB & PAPERS PVT LTD PLOT NO A14/2 MIDC AREA, AURANGABAD",India,MISSED_BY_BLOCKING,J_cross_script_dba,"One entity in native Indic script, other in English with different brand phrasing",Indic transliteration + consonant skeleton + address key
S1-323045365,S2,S2-480278855,Future Food Private Limited,फ्यूचर फूड प्राइवेट लिमिटेड,"B-9, A, Industrial Estate, Pologround, Indore M.P., Madhya Pradesh","B-9, INDORE M.P., मध्य प्रदेश",India,MISSED_BY_BLOCKING,J_cross_script_dba,"One entity in native Indic script, other in English with different brand phrasing",Indic transliteration + consonant skeleton + address key
S1-418501236,S2,S2-395711364,International Food Private Limited,इंटरनेशनल फूड प्राइवेट लिमिटेड,"745 Ram Bhavan Room No 52Nd Floor Jehangir Vima Dalal Road Parsi Colony, Mumbai, Maharashtra","7-45 RAM BHAVAN ROOM NO 52ND FLOOR JEHANGIR VIMA DALAL ROAD PARSI COLONY, MUMBAI, Maharashtra",India,MISSED_BY_BLOCKING,J_cross_script_dba,"One entity in native Indic script, other in English with different brand phrasing",Indic transliteration + consonant skeleton + address key
S1-421719190,S3,S3-606362112,Vision Impex Private Limited,विजन इम्पेक्स प्राइवेट लिमिटेड,"Gala No I-23, The Broadway Premises Co-Op Society, Dr. Ambedkar Road, Dadar (E), Mumbai, Mumbai City, Maharashtra","Mumbai City, Mumbai, महाराष्ट्र, Gala No I-23/3, NULL",India,MISSED_BY_BLOCKING,J_cross_script_dba,"One entity in native Indic script, other in English with different brand phrasing",Indic transliteration + consonant skeleton + address key
S1-93990641,S3,S3-918235209,Good Trading Private Limited,குட் டிரேடிங் பிரைவேட் லிமிடெட்,"New No.12, Old No.47, C.I.T. Colony, First Main Road Mylapore, Chennai, Tamil Nadu","12, Chennai, TN",India,MISSED_BY_BLOCKING,J_cross_script_dba,"One entity in native Indic script, other in English with different brand phrasing",Indic transliteration + consonant skeleton + address key
S1-681797555,S3,S3-507600973,Silver Industries Pvt Ltd,Silver Idcrscies Pvt Ltd,"B-2402, Sai Pride, Sector 18, Sanpada Palm Beach Road, Vashi, Navi Mumbai, Raigarh, Maharashtra",,India,MISSED_BY_BLOCKING,G_empty_or_weak_address,"Address is empty or severely truncated, preventing composite address blocking",Distinctive multi-word name signature fallback (min length 10)
S1-681797555,S2,S2-534427294,Silver Industries Pvt Ltd,सिल्वर इंडस्ट्रीज प्रा. लि.,"B-2402, Sai Pride, Sector 18, Sanpada Palm Beach Road, Vashi, Navi Mumbai, Raigarh, Maharashtra","Maharashtra, NAVI MUMBAI, DOOR NO 668 B-2402, RAIGARH",India,MISSED_BY_BLOCKING,J_cross_script_dba,"One entity in native Indic script, other in English with different brand phrasing",Indic transliteration + consonant skeleton + address key
S1-207180248,S3,S3-541840496,Ventures LLC,Ventures LLC Center,"1539 66th Place, Tulsa, OK","66rd Pl, Tulsa, Oklahoma",US,MISSED_BY_BLOCKING,I_legal_suffix_dominating,Lexical divergence across commercial branding,Address component intersection
S1-123749800,S3,S3-826839646,Lotus Builders Pvt Ltd,blotus.com,"1, Sea Side Appartment, Chamber Road, Mumbai, Maharashtra","1, Bombay, Mumbai, महाराष्ट्र",India,MISSED_BY_BLOCKING,C_website_domain_variation,Candidate name is a website/domain with unsegmented words while S1 is legal entity,Pass A: Strip TLD + token stem concatenation + address anchor
S1-495177163,S2,S2-982912460,High Projects Pvt Ltd,हाई प्रोजेक्ट्स प्रा. लि.,"Ghaziabad, Shop No.F-25, Uttar Pradesh, First Floor, The Hemisphere Royal Golf, Noida","SHOP NO.F-25, FIRST FLOOR, THE HEMISPHERE ROYAL GOLF, NOIDA, GHAZIABAD, Uttar Pradesh",India,MISSED_BY_BLOCKING,J_cross_script_dba,"One entity in native Indic script, other in English with different brand phrasing",Indic transliteration + consonant skeleton + address key
S1-952898857,S2,S2-132949056,Shivam Global Private Limited,शिवम ग्लोबल प्राइवेट लिमिटेड,"H.No 1311 Urban Estate, Jind, Haryana","#311 URBAN ESTATE, JIND, हरियाणा",India,MISSED_BY_BLOCKING,J_cross_script_dba,"One entity in native Indic script, other in English with different brand phrasing",Indic transliteration + consonant skeleton + address key
S1-174171861,S3,S3-494163345,123 Cohen P.C.,123 P.C. Center,"UT, 6001 Carnelian Parkway, St George City",,US,MISSED_BY_BLOCKING,G_empty_or_weak_address,"Address is empty or severely truncated, preventing composite address blocking",Distinctive multi-word name signature fallback (min length 10)
S1-582613007,S3,S3-774981419,Food Nursing Home,Umbrazeta Sys,"Survey No. 477 & 489, No. 99, Papparambakkam Village, Thiruvallur, Tamil Nadu","Tamil Nadu, No. 99, Thiruvallur, Papparambakkam Village, Survey No. 477 & 489",India,MISSED_BY_BLOCKING,F_missing_business_name_tokens,Address matches strongly but business names have disparate commercial branding,High-precision address anchor (plot number + 2 distinctive street words)
S1-254283540,S2,S2-51008072,Tech Business Pvt Ltd,टेक बिजनेस प्रा. लि.,"House No 2079, E Ward, Sangita Bldg, 14Th Lane, Karvir, Kolhapur, Maharashtra","Maharashtra, SOLAPUR, KARVIR, HOUSE NO C-2079, E WARD, SANGITA BLDG, 14TH LANE",India,MISSED_BY_BLOCKING,J_cross_script_dba,"One entity in native Indic script, other in English with different brand phrasing",Indic transliteration + consonant skeleton + address key
S1-254283540,S3,S3-604936310,Tech Business Pvt Ltd,Tech Business  Pvt,"House No 2079, E Ward, Sangita Bldg, 14Th Lane, Karvir, Kolhapur, Maharashtra",,India,MISSED_BY_BLOCKING,G_empty_or_weak_address,"Address is empty or severely truncated, preventing composite address blocking",Distinctive multi-word name signature fallback (min length 10)
S1-298473696,S3,S3-207011187,Inox Seva Samiti Center,inoxsevasamiti.com #51817,"Juggi No 272 1St Floor, Dayabasti Rama Roadzakira, Delhi, North West Delhi, Delhi","Plot 785 Juggi No 272 1St Floor, Delhi, North West Delhi, DL",India,MISSED_BY_BLOCKING,C_website_domain_variation,Candidate name is a website/domain with unsegmented words while S1 is legal entity,Pass A: Strip TLD + token stem concatenation + address anchor
S1-509378838,S3,S3-578751912,Baba Logistics Private Limited,बाबा लॉजिस्टिक्स प्राइवेट लिमिटेड,"26, Siddharth Nagar Shyam Nagar, Kanpur, Uttar Pradesh","26, Kanpur Dehat, UP",India,MISSED_BY_BLOCKING,J_cross_script_dba,"One entity in native Indic script, other in English with different brand phrasing",Indic transliteration + consonant skeleton + address key
S1-509378838,S3,S3-455489434,Baba Logistics Private Limited,बाबा लॉजिस्टिक्स प्राइवेट लिमिटेड,"26, Siddharth Nagar Shyam Nagar, Kanpur, Uttar Pradesh","26, Kanpur, Fatehpur, UP",India,MISSED_BY_BLOCKING,J_cross_script_dba,"One entity in native Indic script, other in English with different brand phrasing",Indic transliteration + consonant skeleton + address key
S1-509378838,S2,S2-323423497,Baba Logistics Private Limited,बाबा लॉजिस्टिक्स प्राइवेट लिमिटेड,"26, Siddharth Nagar Shyam Nagar, Kanpur, Uttar Pradesh","26, KANPUR, Uttar Pradesh",India,MISSED_BY_BLOCKING,J_cross_script_dba,"One entity in native Indic script, other in English with different brand phrasing",Indic transliteration + consonant skeleton + address key
S1-296560554,S2,S2-916980707,First Cloud Group,FIRST COUD  GROUP,"407 Fleming Street, Columbia, TN","07 Fleming St, COLUBIA, TN",US,MISSED_BY_BLOCKING,I_legal_suffix_dominating,Lexical divergence across commercial branding,Address component intersection
S1-296560554,S2,S2-669369671,First Cloud Group,FIRST CFOSSD GROUP,"407 Fleming Street, Columbia, TN","07 FLEMING ST, COLUBIA, TN",US,MISSED_BY_BLOCKING,I_legal_suffix_dominating,Lexical divergence across commercial branding,Address component intersection
S1-846163628,S2,S2-724782380,Aili Zhang Signature Concord,MIRAIRIONYX,"2602 M Street, Belleville, KS","M STREET, BELLEVILLE, KS",US,MISSED_BY_BLOCKING,B_brand_vs_parent_company,Short distinctive brand name vs multi-word parent company name,Single distinctive brand token + address door/plot number
S1-91416530,S3,S3-809283061,Life Logistics Limited,लाइफ लॉजिस्टिक्स लिमिटेड,"Jodhpur, Rajasthan, Jodhpur, 38 Digvijay Nagar 0Pp.Gulab Nagar Pal Road Khema Ka Kua","#38 Digvijay Nagar 0Pp.Gulib Nagar Pal Road Khema Ka Kua, Sikar, Jodhpur, RJ",India,MISSED_BY_BLOCKING,J_cross_script_dba,"One entity in native Indic script, other in English with different brand phrasing",Indic transliteration + consonant skeleton + address key
S1-91416530,S3,S3-856238143,Life Logistics Limited,लाइफ लॉजिस्टिक्स लिमिटेड,"Jodhpur, Rajasthan, Jodhpur, 38 Digvijay Nagar 0Pp.Gulab Nagar Pal Road Khema Ka Kua","38 Digvijay Nagar 0Pp.Gulab Nagar Pal Road Khema Ka Kua, Sikar, Jodhpur, RJ",India,MISSED_BY_BLOCKING,J_cross_script_dba,"One entity in native Indic script, other in English with different brand phrasing",Indic transliteration + consonant skeleton + address key
S1-66645690,S3,S3-108342955,Fight Trade (India) Private Limited,Cálomirabrix,"Gorakhpur, Vashundhara Complex, Gorakhpur, Uttar Pradesh, 2Nd Floor Near Sarwang Hospital, Betiahata","Vashundhara Complex, 2Nd Floor Near Sarwang Hospital, Betiahata, Gorakhpur, उत्तर प्रदेश",India,MISSED_BY_BLOCKING,A_dba_vs_legal_entity,DBA keyword present separating trade brand from legal parent,Explicit DBA token splitting + alias indexing
S1-58097271,S3,S3-556494260,"Physical Therapy Express Partners, Inc.","Physical Tahy Express Partners, Inc.","10225 39, Middlesex, NC","North Carolina, 10225 39, Middlesex",US,MISSED_BY_BLOCKING,I_legal_suffix_dominating,Lexical divergence across commercial branding,Address component intersection
S1-58097271,S2,S2-50565759,"Physical Therapy Express Partners, Inc.","Inc. Physical Teapy Express Partners,","10225 39, Middlesex, NC","MIDDLESEX, 10225 39, NC",US,MISSED_BY_BLOCKING,I_legal_suffix_dominating,Lexical divergence across commercial branding,Address component intersection
S1-525970796,S2,S2-318943995,Sai Tech Private Limited,Sai Tech प्राइवेट लिमिटेड,"Delhi, New Delhi, Shop No. 39, New Delhi, C.S.C-8 Sector 8, Rohini",,India,MISSED_BY_BLOCKING,J_cross_script_dba,"One entity in native Indic script, other in English with different brand phrasing",Indic transliteration + consonant skeleton + address key
S1-525970796,S3,S3-148850107,Sai Tech Private Limited,Dr Sai Tech Private,"Delhi, New Delhi, Shop No. 39, New Delhi, C.S.C-8 Sector 8, Rohini",,India,MISSED_BY_BLOCKING,G_empty_or_weak_address,"Address is empty or severely truncated, preventing composite address blocking",Distinctive multi-word name signature fallback (min length 10)
S1-529016248,S2,S2-839563753,Pediatric Dental Specialists,pediatricdentalspecialists.com,"16 Breary Avenue, Unit Apartment H31, Sanford, ME","16 BREARY AVE, SANFORD, ME",US,MISSED_BY_BLOCKING,C_website_domain_variation,Candidate name is a website/domain with unsegmented words while S1 is legal entity,Pass A: Strip TLD + token stem concatenation + address anchor
S1-329253583,S3,S3-329755813,Jbj Legal Private Limited,Jbj Lega1 Prifvhet Limited,"A-906 Manibhadra Avenue, Bldg No-2 Yashwant Gaurav, Vasai, Thane, Maharashtra",,India,MISSED_BY_BLOCKING,G_empty_or_weak_address,"Address is empty or severely truncated, preventing composite address blocking",Distinctive multi-word name signature fallback (min length 10)
S1-588616114,S2,S2-558843825,Lucky Book Store LLC,luckybookstore.com,"1001 Central Entrance, Duluth, MN","##1001 CENTRAL ENTRANCE, DULUTH, MN",US,MISSED_BY_BLOCKING,C_website_domain_variation,Candidate name is a website/domain with unsegmented words while S1 is legal entity,Pass A: Strip TLD + token stem concatenation + address anchor
S1-930681701,S3,S3-715921490,Lakshmi City Technologies Pvt Ltd,லட்சுமி சிட்டி டெக்னாலஜீஸ் பிரைவேட் லிமிடெட்,"Plot No 434, C1, Ground Floor, 23 Rd Street, Asthalakshmi Nagar, Alapakkam, Porur, Chennai, Tamil Nadu","No 434, Chennai, தமிழ்நாடு",India,MISSED_BY_BLOCKING,J_cross_script_dba,"One entity in native Indic script, other in English with different brand phrasing",Indic transliteration + consonant skeleton + address key
S1-124537839,S2,S2-320411308,Surya Real Projects Private Limited,ସୂର୍ଯ୍ୟ ରିଅଲ୍ ପ୍ରୋଜେକ୍ଟସ୍ ପ୍ରାଇଭେଟ୍ ଲିମିଟେଡ୍,"G.A. Plot No-19, Goutam Nagar, Bhubaneswar, Khordha, Orissa","G.A. PLOT NO-18, KHORDHA, BHUBANESWAR, GOUTAM NAGAR, Odisha",India,MISSED_BY_BLOCKING,J_cross_script_dba,"One entity in native Indic script, other in English with different brand phrasing",Indic transliteration + consonant skeleton + address key
S1-124537839,S2,S2-488317325,Surya Real Projects Private Limited,5urya Rea1 Projects  Private Limited,"G.A. Plot No-19, Goutam Nagar, Bhubaneswar, Khordha, Orissa","G.A. PLOT NO-18, BHUBANESWAR, KHORDHA, ଓଡ଼ିଶା",India,MISSED_BY_BLOCKING,I_legal_suffix_dominating,Lexical divergence across commercial branding,Address component intersection
S1-124537839,S2,S2-741503104,Surya Real Projects Private Limited,ସୂର୍ଯ୍ୟ ରିଅଲ୍ ପ୍ରୋଜେକ୍ଟସ୍ ପ୍ରାଇଭେଟ୍ ଲିମିଟେଡ୍,"G.A. Plot No-19, Goutam Nagar, Bhubaneswar, Khordha, Orissa","G.A. PLOT NO-18, GOUTAM NAGAR, BHUBANESWAR, KHORDHA, Odisha",India,MISSED_BY_BLOCKING,J_cross_script_dba,"One entity in native Indic script, other in English with different brand phrasing",Indic transliteration + consonant skeleton + address key
S1-697722850,S2,S2-576527504,Royal Educational Society Company,royaleducationalsociety.com,"Premise 150, Holding 310, Gorakshabasi Road, Dumdum, Kolkata, Kolkata, Howrah, West Bengal","#63 PREMISE 150, HOLDING 310, GORAKSHABASI ROAD, DUMDUM, KOLKATA, KOLKATA, West Bengal",India,MISSED_BY_BLOCKING,C_website_domain_variation,Candidate name is a website/domain with unsegmented words while S1 is legal entity,Pass A: Strip TLD + token stem concatenation + address anchor
S1-99560436,S2,S2-229759815,Ear Nose & Throat Medicine LLC,Ear Medicine & Throat Nose LLC,"703 Beacon Court, Montgomery Township, PA","703 BEACON CT, MONTGOMERY TOWNSHIP, PA",US,MISSED_BY_BLOCKING,I_legal_suffix_dominating,Lexical divergence across commercial branding,Address component intersection
S1-99560436,S3,S3-889312697,Ear Nose & Throat Medicine LLC,Ear & Throat Medicine LLC Center,"703 Beacon Court, Montgomery Township, PA",,US,MISSED_BY_BLOCKING,G_empty_or_weak_address,"Address is empty or severely truncated, preventing composite address blocking",Distinctive multi-word name signature fallback (min length 10)
S1-99560436,S3,S3-201091181,Ear Nose & Throat Medicine LLC,Ear Ne & Throat Medicine LLC,"703 Beacon Court, Montgomery Township, PA","70 Beacon Court, Montgomery Township, Pennsylvania",US,MISSED_BY_BLOCKING,I_legal_suffix_dominating,Lexical divergence across commercial branding,Address component intersection
S1-99560436,S2,S2-161239005,Ear Nose & Throat Medicine LLC,earnosethroat.com,"703 Beacon Court, Montgomery Township, PA","BEACON CT, LANSDALE, PA",US,MISSED_BY_BLOCKING,C_website_domain_variation,Candidate name is a website/domain with unsegmented words while S1 is legal entity,Pass A: Strip TLD + token stem concatenation + address anchor
S1-902079321,S2,S2-675379418,Axiom (India) Management Private Limited,Dr AXlOM (INDIA) MANAGEMENT,"B-7, Vikas Colony, Patiala, Punjab","B-5, PATIALA, Punjab",India,MISSED_BY_BLOCKING,I_legal_suffix_dominating,Lexical divergence across commercial branding,Address component intersection
S1-917056554,S2,S2-430222737,Physical Therapy Better Center LLC,Physica1 Therapy Better Center LLC,"1013 Villa Drive, Evansville, IN","101 Villa Dr, EVANSVILLE, IN",US,MISSED_BY_BLOCKING,I_legal_suffix_dominating,Lexical divergence across commercial branding,Address component intersection
S1-815768261,S3,S3-974510078,Clean Automation Holdings,Clean Autnamrthion [Holdings],"718 Torrington Drive, Naperville, IL","71 Torrington Dr, Naperville, Illinois",US,MISSED_BY_BLOCKING,I_legal_suffix_dominating,Lexical divergence across commercial branding,Address component intersection
S1-380986625,S2,S2-95289513,Shyam Energy Pvt Ltd,श्याम एनर्जी प्रा. लि.,"Marwadi Wadij D Ambedkar Marg Parel Village, Mumbai, Maharashtra","MUMBAI, MARWADI WADIJ D AMBEDKAR MARG PAREL VILLAGE, MUMBAI, महाराष्ट्र",India,MISSED_BY_BLOCKING,J_cross_script_dba,"One entity in native Indic script, other in English with different brand phrasing",Indic transliteration + consonant skeleton + address key
S1-858824786,S2,S2-328961456,First Energy Private Limited,फर्स्ट एनर्जी प्राइवेट लिमिटेड,"Flat7 Sno.15/2, Akshay Park Bld, Aundh Rd, Thergaon, Pune, Maharashtra","PUNE, FLAT7 SNO.15/2, Maharashtra",India,MISSED_BY_BLOCKING,J_cross_script_dba,"One entity in native Indic script, other in English with different brand phrasing",Indic transliteration + consonant skeleton + address key
S1-249500264,S2,S2-333993769,Cosmic Seva Samiti Co,cosmicsevasamiti.com | www.cosmicseva.com,"Chennai, Vaikasi, Stcmr Stage Ii, Tamil Nadu, 46, Chennai City Corporation","46, VAIKASI, STCMR STAGE II, CHENNAI CITY CORPORATION, Tamil Nadu",India,MISSED_BY_BLOCKING,C_website_domain_variation,Candidate name is a website/domain with unsegmented words while S1 is legal entity,Pass A: Strip TLD + token stem concatenation + address anchor
S1-276904317,S3,S3-411628767,Wingo Animal Hospital Inc,Evoyuma,"16460 Partrich Blackburn Road, AL, Unit LOT 38B, Buhl","Alabama, 16460 Partrich Blackburn Road, # LOT 38B, Buhl",US,MISSED_BY_BLOCKING,B_brand_vs_parent_company,Short distinctive brand name vs multi-word parent company name,Single distinctive brand token + address door/plot number
S1-786130365,S3,S3-289355501,Alpha Technologies Pvt Ltd,Shri alphatechnologies.com,"Plot No.10, Local Shopping Complex, Sector B Pocket-7, Vasant Kunj, New Delhi, South Delhi, Delhi","New Delhi, South Delhi, दिल्ली, #10",India,MISSED_BY_BLOCKING,C_website_domain_variation,Candidate name is a website/domain with unsegmented words while S1 is legal entity,Pass A: Strip TLD + token stem concatenation + address anchor
S1-266544063,S2,S2-628958120,Gujarat Food LLP,गुजरात फूड एलएलपी,"Tigrania House, Opp. Mseb Sub Station Tigrania Nagar, Nashik, Maharashtra","TIGRANIA HOUSE, NASHIK, महाराष्ट्र",India,MISSED_BY_BLOCKING,J_cross_script_dba,"One entity in native Indic script, other in English with different brand phrasing",Indic transliteration + consonant skeleton + address key
S1-266544063,S2,S2-133460267,Gujarat Food LLP,गुजरात फूड एलएलपी,"Tigrania House, Opp. Mseb Sub Station Tigrania Nagar, Nashik, Maharashtra","TIGRANIA HOUSE, NASHIK, महाराष्ट्र",India,MISSED_BY_BLOCKING,J_cross_script_dba,"One entity in native Indic script, other in English with different brand phrasing",Indic transliteration + consonant skeleton + address key
S1-998603783,S3,S3-323805796,Right & Co,Dr Right & Có,"Flat No. 301, Abhilash Co Op Housing Society, Plot No 25, Near Jimmy Tower, Sec-17, Kopa, Rkhairane, Navi Mumbai, Thane, Maharashtra","Navi Mumbai, MH, H.no 101, Thane",India,MISSED_BY_BLOCKING,I_legal_suffix_dominating,Lexical divergence across commercial branding,Address component intersection
S1-573137025,S3,S3-43489942,Surya Healthcare Private Limited,सूर्य हेल्थकेयर प्राइवेट लिमिटेड,"4Th, 6/77 Wea Karol Bagh, New Delhi, Central Delhi, Delhi","4Th, New Delhi, Central Delhi, DL",India,MISSED_BY_BLOCKING,J_cross_script_dba,"One entity in native Indic script, other in English with different brand phrasing",Indic transliteration + consonant skeleton + address key
S1-573137025,S2,S2-98496858,Surya Healthcare Private Limited,सूर्य हेल्थकेयर प्राइवेट लिमिटेड,"4Th, 6/77 Wea Karol Bagh, New Delhi, Central Delhi, Delhi","##4TH, DELHI",India,MISSED_BY_BLOCKING,J_cross_script_dba,"One entity in native Indic script, other in English with different brand phrasing",Indic transliteration + consonant skeleton + address key
S1-759513870,S2,S2-464637188,Nixa Literacy Association,nixaliteracyassociation.com,"874 Celtic Court, Nixa, MO","CELTIC CT, NIXA, MO",US,MISSED_BY_BLOCKING,C_website_domain_variation,Candidate name is a website/domain with unsegmented words while S1 is legal entity,Pass A: Strip TLD + token stem concatenation + address anchor
S1-369779168,S3,S3-99716494,Gulf Highland Bold LLC,gulfhighlandbold.com,"1340 Main Street, Grapevine, TX","Main St, Grapevvine, Texas",US,MISSED_BY_BLOCKING,C_website_domain_variation,Candidate name is a website/domain with unsegmented words while S1 is legal entity,Pass A: Strip TLD + token stem concatenation + address anchor
S1-737250181,S2,S2-304461331,Shakti Tech,शक्ति टेक,"C/O Subhadra Mishra, Flat No.212, D-2, Vaishali, Building, Surendra Palace, Bhopal, Madhya Pradesh","C/O SUBHADRA MISHRA, BHOPAL, Madhya Pradesh",India,MISSED_BY_BLOCKING,J_cross_script_dba,"One entity in native Indic script, other in English with different brand phrasing",Indic transliteration + consonant skeleton + address key
S1-193928185,S2,S2-278233591,Eastern Consultants,ईस्टर्न कंसल्टेंट्स,"Plot No 259, Ground Floor, Pkt-B, Sector-4, Dsiidc Bawana Industrial Area, Delhi, West Delhi, Delhi","DOOR NO 259, DELHI, WEST DELHI, Delhi",India,MISSED_BY_BLOCKING,J_cross_script_dba,"One entity in native Indic script, other in English with different brand phrasing",Indic transliteration + consonant skeleton + address key
S1-193928185,S3,S3-20160290,Eastern Consultants,ईस्टर्न कंसल्टेंट्स,"Plot No 259, Ground Floor, Pkt-B, Sector-4, Dsiidc Bawana Industrial Area, Delhi, West Delhi, Delhi","Plot No 259, Delhi, West Delhi, DL",India,MISSED_BY_BLOCKING,J_cross_script_dba,"One entity in native Indic script, other in English with different brand phrasing",Indic transliteration + consonant skeleton + address key
S1-939864289,S3,S3-583694572,Straight Edge Cleaning Service P.C.,5traight Edge Cléaning Service P.C.,"9372 Roadrunner Street, Highlands Ranch, CO","9372 Roadrunner Saint, Highlands Ranch, Colorado",US,MISSED_BY_BLOCKING,I_legal_suffix_dominating,Lexical divergence across commercial branding,Address component intersection
S1-614224002,S2,S2-622739439,Premier Blue Logistics Pvt Ltd,प्रीमियर ब्लू लॉजिस्टिक्स प्रा. लि.,"Fl No B-101 Shivanand Gardens Sno 38/1 Alaknanda Kothrud, Pune, Maharashtra","POONA, PUNE, BLOCK E-190 FL NO B-101 SHIVANAND GARDENS SNO 38/1 ALAKNANDA KOTHRUD, Maharashtra",India,MISSED_BY_BLOCKING,J_cross_script_dba,"One entity in native Indic script, other in English with different brand phrasing",Indic transliteration + consonant skeleton + address key
S1-29798477,S2,S2-394164692,Raus Equity Partners Inc,#rausequity,"268 Patrick Road, Ephrata, WA","EPHRATA, 268 PATRICK RD, WA",US,MISSED_BY_BLOCKING,B_brand_vs_parent_company,Short distinctive brand name vs multi-word parent company name,Single distinctive brand token + address door/plot number
S1-864038052,S3,S3-566812966,Main Street Nails!,#máinstreet - 4212066233,"23809 Devonfield Lane, Daphne, AL","23809 Devonfield Lane, Daphne, Alabama",US,MISSED_BY_BLOCKING,I_legal_suffix_dominating,Lexical divergence across commercial branding,Address component intersection
S1-523632949,S2,S2-658153348,Amrut Group of Companies Ltd,ACOMPANIES.COM,"Madhya Pradesh, Indore, 226 - Tanki Chowk Bijalpur, Indore","22 - TANKI CHOWK BIJALPUR, INDORE, Madhya Pradesh",India,MISSED_BY_BLOCKING,C_website_domain_variation,Candidate name is a website/domain with unsegmented words while S1 is legal entity,Pass A: Strip TLD + token stem concatenation + address anchor
S1-941749783,S2,S2-348347027,Royal Foods Private Limited,रॉयल फूड्स प्राइवेट लिमिटेड,"3A/ 105, Azad Nagar, Kanpur, Uttar Pradesh","3A/ 105, BHAWANIGANJ, Uttar Pradesh",India,MISSED_BY_BLOCKING,J_cross_script_dba,"One entity in native Indic script, other in English with different brand phrasing",Indic transliteration + consonant skeleton + address key
S1-232382411,S2,S2-241559382,Classic Impex Private Limited,क्लासिक इम्पेक्स प्राइवेट लिमिटेड,"H.No. 33, Prempura Bhad, Bhada, B-8 Amar Singh Dtr, Huzur, Bhopal, Madhya Pradesh","HUZUR, Madhya Pradesh, PREMPURA BHAD, BHADA, B-8 AMAR SINGH DTR, DOOR NO 33",India,MISSED_BY_BLOCKING,J_cross_script_dba,"One entity in native Indic script, other in English with different brand phrasing",Indic transliteration + consonant skeleton + address key
S1-232382411,S3,S3-40060015,Classic Impex Private Limited,Sri Classic lmpex Private Límited,"H.No. 33, Prempura Bhad, Bhada, B-8 Amar Singh Dtr, Huzur, Bhopal, Madhya Pradesh",,India,MISSED_BY_BLOCKING,G_empty_or_weak_address,"Address is empty or severely truncated, preventing composite address blocking",Distinctive multi-word name signature fallback (min length 10)
S1-232382411,S2,S2-834435934,Classic Impex Private Limited,क्लासिक इम्पेक्स प्राइवेट लिमिटेड,"H.No. 33, Prempura Bhad, Bhada, B-8 Amar Singh Dtr, Huzur, Bhopal, Madhya Pradesh","33, HUZUR, BHOPAL, Madhya Pradesh",India,MISSED_BY_BLOCKING,J_cross_script_dba,"One entity in native Indic script, other in English with different brand phrasing",Indic transliteration + consonant skeleton + address key
S1-278943754,S3,S3-23940923,Pediatric Dentistry Specialists of Fyffe,Pediatric Deantisyr Specialists of Fyffe,"34837 75, Fyffe, AL","3483 75, FYFE, Alabama",US,MISSED_BY_BLOCKING,I_legal_suffix_dominating,Lexical divergence across commercial branding,Address component intersection
S1-358797130,S3,S3-668811306,Ss International Consultancy Private Limited,એસએસ ઇન્ટરનેશનલ કન્સલ્ટન્સી પ્રાઇવેટ લિમિટેડ,"A-201/202, Devashish Resi, A/Gandevi Road, Jamalpore, Navsari, Gujarat","GJ, Navsari, A-202/202",India,MISSED_BY_BLOCKING,J_cross_script_dba,"One entity in native Indic script, other in English with different brand phrasing",Indic transliteration + consonant skeleton + address key
S1-358797130,S2,S2-464216112,Ss International Consultancy Private Limited,એસએસ ઇન્ટરનેશનલ કન્સલ્ટન્સી પ્રાઇવેટ લિમિટેડ,"A-201/202, Devashish Resi, A/Gandevi Road, Jamalpore, Navsari, Gujarat","A-201/202, NAVSARI, ગુજરાત",India,MISSED_BY_BLOCKING,J_cross_script_dba,"One entity in native Indic script, other in English with different brand phrasing",Indic transliteration + consonant skeleton + address key
S1-358797130,S2,S2-679070237,Ss International Consultancy Private Limited,એસએસ ઇન્ટરનેશનલ કન્સલ્ટન્સી પ્રાઇવેટ લિમિટેડ,"A-201/202, Devashish Resi, A/Gandevi Road, Jamalpore, Navsari, Gujarat","A-201/202, NAVSARI, ગુજરાત",India,MISSED_BY_BLOCKING,J_cross_script_dba,"One entity in native Indic script, other in English with different brand phrasing",Indic transliteration + consonant skeleton + address key
S1-225077818,S2,S2-851838846,Innovative Builders Private Limited,ఇన్నోవేటివ్ బిల్డర్స్ ప్రైవేట్ లిమిటెడ్,"D9, Ii Floor, Industrial Estate, Moula-Ali, Hyderabad, Andhra Pradesh","D9, MOULA-ALI, HYDERABAD, Andhra Pradesh",India,MISSED_BY_BLOCKING,J_cross_script_dba,"One entity in native Indic script, other in English with different brand phrasing",Indic transliteration + consonant skeleton + address key
S1-94411349,S3,S3-469305796,Unified Ethereum P.C.,Unified P.C. Center,"4311 Kenston Place, Missouri City, TX",,US,MISSED_BY_BLOCKING,G_empty_or_weak_address,"Address is empty or severely truncated, preventing composite address blocking",Distinctive multi-word name signature fallback (min length 10)
S1-464116166,S2,S2-26609844,Perez Safe Colombier,PEREZSAFECOLOMBIER.COM,"3277 Cremin Lane, Aurora, IL","2918 CREMIN LANE, AUORA, IL",US,MISSED_BY_BLOCKING,C_website_domain_variation,Candidate name is a website/domain with unsegmented words while S1 is legal entity,Pass A: Strip TLD + token stem concatenation + address anchor
S1-828843638,S2,S2-350503547,Temple Zion Inc,templezion.com,"12111 9th Avenue, Spokane Valley, WA","NINTH AVE, SPOKANE VALLEY, WA",US,MISSED_BY_BLOCKING,C_website_domain_variation,Candidate name is a website/domain with unsegmented words while S1 is legal entity,Pass A: Strip TLD + token stem concatenation + address anchor
S1-986516034,S3,S3-5379716,Womens Health Partners,Womens Partners Center,"4 Bridge Street, Monson, MA","4 Bridge St, Monson, Massachusetts",US,MISSED_BY_BLOCKING,I_legal_suffix_dominating,Lexical divergence across commercial branding,Address component intersection
S1-986516034,S3,S3-588063432,Womens Health Partners,womenshealthpartners.com,"4 Bridge Street, Monson, MA","4 Bridge Street, Monson, Massachusetts",US,MISSED_BY_BLOCKING,C_website_domain_variation,Candidate name is a website/domain with unsegmented words while S1 is legal entity,Pass A: Strip TLD + token stem concatenation + address anchor
S1-986516034,S2,S2-825092928,Womens Health Partners,WOMENSHEALTHPARTNERS.COM,"4 Bridge Street, Monson, MA","##4 BRIDGE ST, MONSON CITY, MA",US,MISSED_BY_BLOCKING,C_website_domain_variation,Candidate name is a website/domain with unsegmented words while S1 is legal entity,Pass A: Strip TLD + token stem concatenation + address anchor
S1-152222475,S2,S2-449137844,Ram Maa Logistics Private Limited,राम मां लॉजिस्टिक्स प्राइवेट लिमिटेड,"G-1, Floor-Grd, One Avighna Park, Mahadeo Palav Marg, Curry Road Parel, Mumbai, Maharashtra","G-1, CHURU, MUMBAI, Maharashtra",India,MISSED_BY_BLOCKING,J_cross_script_dba,"One entity in native Indic script, other in English with different brand phrasing",Indic transliteration + consonant skeleton + address key
S1-617725719,S3,S3-415670089,Bhavani Tech Private Limited,techbhavaniprivate.com,"No. 402, Alankar Appartment Opp. Police Station Manek Rao Road Vadodara City, Vadodara, Gujarat","H.no 402, Vadodara, GJ",India,MISSED_BY_BLOCKING,C_website_domain_variation,Candidate name is a website/domain with unsegmented words while S1 is legal entity,Pass A: Strip TLD + token stem concatenation + address anchor
S1-617725719,S2,S2-651283733,Bhavani Tech Private Limited,Private 8havani Tech Ltd,"No. 402, Alankar Appartment Opp. Police Station Manek Rao Road Vadodara City, Vadodara, Gujarat","Gujarat, ALANKAR APPARTMENT OPP. POLICE STATION MANEK RAO ROAD VADODARA CITY, BARODA, VADODARA, NO. 4-02",India,MISSED_BY_BLOCKING,I_legal_suffix_dominating,Lexical divergence across commercial branding,Address component intersection
S1-245699717,S2,S2-672697911,Urgent Care Physicians P.C.,carephysiciansurgent.com,"11505 Grafs Ct, Louisville, KY","11505 GRAFS CT, LOUISVILLE, KY",US,MISSED_BY_BLOCKING,C_website_domain_variation,Candidate name is a website/domain with unsegmented words while S1 is legal entity,Pass A: Strip TLD + token stem concatenation + address anchor
S1-189930676,S2,S2-681080776,Foot & Ankle Group of Carlsbad,Foot & Anorrle Group of Carlsbad,"Carlsbad, NM, 1047 Pate Street","NM, 1047 PATE ST, CARLSBBAD",US,MISSED_BY_BLOCKING,I_legal_suffix_dominating,Lexical divergence across commercial branding,Address component intersection
S1-189930676,S3,S3-824996979,Foot & Ankle Group of Carlsbad,Foot Foot & Group Of Carlsbad Services,"Carlsbad, NM, 1047 Pate Street","1047 Pate Street, New Mexico, Carlsbad",US,MISSED_BY_BLOCKING,I_legal_suffix_dominating,Lexical divergence across commercial branding,Address component intersection
S1-792303650,S2,S2-74209056,Ariel India Ltd,arielindia.com,"Maharashtra, Malad West, 203, Mumbai, Triveni Apartment, Marve Road, Mith Chowki","203, TRIVENI APARTMENT, MARVE ROAD, MITH CHOWKI, MALAD WEST, Maharashtra",India,MISSED_BY_BLOCKING,C_website_domain_variation,Candidate name is a website/domain with unsegmented words while S1 is legal entity,Pass A: Strip TLD + token stem concatenation + address anchor
S1-792303650,S3,S3-786605130,Ariel India Ltd,arielindia.com,"Maharashtra, Malad West, 203, Mumbai, Triveni Apartment, Marve Road, Mith Chowki","##203, Triveni Apartment, Marve Road, Mith Chowki, Malad West, Mumbai, MH",India,MISSED_BY_BLOCKING,C_website_domain_variation,Candidate name is a website/domain with unsegmented words while S1 is legal entity,Pass A: Strip TLD + token stem concatenation + address anchor
S1-575674667,S2,S2-627011482,Samidha & Associates Corp,Éctobelo,"D-144, Office No.3, Second Floor, Okhala Industrial Area, Phase-1, Delhi, South West Delhi, Delhi","D-144, SOUTH WEST DELHI, DELHI",India,MISSED_BY_BLOCKING,B_brand_vs_parent_company,Short distinctive brand name vs multi-word parent company name,Single distinctive brand token + address door/plot number
S1-178959216,S3,S3-560958914,Shakti Producer Private Limited,শক্তি প্রডিউসার প্রাইভেট লিমিটেড,"Ideal Regency, Ground & First Floor 46 Diamond Harbour Road, Kolkata, Kolkata, Howrah, West Bengal","Block B-236 Ideal Regency, Kolkata, Howrah, WB",India,MISSED_BY_BLOCKING,J_cross_script_dba,"One entity in native Indic script, other in English with different brand phrasing",Indic transliteration + consonant skeleton + address key
S1-719550572,S2,S2-327176933,Sunrise Management Private Limited,സൺറൈസ് മാനേജ്മെന്റ് പ്രൈവറ്റ് ലിമിറ്റഡ്,"Hamadan Shopping Complex, Trikaripur Post, Kasargod, Kerala","TRIKARIPUR POST, KASARGOD, കേരളം, #A-629 HAMADAN SHOPPING COMPLEX",India,MISSED_BY_BLOCKING,J_cross_script_dba,"One entity in native Indic script, other in English with different brand phrasing",Indic transliteration + consonant skeleton + address key
S1-719550572,S3,S3-315102553,Sunrise Management Private Limited,സൺറൈസ് മാനേജ്മെന്റ് Private Limited,"Hamadan Shopping Complex, Trikaripur Post, Kasargod, Kerala","Hamadan Shopping Complex, Trikaripur Post, Kasargod, Keralam",India,MISSED_BY_BLOCKING,J_cross_script_dba,"One entity in native Indic script, other in English with different brand phrasing",Indic transliteration + consonant skeleton + address key
S1-270579599,S2,S2-113930443,"Le, Navarro and Taylor Franklin",lenavarrotaylor.com,"910 7th St SE, Unit 352, Cedar Rapids, IA","7TH ST SE, CEDA RAPIDS, IA",US,MISSED_BY_BLOCKING,C_website_domain_variation,Candidate name is a website/domain with unsegmented words while S1 is legal entity,Pass A: Strip TLD + token stem concatenation + address anchor
S1-969298915,S3,S3-264959823,Akay International School LLP,akayinternational.com,"A-32 Shop No-2, G/F, Ganesh Nagar Pandav Nagar, New Delhi, Delhi","A-32 Shop No-2, New Delhi, दिल्ली",India,MISSED_BY_BLOCKING,C_website_domain_variation,Candidate name is a website/domain with unsegmented words while S1 is legal entity,Pass A: Strip TLD + token stem concatenation + address anchor
S1-996196567,S3,S3-941021301,Swastik Consultants,स्वस्तिक कंसल्टेंट्स,"P.N 121, Jaipur, Shri Govind Nagar First, Niwaroo, Jaipur, Rajasthan","P.n 521, Jaipur, RJ",India,MISSED_BY_BLOCKING,J_cross_script_dba,"One entity in native Indic script, other in English with different brand phrasing",Indic transliteration + consonant skeleton + address key
S1-611549106,S3,S3-747605801,White Impex Private Limited,व्हाइट इम्पेक्स प्राइवेट लिमिटेड,"Junnar Taluka Audyogik Sana Vasaht Ltd Pune Nashik Rd, Pune, Maharashtra","Junnar Taluka Audyogik Sana Vasaht Ltd Pune Nashik Rd, महाराष्ट्र, Pune",India,MISSED_BY_BLOCKING,J_cross_script_dba,"One entity in native Indic script, other in English with different brand phrasing",Indic transliteration + consonant skeleton + address key
S1-128434434,S3,S3-264051270,Raj Infra Private Limited,राज इंफ्रा प्राइवेट लिमिटेड,"H No. 103 Marigold Apartment, Sapodilla, Kalyani Nagar, Pune, Pune City, Pune, Maharashtra","Marigold Apartment, Pune, महाराष्ट्र",India,MISSED_BY_BLOCKING,J_cross_script_dba,"One entity in native Indic script, other in English with different brand phrasing",Indic transliteration + consonant skeleton + address key
S1-68824583,S2,S2-161211131,Gold Trading,गोल्ड ट्रेडिंग,"Maharashtra, Shelton Sapphire, Sector 15, Cbd Belapur, Mumbai, Mumbai City, B-906","B-B3/906, RAIGARH, MUMBAI CITY, महाराष्ट्र",India,MISSED_BY_BLOCKING,J_cross_script_dba,"One entity in native Indic script, other in English with different brand phrasing",Indic transliteration + consonant skeleton + address key
S1-692605469,S2,S2-377795523,Hari Developers Private Limited,हरि डेवलपर्स प्राइवेट लिमिटेड,"Delhi, Plot No- 231, Gf, Shop No - 1 & 2, Pocket B-6 Sector -5 Rohini, North West","PLOT NO- 2-31, NORTH WEST, RITHALA, Delhi",India,MISSED_BY_BLOCKING,J_cross_script_dba,"One entity in native Indic script, other in English with different brand phrasing",Indic transliteration + consonant skeleton + address key
S1-388446115,S3,S3-949603456,Sultanpur Sweets Private Limited,Sultanpursweets.Com,"Sultanpur, C/O Mrs. Shobha Wati W/O Mr. Deonath Singh, Sultanpur, Uttar Pradesh, Haliyapur","C/o Mrs. Shobha Wati W/o Mr. Deonath Singh, Amethi - Csm Nagar, UP",India,MISSED_BY_BLOCKING,C_website_domain_variation,Candidate name is a website/domain with unsegmented words while S1 is legal entity,Pass A: Strip TLD + token stem concatenation + address anchor
S1-679550141,S3,S3-805670560,Vijay Universal Exports Pvt Ltd,universalexportsvijay.com,"478/1, Bangalore North, Karnataka, Bangalore, Mshc Layout, Anandnagar, Hebbal, Anandnagar (Bangalore)","H.no 654 478/1, Mshc Layout, Anandnagar, Hebbal, Anandnagar (Bangalore), Bangalore North, Bangalore, ಕರ್ನಾಟಕ",India,MISSED_BY_BLOCKING,C_website_domain_variation,Candidate name is a website/domain with unsegmented words while S1 is legal entity,Pass A: Strip TLD + token stem concatenation + address anchor
S1-679550141,S2,S2-876234727,Vijay Universal Exports Pvt Ltd,ವಿಜಯ್ ಯುನಿವರ್ಸಲ್ ಎಕ್ಸ್‌ಪೋರ್ಟ್ಸ್ ಪ್ರೈವೇಟ್ ಲಿಮಿಟೆಡ್,"478/1, Bangalore North, Karnataka, Bangalore, Mshc Layout, Anandnagar, Hebbal, Anandnagar (Bangalore)","00478/1, MSHC LAYOUT, ANANDNAGAR, HEBBAL, ANANDNAGAR (BANGALORE), BANGALORE NORTH, BANGALORE, Karnataka",India,MISSED_BY_BLOCKING,J_cross_script_dba,"One entity in native Indic script, other in English with different brand phrasing",Indic transliteration + consonant skeleton + address key
S1-679550141,S2,S2-803016719,Vijay Universal Exports Pvt Ltd,ವಿಜಯ್ ಯುನಿವರ್ಸಲ್ Exports Pvt Ltd,"478/1, Bangalore North, Karnataka, Bangalore, Mshc Layout, Anandnagar, Hebbal, Anandnagar (Bangalore)","00478/1, MSHC LAYOUT, ANANDNAGAR, HEBBAL, ANANDNAGAR (BANGALORE), BANGALORE NORTH, BANGALORE, Karnataka",India,MISSED_BY_BLOCKING,J_cross_script_dba,"One entity in native Indic script, other in English with different brand phrasing",Indic transliteration + consonant skeleton + address key
S1-640848782,S2,S2-335904191,Black Energy Private Limited,ब्लैक एनर्जी प्राइवेट लिमिटेड,"C S No. 1731/21, B Ward, New Mahadwar Road, Mangalwar Peth, Kolhapur, Maharashtra","KOLHAPUR, C S NO. 1731/21, KOLHAPUR, Maharashtra",India,MISSED_BY_BLOCKING,J_cross_script_dba,"One entity in native Indic script, other in English with different brand phrasing",Indic transliteration + consonant skeleton + address key
S1-968916211,S2,S2-92240294,Hari Producer Private Limited,હરિ પ્રોડ્યુસર પ્રાઇવેટ લિમિટેડ,"204(Vr-28)Sf, Corporate House, Anubhuti Commercial Complex Opp:Torrent House, Income Tax, Ahmedabad, Gujarat","H.NO 873 204(VRD28)SF, AHMADABAD, ગુજરાત",India,MISSED_BY_BLOCKING,J_cross_script_dba,"One entity in native Indic script, other in English with different brand phrasing",Indic transliteration + consonant skeleton + address key
S1-472705054,S3,S3-944444308,Vision Industries Private Limited,Smt Vision Industries Private,"Fazilka Road, Village Ghubaya Teh. Jalalabad, Jalalabad, Firozpur, Punjab","Fazilka Road, Jalalabad, Firozpur, PB",India,MISSED_BY_BLOCKING,I_legal_suffix_dominating,Lexical divergence across commercial branding,Address component intersection
S1-246721783,S2,S2-117711455,Cooley Financial Inc.,COOLEYFINANCIAL.COM,"3741 Loughery Road, Embarrass, MN","LOUGHERY ROAD, EMBARRASS, MN",US,MISSED_BY_BLOCKING,C_website_domain_variation,Candidate name is a website/domain with unsegmented words while S1 is legal entity,Pass A: Strip TLD + token stem concatenation + address anchor
S1-142832040,S3,S3-593700131,Sullivan Better Sony,Belonovivio,"309 Litchfield Street, Unit Apartment 1, Frankfort, NY","Franfort CITY, New York, 309 Litchfield Street, N/A",US,MISSED_BY_BLOCKING,B_brand_vs_parent_company,Short distinctive brand name vs multi-word parent company name,Single distinctive brand token + address door/plot number
S1-784019541,S2,S2-149520139,Smith Healthcare,SMÍTHHEALTHCARE.COM,"134 320th Street, Town Of Cady, WI","320TH STREET, WILSON, WI",US,MISSED_BY_BLOCKING,C_website_domain_variation,Candidate name is a website/domain with unsegmented words while S1 is legal entity,Pass A: Strip TLD + token stem concatenation + address anchor
S1-182584004,S3,S3-326775526,Eye Care LLC,Eye Ceae LLC,"841 Emporio Drive, Allen, TX",,US,MISSED_BY_BLOCKING,G_empty_or_weak_address,"Address is empty or severely truncated, preventing composite address blocking",Distinctive multi-word name signature fallback (min length 10)
S1-331109597,S2,S2-348611003,Fortune Finance Limited,ಫಾರ್ಚೂನ್ ಫೈನಾನ್ಸ್ ಲಿಮಿಟೆಡ್,"No1627 B L Arcade I Floor, C Block, Bangalore North, Bangalore, Karnataka","NO1627 B L ACADE I FLOOR, BANGALORE NORTH, Karnataka, C BLOCK, BANGALORE",India,MISSED_BY_BLOCKING,J_cross_script_dba,"One entity in native Indic script, other in English with different brand phrasing",Indic transliteration + consonant skeleton + address key
S1-331109597,S3,S3-643046484,Fortune Finance Limited,ಫಾರ್ಚೂನ್ ಫೈನಾನ್ಸ್ ಲಿಮಿಟೆಡ್,"No1627 B L Arcade I Floor, C Block, Bangalore North, Bangalore, Karnataka","No1627 B L Arcade I Floor, C Block, Bangalore North, null, KA",India,MISSED_BY_BLOCKING,J_cross_script_dba,"One entity in native Indic script, other in English with different brand phrasing",Indic transliteration + consonant skeleton + address key
S1-413151292,S2,S2-237730241,J Q & V Ship Inc.,J Q and V,"2400 24th Street, Unit Unit 17, Texarkana, AR","24TH STREET, TEXARKANA, AR",US,MISSED_BY_BLOCKING,I_legal_suffix_dominating,Lexical divergence across commercial branding,Address component intersection
S1-250703624,S3,S3-898725232,Behavioral Health Heartland Center-Dyer,Behavioralhealthheartland.Com,"525 Hillside Drive, Dyer, IN","##525 Hillside Dr, Dyeer, Indiana",US,MISSED_BY_BLOCKING,C_website_domain_variation,Candidate name is a website/domain with unsegmented words while S1 is legal entity,Pass A: Strip TLD + token stem concatenation + address anchor
S1-250703624,S2,S2-214630612,Behavioral Health Heartland Center-Dyer,behavioralhealthheartland.com,"525 Hillside Drive, Dyer, IN","525 1/2 HILLSIDE DRIVE, DYER, IN",US,MISSED_BY_BLOCKING,C_website_domain_variation,Candidate name is a website/domain with unsegmented words while S1 is legal entity,Pass A: Strip TLD + token stem concatenation + address anchor
S1-833028052,S2,S2-105630073,Swastik Consulting,स्वस्तिक कंसल्टिंग,"Pl. No-42, Shivprasad Society., Satish Building, S. No-130/A/1A/1, Parvati, Sinhagad Road, Pune, Pune City, Pune, Maharashtra","PL. NO-42, N/A, PUNE CITY, PUNE, Maharashtra",India,MISSED_BY_BLOCKING,J_cross_script_dba,"One entity in native Indic script, other in English with different brand phrasing",Indic transliteration + consonant skeleton + address key
S1-667897092,S2,S2-613246413,Virgo Charitable Trust,Xyloevo,"S-3/5C, Delhi, South Delhi, New Delhi, Third Floor, R/S Jogabai Extn.","S-9-3/5C, NEW DELHI, दिल्ली, SOUTH DELHI",India,MISSED_BY_BLOCKING,B_brand_vs_parent_company,Short distinctive brand name vs multi-word parent company name,Single distinctive brand token + address door/plot number
S1-744328082,S3,S3-446522040,Jain Hospitality,Jain Center Enterprises,"C-509 Rahul Classicsaibaba Nagar Borivali West, Mumbai, Mumbai City, Maharashtra",,India,MISSED_BY_BLOCKING,G_empty_or_weak_address,"Address is empty or severely truncated, preventing composite address blocking",Distinctive multi-word name signature fallback (min length 10)
S1-556681933,S2,S2-653868114,Pediatric Dentistry Liberty Partners Corp,Pediatric Dontlsttgry Liberty Partners Corp,"77 Bender Road, Minisink, NY","77 BENDER RD, MINISINK, NY",US,MISSED_BY_BLOCKING,I_legal_suffix_dominating,Lexical divergence across commercial branding,Address component intersection
S1-855284362,S2,S2-399483682,Hotels Muni Private Limited,H0tels Muni Private (Limited),"H.O. - Mahendra Maharaj, Near Benta Middle School, Laheriasarai, Darbhanga, Bihar","H.O. - MAHENDRA MAHARAJ, NEAR BENTA MIDDLE SCHOOL, Bihar, LAHERIASARAI, DARBHANGA",India,MISSED_BY_BLOCKING,I_legal_suffix_dominating,Lexical divergence across commercial branding,Address component intersection
S1-927006293,S3,S3-268892545,Sterling Environmental Holdings,#Sterlingenvironmental,"WI, Town Of Excelsior, S2954 Fairway Drive","S2954 1/2 Fairway Dr, Reedsburg, Wisconsin",US,MISSED_BY_BLOCKING,B_brand_vs_parent_company,Short distinctive brand name vs multi-word parent company name,Single distinctive brand token + address door/plot number
S1-77608133,S3,S3-678622046,IZ Face Pvt Ltd,IZ Fe Pvt Ltd,"Shahjahanpur, Sri.D.K.Gupta Krishna Nagar Colony Spn Shajahanpur Up Ind, Uttar Pradesh, Shahjahanpur","Sri.d.k.gupta Krishna Nagar Colony Spn Shajahanpur Up Ind, Shahjahanpur, UP",India,MISSED_BY_BLOCKING,I_legal_suffix_dominating,Lexical divergence across commercial branding,Address component intersection
S1-784753227,S3,S3-483566381,Capital Program,Capital Prórglm,"10501 Pinebrook Avenue, St. George City, LA","10500 Pinebrook Avenue, Baton Rouge, Louisiana",US,MISSED_BY_BLOCKING,I_legal_suffix_dominating,Lexical divergence across commercial branding,Address component intersection
S1-300212448,S3,S3-513871672,Ramdas Supplier (India) Private Limited,irsupplier.com,"B-702, River View, Casa Rio, Kalyan Shill Road, Palva City, Dombivali East, Thane, Maharashtra","Plot 529 B-702, Thane, MH",India,MISSED_BY_BLOCKING,C_website_domain_variation,Candidate name is a website/domain with unsegmented words while S1 is legal entity,Pass A: Strip TLD + token stem concatenation + address anchor
S1-221282765,S2,S2-226379428,Hitech Agro Private Limited,হাইটেক অ্যাগ্রো প্রাইভেট লিমিটেড,"Upohar- The Condoville, Bl79Flr09032052 Chakgaria, Kolkata, Kolkata, Howrah, West Bengal","UPOHAR- THE CONDOVILLE, BL79FLR09032052 CHAKGARIA, KOLKATA, KOLKATA, PATULI, West Bengal",India,MISSED_BY_BLOCKING,J_cross_script_dba,"One entity in native Indic script, other in English with different brand phrasing",Indic transliteration + consonant skeleton + address key
S1-221282765,S3,S3-510956951,Hitech Agro Private Limited,হাইটেক অ্যাগ্রো প্রাইভেট লিমিটেড,"Upohar- The Condoville, Bl79Flr09032052 Chakgaria, Kolkata, Kolkata, Howrah, West Bengal","Uphar- The Condoville, Baishnabghata-patuli, Howrah, WB",India,MISSED_BY_BLOCKING,J_cross_script_dba,"One entity in native Indic script, other in English with different brand phrasing",Indic transliteration + consonant skeleton + address key
S1-221282765,S2,S2-32996149,Hitech Agro Private Limited,হাইটেক অ্যাগ্রো প্রাইভেট লিমিটেড,"Upohar- The Condoville, Bl79Flr09032052 Chakgaria, Kolkata, Kolkata, Howrah, West Bengal","UPOHAR- THE CONDOVILLE, BL79FLR09032052 CHAKGARIA, KOLKATA, KOLKATA, PATULI, পশ্চিমবঙ্গ",India,MISSED_BY_BLOCKING,J_cross_script_dba,"One entity in native Indic script, other in English with different brand phrasing",Indic transliteration + consonant skeleton + address key
S1-134370187,S3,S3-636907439,Internal Medicine Coastal Specialists Inc,Internal Coastal  Specialists Inc Center,"1229 Grace Way, Layton, UT","1229 Grace Way, Layton, Utah",US,MISSED_BY_BLOCKING,I_legal_suffix_dominating,Lexical divergence across commercial branding,Address component intersection
S1-134370187,S2,S2-402662379,Internal Medicine Coastal Specialists Inc,Interna1 Medicine Coastal Specialists Inc,"1229 Grace Way, Layton, UT","1229 GRACE WAY, N/A, LAYTON, UT",US,MISSED_BY_BLOCKING,I_legal_suffix_dominating,Lexical divergence across commercial branding,Address component intersection
S1-719560574,S2,S2-341513300,Fortune Industries Limited,फॉर्च्यून इंडस्ट्रीज लिमिटेड,"Plot No 72-A, S/F, Kh No 28/25/2 Kunwar Singh Nagar, Nangloi, Delhi, West Delhi, Delhi","PLOT NO #72-A, WEST DELHI, null, Delhi",India,MISSED_BY_BLOCKING,J_cross_script_dba,"One entity in native Indic script, other in English with different brand phrasing",Indic transliteration + consonant skeleton + address key
S1-700317756,S3,S3-263407122,Big Auto Body Inc,autobody.com,"134-25 232 Street, Springfield Gardens, NY","134-25 1/2 232 St, Springfield Gardens, New York",US,MISSED_BY_BLOCKING,C_website_domain_variation,Candidate name is a website/domain with unsegmented words while S1 is legal entity,Pass A: Strip TLD + token stem concatenation + address anchor
S1-700317756,S2,S2-727925466,Big Auto Body Inc,bigautobody.com,"134-25 232 Street, Springfield Gardens, NY","SPRINGFIELD GARDENS, NY, 134-2 232 STREET, NULL",US,MISSED_BY_BLOCKING,C_website_domain_variation,Candidate name is a website/domain with unsegmented words while S1 is legal entity,Pass A: Strip TLD + token stem concatenation + address anchor
S1-753183708,S2,S2-890412281,"Internal Medicine Center, LLC",internalmedicinecenter.com,"117 Il 1, Cave-in-rock, IL","117 IL 1, CAVE-IN-ROCK, IL",US,MISSED_BY_BLOCKING,C_website_domain_variation,Candidate name is a website/domain with unsegmented words while S1 is legal entity,Pass A: Strip TLD + token stem concatenation + address anchor
S1-695962769,S3,S3-668397372,WKB Fortress Inc,WKB Inc Partners,"208 Minton Circle, Bedford County, VA",,US,MISSED_BY_BLOCKING,G_empty_or_weak_address,"Address is empty or severely truncated, preventing composite address blocking",Distinctive multi-word name signature fallback (min length 10)
S1-572317221,S2,S2-7905015,Big Seafood,Big Seamf0d,"3825 Coronado Trail, Rimrock, AZ","825 CORONADO TRL, RIMROCK ITY, AZ",US,MISSED_BY_BLOCKING,I_legal_suffix_dominating,Lexical divergence across commercial branding,Address component intersection
S1-992166297,S2,S2-168689359,Family Platinum Group PC,Family  Paltnum Gr0up PC,"400 Walnut Street, Unit Unit 404, Des Moines, IA","DES MOINES CDP, IA, WALNUT STREET",US,MISSED_BY_BLOCKING,I_legal_suffix_dominating,Lexical divergence across commercial branding,Address component intersection
S1-828964496,S2,S2-943678820,Smart Systems Pvt Ltd,स्मार्ट सिस्टम्स प्रा. लि.,"Fz-35-Kh No-73/6/1 L/P, Laxmi Park, Nangloi, New Delhi, Delhi, West Delhi, Delhi","FZ-35-KH NO-73/6/1 L/P, DELHI, WEST DELHI, Delhi",India,MISSED_BY_BLOCKING,J_cross_script_dba,"One entity in native Indic script, other in English with different brand phrasing",Indic transliteration + consonant skeleton + address key
S1-828964496,S2,S2-637052468,Smart Systems Pvt Ltd,स्मार्ट सिस्टम्स प्रा. लि.,"Fz-35-Kh No-73/6/1 L/P, Laxmi Park, Nangloi, New Delhi, Delhi, West Delhi, Delhi","FZ-35-KH NO-73/6/1 L/P, DELHI, WEST DELHI, दिल्ली",India,MISSED_BY_BLOCKING,J_cross_script_dba,"One entity in native Indic script, other in English with different brand phrasing",Indic transliteration + consonant skeleton + address key
S1-828964496,S2,S2-258747997,Smart Systems Pvt Ltd,स्मार्ट सिस्टम्स प्रा. लि.,"Fz-35-Kh No-73/6/1 L/P, Laxmi Park, Nangloi, New Delhi, Delhi, West Delhi, Delhi","FZ-35-KH NO-73/6/1 L/P, DELHI, WEST DELHI, दिल्ली",India,MISSED_BY_BLOCKING,J_cross_script_dba,"One entity in native Indic script, other in English with different brand phrasing",Indic transliteration + consonant skeleton + address key
S1-828964496,S2,S2-916936507,Smart Systems Pvt Ltd,स्मार्ट सिस्टम्स प्रा. लि.,"Fz-35-Kh No-73/6/1 L/P, Laxmi Park, Nangloi, New Delhi, Delhi, West Delhi, Delhi","FZ-35-KH NO-73/6/1 L/P, WEST DELHI, दिल्ली",India,MISSED_BY_BLOCKING,J_cross_script_dba,"One entity in native Indic script, other in English with different brand phrasing",Indic transliteration + consonant skeleton + address key
S1-426878241,S3,S3-341445403,Primary Care Health,Primary Ce Health,"4212 Maximillion Circle, Murfreesboro, TN","4212 Maximillion Circle, Murfreesboro, Tennessee",US,MISSED_BY_BLOCKING,I_legal_suffix_dominating,Lexical divergence across commercial branding,Address component intersection
S1-978324431,S3,S3-189471915,Vijay Hospitality Private Limited,@vijayhospitality,"No. 5-8-272, 276 & 322, Ayesha Residency, Public Garden Road, Nampally., Hyderabad, Telangana","#5-8-272, Hyderabad, TG, Hyderabad",India,MISSED_BY_BLOCKING,C_website_domain_variation,Candidate name is a website/domain with unsegmented words while S1 is legal entity,Pass A: Strip TLD + token stem concatenation + address anchor
S1-421931708,S2,S2-26263855,Smart Marketing Private Limited,स्मार्ट मार्केटिंग प्राइवेट लिमिटेड,"Flat No 5 Jagat Bhawanoppavxilium School Wadala, Mumbai, Maharashtra","MUMBAI, Maharashtra, H.NO 6-5 JAGAT BHAWANOPPAVXILIUM SCHOOL WADALA",India,MISSED_BY_BLOCKING,J_cross_script_dba,"One entity in native Indic script, other in English with different brand phrasing",Indic transliteration + consonant skeleton + address key
S1-421931708,S2,S2-488143677,Smart Marketing Private Limited,स्मार्ट मार्केटिंग प्राइवेट लिमिटेड,"Flat No 5 Jagat Bhawanoppavxilium School Wadala, Mumbai, Maharashtra","6-5 JAGAT BHAWANOPPAVXILIUM SCHOOL WADALA, MUMBAI, Maharashtra, MUMBAI",India,MISSED_BY_BLOCKING,J_cross_script_dba,"One entity in native Indic script, other in English with different brand phrasing",Indic transliteration + consonant skeleton + address key
S1-412583452,S2,S2-460321548,Perfect Impex Private Limited,ਪਰਫੈਕਟ ਇੰਪੈਕਸ ਪ੍ਰਾਈਵੇਟ ਲਿਮਟਿਡ,"A-27, 182/29B New Kartar Nagar, Street No 7, Dhuri Lin, E, Ludhiana, Punjab","NO. 221 A-27, LUDHIANA, Punjab",India,MISSED_BY_BLOCKING,J_cross_script_dba,"One entity in native Indic script, other in English with different brand phrasing",Indic transliteration + consonant skeleton + address key
S1-412583452,S2,S2-97416538,Perfect Impex Private Limited,ਪਰਫੈਕਟ ਇੰਪੈਕਸ ਪ੍ਰਾਈਵੇਟ ਲਿਮਟਿਡ,"A-27, 182/29B New Kartar Nagar, Street No 7, Dhuri Lin, E, Ludhiana, Punjab","NO. 221 A-27, LUDHIANA, Punjab",India,MISSED_BY_BLOCKING,J_cross_script_dba,"One entity in native Indic script, other in English with different brand phrasing",Indic transliteration + consonant skeleton + address key
S1-593181220,S2,S2-203900874,Vision Technology Private Limited,विजन टेक्नोलॉजी प्राइवेट लिमिटेड,"C/O Preeti Sumant Karanje, A-Juve P-Dalepal-Rajapur, Dist- Ratnagiri, Juve, Ratnagiri, Maharashtra","RATNAGIRI, 2-70 C/O PREETI SUMANT KARANJE, Maharashtra, RATNAGIRI",India,MISSED_BY_BLOCKING,J_cross_script_dba,"One entity in native Indic script, other in English with different brand phrasing",Indic transliteration + consonant skeleton + address key
S1-793444283,S2,S2-970830420,Foot & Ankle Care Associates,F0OT & ANKLE CARE  ASSOCIATES,"115 Hampton Circle, Georgetown, TX","115- HAMPTON CIR, GEORGETOWN, TX",US,MISSED_BY_BLOCKING,I_legal_suffix_dominating,Lexical divergence across commercial branding,Address component intersection
S1-793444283,S3,S3-929731081,Foot & Ankle Care Associates,Foot and Care Ank1e Associates,"115 Hampton Circle, Georgetown, TX","115 Hampton Cir, Georgetown, Texas",US,MISSED_BY_BLOCKING,I_legal_suffix_dominating,Lexical divergence across commercial branding,Address component intersection
S1-296467085,S2,S2-903048244,Estuary Matrix Private Limited,pematrix.com,"Hyderabad, 3Rd Floor, Meenakshi House, Road No.7, Telangana, 8-2-418, Banjara Hills","008-2-418, 3RD FLOOR, MEENAKSHI HOUSE, ROAD NO.7, HYDERABAD, BANJARA HILLS, Telangana",India,MISSED_BY_BLOCKING,C_website_domain_variation,Candidate name is a website/domain with unsegmented words while S1 is legal entity,Pass A: Strip TLD + token stem concatenation + address anchor
S1-530080354,S2,S2-665692461,Safeguard Educational Society,educationalsocietysafeguard.com,"Marshallhouse, 33/1, Netajisubhasroad7Thfloor, Roomno.-743, Kolkata, Kolkata, Howrah, West Bengal","MARSHALLHOUSE, 33/1, NETAJISUBHASROAD7THFLOOR, ROOMNO.-743, KOLKATA, KOLKATA, KOLKATTA, West Bengal",India,MISSED_BY_BLOCKING,C_website_domain_variation,Candidate name is a website/domain with unsegmented words while S1 is legal entity,Pass A: Strip TLD + token stem concatenation + address anchor
S1-668414344,S3,S3-26877854,Shiva Impex Private Limited,શિવા ઇમ્પેક્સ પ્રાઇવેટ લિમિટેડ,"Near Raj Weigh Bridge, 7 Lati Plot, Morbi Road, Rajkot, Gujarat","Near Raj Weigh Bridge, Rajkot, GJ",India,MISSED_BY_BLOCKING,J_cross_script_dba,"One entity in native Indic script, other in English with different brand phrasing",Indic transliteration + consonant skeleton + address key
S1-557567146,S3,S3-607225129,Lotus Ayurveda (India) LLP,Zetabrix née Lotus Ayurveda (India) LLP,"Vambilikunnan House, Panayampadam, Mukundapuram, Thrissur, Kerala","Vambilikunnan House, Panayampadam, Mukundapuram, Thrissur, Kerala",India,MISSED_BY_BLOCKING,I_legal_suffix_dominating,Lexical divergence across commercial branding,Address component intersection
S1-105764764,S3,S3-984259538,Womens Health American Medicine Inc,Womens-American Medicine Inc Center,"26722 Red Sunset Mapl Lane, Katy, TX","Red Sunset Mapl Ln, Katy, Texas",US,MISSED_BY_BLOCKING,I_legal_suffix_dominating,Lexical divergence across commercial branding,Address component intersection
S1-105764764,S3,S3-859771044,Womens Health American Medicine Inc,Womenshealthamerican.Com,"26722 Red Sunset Mapl Lane, Katy, TX","26722 Red Sunset Mapl Lane, Katy, Texas",US,MISSED_BY_BLOCKING,C_website_domain_variation,Candidate name is a website/domain with unsegmented words while S1 is legal entity,Pass A: Strip TLD + token stem concatenation + address anchor
S1-959067959,S2,S2-624311567,Weber and Hall,WEBERHALLCOM,"1008 65th Street, Windsor Heights, IA","##1402 65TH STREET, WINDSOR HEIGHTS, IA",US,MISSED_BY_BLOCKING,B_brand_vs_parent_company,Short distinctive brand name vs multi-word parent company name,Single distinctive brand token + address door/plot number
S1-279637722,S3,S3-45581880,Cascade Ministries,Cascade Center,"N1357 Red School Road, Town Of Melrose, WI","N1357 Red Scool Rd, Melrose, Wisconsin",US,MISSED_BY_BLOCKING,I_legal_suffix_dominating,Lexical divergence across commercial branding,Address component intersection
S1-799752443,S2,S2-992194567,Real Estate Limited,रियल एस्टेट लिमिटेड,"C/O Hami Dulah, Vill-Malpatti, Ps-Kamtaul, Darbhanga, Bihar","C/O HAMI DULAH, VILL-MALPATTI, PS-KAMTAUL, DARBHANGA, बिहार",India,MISSED_BY_BLOCKING,J_cross_script_dba,"One entity in native Indic script, other in English with different brand phrasing",Indic transliteration + consonant skeleton + address key
S1-799752443,S3,S3-766907188,Real Estate Limited,Rea1 Estate Ltd,"C/O Hami Dulah, Vill-Malpatti, Ps-Kamtaul, Darbhanga, Bihar","Darbhanga, C/o Hai Dulah, BR, Vill-malpatti, Ps-kamtaul, Darbhanga",India,MISSED_BY_BLOCKING,I_legal_suffix_dominating,Lexical divergence across commercial branding,Address component intersection
S1-799752443,S3,S3-285768687,Real Estate Limited,रियल एस्टेट लिमिटेड,"C/O Hami Dulah, Vill-Malpatti, Ps-Kamtaul, Darbhanga, Bihar","C/o Hami Dulah, Vill-malpatti, Ps-kamtaul, Darbhanga, BR",India,MISSED_BY_BLOCKING,J_cross_script_dba,"One entity in native Indic script, other in English with different brand phrasing",Indic transliteration + consonant skeleton + address key
S1-791207641,S2,S2-467406501,Rolling (India) Conductors Private Limited,rollingindiaconductors.com,"306, Floor 3, Wing E2, Unnathi Woods Ph-V-E2, Kavesar, Ghodbunder Road, Thane(W), Thane, Maharashtra","306, FLOOR 3, WING E2, UNNATHI WOODS PH-V-E2, KAVESAR, GHODBUNDER ROAD, THANE(W), THANE, Maharashtra",India,MISSED_BY_BLOCKING,C_website_domain_variation,Candidate name is a website/domain with unsegmented words while S1 is legal entity,Pass A: Strip TLD + token stem concatenation + address anchor
S1-621735101,S2,S2-657498146,Getwell Producer LLP,Getwell LLP Services,"Plot No. 2, Survey No 173, Ahmedabad Mehsana Highway, Kadi, Mahesana, Gujarat","Gujarat, DOOR NO 751 20, SURVEY NO 173, AHMEDABAD MEHSANA HIGHWAY, KADI",India,MISSED_BY_BLOCKING,I_legal_suffix_dominating,Lexical divergence across commercial branding,Address component intersection
S1-621735101,S2,S2-519495629,Getwell Producer LLP,Getwell Prrducer LLP,"Plot No. 2, Survey No 173, Ahmedabad Mehsana Highway, Kadi, Mahesana, Gujarat","#751 20, SURVEY NO 173, AHMEDABAD MEHSANA HIGHWAY, KADI, Gujarat",India,MISSED_BY_BLOCKING,I_legal_suffix_dominating,Lexical divergence across commercial branding,Address component intersection
S1-804123234,S3,S3-102006273,Block Consultancy,blockconsultancy.com,"Flat No1602, 16Th Floor, Continental Towers, Rizvi Complex, Sherly Rajan Road, Off C, Arter Road, Bandra West, Mumbai City, Maharashtra","महाराष्ट्र, Flat No160, Bandra West, Mumbai City",India,MISSED_BY_BLOCKING,D_website_redirect_weak_address,Domain name present but address is missing or disparate,Strict domain core exact match + country agreement
S1-242533264,S2,S2-148185690,Foot & Ankle Group,footanklegroup.com,"225 Nautilus Drive, City Of Madison, WI","WI, MADISON, 22 NAUTILUS DR",US,MISSED_BY_BLOCKING,C_website_domain_variation,Candidate name is a website/domain with unsegmented words while S1 is legal entity,Pass A: Strip TLD + token stem concatenation + address anchor
S1-40117121,S2,S2-702112343,Mendez Pinnacle Focus Holdings,MPFOCUS.COM,"31775 100 Road N, Le Roy, IL","31775 100 ROAD N, LE ROY, IL",US,MISSED_BY_BLOCKING,C_website_domain_variation,Candidate name is a website/domain with unsegmented words while S1 is legal entity,Pass A: Strip TLD + token stem concatenation + address anchor
S1-171004818,S3,S3-501819545,Gen LLC,The Gen LLC,"334 Downard Court, Wilmington, OH",,US,MISSED_BY_BLOCKING,G_empty_or_weak_address,"Address is empty or severely truncated, preventing composite address blocking",Distinctive multi-word name signature fallback (min length 10)
S1-18967077,S3,S3-534319152,Network Ventures Pvt. Ltd.,Netw0rk Ventures-Pvt. Ltd.,"V-313, New Palam Vihar Ph-01, Gurugram, Gurgaon, Haryana",,India,MISSED_BY_BLOCKING,G_empty_or_weak_address,"Address is empty or severely truncated, preventing composite address blocking",Distinctive multi-word name signature fallback (min length 10)
S1-894079582,S3,S3-120170769,Red Apex It Limited,रेड एपेक्स आईटी लिमिटेड,"1St Flr, 7, Ashok Nagar, Ashtvinayak Chawl Safed Pool, Kurla Andheri Road, Sakinaka Mumbai, Mumbai City, Maharashtra","1St Flr, Sakinaka Mumbai, Mumbai City, महाराष्ट्र",India,MISSED_BY_BLOCKING,J_cross_script_dba,"One entity in native Indic script, other in English with different brand phrasing",Indic transliteration + consonant skeleton + address key
S1-894079582,S3,S3-88145680,Red Apex It Limited,irapex.com,"1St Flr, 7, Ashok Nagar, Ashtvinayak Chawl Safed Pool, Kurla Andheri Road, Sakinaka Mumbai, Mumbai City, Maharashtra","H.no 1St Flr, Mumbai City, Sakinaka Mumbai, महाराष्ट्र",India,MISSED_BY_BLOCKING,C_website_domain_variation,Candidate name is a website/domain with unsegmented words while S1 is legal entity,Pass A: Strip TLD + token stem concatenation + address anchor
S1-129024118,S3,S3-419268073,Hitech Southern Infotech Private Limited,हाईटेक सदर्न इंफोटेक प्राइवेट लिमिटेड,"Shop No-4, Loknayak Jai Prakash Bhawan Frazer Road, P.O- Gpo, P.S- Kotwali, Patna, Bihar","#00 Shop No-4, Patna, BR",India,MISSED_BY_BLOCKING,J_cross_script_dba,"One entity in native Indic script, other in English with different brand phrasing",Indic transliteration + consonant skeleton + address key
S1-449861100,S2,S2-618606038,Silver Business Laboratories,silverbusinesslaboratories.com,"150 35th Street, Canton, OH","35TH ST, CANTON, OH",US,MISSED_BY_BLOCKING,C_website_domain_variation,Candidate name is a website/domain with unsegmented words while S1 is legal entity,Pass A: Strip TLD + token stem concatenation + address anchor
S1-646695246,S2,S2-757991848,Shivam Modern Energy Private Limited,শিবম মডার্ন এনার্জি প্রাইভেট লিমিটেড,"Vill Gayra Po Eojnagar Ps Basirhat, Basirhat, Kolkata, Howrah, West Bengal","VILL GAYRA PO EOJNAGAR PS BASIRHAT, BASIRHAT, KOLKATA REGION, HOWRAH, West Bengal",India,MISSED_BY_BLOCKING,J_cross_script_dba,"One entity in native Indic script, other in English with different brand phrasing",Indic transliteration + consonant skeleton + address key
S1-410588754,S3,S3-585849539,Dream Agro Private Limited,ड्रीम एग्रो प्राइवेट लिमिटेड,"Wz 220A, Kh. No. 67/12/1, First Floor Street No 5 Sadh Nagar, Palam Colony, New Delhi, South West Delhi, Delhi","Wz 220A, South West Delhi, New Delhi, DL",India,MISSED_BY_BLOCKING,J_cross_script_dba,"One entity in native Indic script, other in English with different brand phrasing",Indic transliteration + consonant skeleton + address key
S1-539499396,S3,S3-692077076,Callison Veterinary Clinic,Tavoriza Sys doing business as Callison Veterinary Clinic,"221 13th Street, Ashland, OH","221 13th Street, OH, Ashland",US,MISSED_BY_BLOCKING,I_legal_suffix_dominating,Lexical divergence across commercial branding,Address component intersection
S1-539499396,S3,S3-480965082,Callison Veterinary Clinic,@callisonveterinary,"221 13th Street, Ashland, OH","221 13rd Street, Ashland, Ohio",US,MISSED_BY_BLOCKING,C_website_domain_variation,Candidate name is a website/domain with unsegmented words while S1 is legal entity,Pass A: Strip TLD + token stem concatenation + address anchor
S1-796816825,S3,S3-896547694,Red Global Limited,রেড গ্লোবাল লিমিটেড,"West Bengal, Panchagram, Badkulla, C/O: Malay Sarkar, Hanskhali, Nadia","C/o: Malay Sarkar, Panchagram, Badkulla, Kolkata Region, Hanskhali, WB",India,MISSED_BY_BLOCKING,J_cross_script_dba,"One entity in native Indic script, other in English with different brand phrasing",Indic transliteration + consonant skeleton + address key
S1-796816825,S2,S2-347326271,Red Global Limited,রেড গ্লোবাল লিমিটেড,"West Bengal, Panchagram, Badkulla, C/O: Malay Sarkar, Hanskhali, Nadia","C/O: MALAY SARKAR, PANCHAGRAM, BADKULLA, HANSKHALI, BADKULLA, West Bengal",India,MISSED_BY_BLOCKING,J_cross_script_dba,"One entity in native Indic script, other in English with different brand phrasing",Indic transliteration + consonant skeleton + address key
S1-559824041,S3,S3-781911032,Northern Nasdaq Inc,N0rthern Ntgdaq Inc,"12409 Woodland Avenue, Avondale, AZ","Woodland Avenue, Avondael, Arizona",US,MISSED_BY_BLOCKING,I_legal_suffix_dominating,Lexical divergence across commercial branding,Address component intersection
S1-435197119,S2,S2-976363731,Arihant Properties,ଅରିହନ୍ତ ପ୍ରୋପର୍ଟିଜ୍,"Plot No.569/1400, Kuakhai Nagar, Lane-2, Bhubaneswar, Khordha, Orissa","PLOT NO.569/1400, KHORDHA, Odisha",India,MISSED_BY_BLOCKING,J_cross_script_dba,"One entity in native Indic script, other in English with different brand phrasing",Indic transliteration + consonant skeleton + address key
S1-435197119,S2,S2-23416594,Arihant Properties,ଅରିହନ୍ତ ପ୍ରୋପର୍ଟିଜ୍,"Plot No.569/1400, Kuakhai Nagar, Lane-2, Bhubaneswar, Khordha, Orissa","PLOT NO.569/1400, KHORDHA, Odisha",India,MISSED_BY_BLOCKING,J_cross_script_dba,"One entity in native Indic script, other in English with different brand phrasing",Indic transliteration + consonant skeleton + address key
S1-196255233,S2,S2-948913164,Downtown Auto Body,Downtown Ario 8ody,"689 Sycamore Drive, Independence, KY","689 SYCAMORE DR, INDEPENDENCE, KY",US,MISSED_BY_BLOCKING,I_legal_suffix_dominating,Lexical divergence across commercial branding,Address component intersection
S1-196255233,S3,S3-239940565,Downtown Auto Body,Quonyla née Downtown Auto Body,"689 Sycamore Drive, Independence, KY","KY, Independence, 689 Sycamore Drive",US,MISSED_BY_BLOCKING,I_legal_suffix_dominating,Lexical divergence across commercial branding,Address component intersection
S1-493574435,S2,S2-277549025,Galaxy Producer Private Limited,ગેલેક્સી પ્રોડ્યુસર પ્રાઇવેટ લિમિટેડ,"Gujarat, Ahmedabad, 3Rd Floor, Ahmedabad, Nishku Avenue, Swastik Cross Road, Navrangpura","H.NO 3RD FLOOR, NISHKU AVENUE, SWASTIK CROSS ROAD, NAVRANGPURA, AHMEDABAD, Gujarat",India,MISSED_BY_BLOCKING,J_cross_script_dba,"One entity in native Indic script, other in English with different brand phrasing",Indic transliteration + consonant skeleton + address key
S1-493574435,S3,S3-147528154,Galaxy Producer Private Limited,ગેલેક્સી પ્રોડ્યુસર પ્રાઇવેટ લિમિટેડ,"Gujarat, Ahmedabad, 3Rd Floor, Ahmedabad, Nishku Avenue, Swastik Cross Road, Navrangpura","Door No G-3rd Floor, Nishku Avenue, Swastik Cross Road, Navrangpura, Ahmedabad, GJ",India,MISSED_BY_BLOCKING,J_cross_script_dba,"One entity in native Indic script, other in English with different brand phrasing",Indic transliteration + consonant skeleton + address key
S1-493574435,S2,S2-502687369,Galaxy Producer Private Limited,ગેલેક્સી Producer Private Limited,"Gujarat, Ahmedabad, 3Rd Floor, Ahmedabad, Nishku Avenue, Swastik Cross Road, Navrangpura","H.NO 3RD FLOOR, NISHKU AVENUE, SWASTIK CROSS ROAD, NAVRANGPURA, Gujarat, AHMEDABAD",India,MISSED_BY_BLOCKING,J_cross_script_dba,"One entity in native Indic script, other in English with different brand phrasing",Indic transliteration + consonant skeleton + address key
S1-493574435,S2,S2-569162315,Galaxy Producer Private Limited,ગેલેક્સી પ્રોડ્યુસર પ્રાઇવેટ લિમિટેડ,"Gujarat, Ahmedabad, 3Rd Floor, Ahmedabad, Nishku Avenue, Swastik Cross Road, Navrangpura","3RD FLOOR, NISHKU AVENUE, SWASTIK CROSS ROAD, NAVRANGPURA, AHMEDABAD, ગુજરાત",India,MISSED_BY_BLOCKING,J_cross_script_dba,"One entity in native Indic script, other in English with different brand phrasing",Indic transliteration + consonant skeleton + address key
S1-616247638,S3,S3-271373698,Bansi & Sons Pvt Ltd,bansisons.com,"H. No.564, Ground Floor, Gali No-2 West Guru Angad Nagar, Laxmi Nagar, Delhi, East Delhi, Delhi","#564, Thane, DL",India,MISSED_BY_BLOCKING,C_website_domain_variation,Candidate name is a website/domain with unsegmented words while S1 is legal entity,Pass A: Strip TLD + token stem concatenation + address anchor
S1-888035243,S3,S3-540882812,Rambo Minerals Pvt Ltd,M/s Rambo Pvt Ltd Center,"Delhi, 2Nd Floor, Rajender Market Tis Hazari, Office No.-6, North Delhi",,India,MISSED_BY_BLOCKING,G_empty_or_weak_address,"Address is empty or severely truncated, preventing composite address blocking",Distinctive multi-word name signature fallback (min length 10)
S1-546177410,S2,S2-648883949,Zelova LLC,ZELOVA L.L.C.,"22 Church Street, Unit 1, Boston, MA",,US,MISSED_BY_BLOCKING,G_empty_or_weak_address,"Address is empty or severely truncated, preventing composite address blocking",Distinctive multi-word name signature fallback (min length 10)
S1-933802468,S2,S2-59013312,PP Vornado,PP  Vornaod,"3967 Stewart Rd NE, Iowa City, IA","STEWART RD NORTHEAST, PENN TWP, IA",US,MISSED_BY_BLOCKING,I_legal_suffix_dominating,Lexical divergence across commercial branding,Address component intersection
S1-977682665,S2,S2-816951244,Premier International Private Limited,பிரீமியர் இன்டர்நேஷனல் பிரைவேட் லிமிடெட்,"No 6/913, 4Th Cross, Nethaji Nagar, Trichy Road, Namakkal, Namakkal, Tamil Nadu","#6/913, NAMAKKAL, Tamil Nadu",India,MISSED_BY_BLOCKING,J_cross_script_dba,"One entity in native Indic script, other in English with different brand phrasing",Indic transliteration + consonant skeleton + address key
S1-675860264,S3,S3-461333177,Kalyaneswari Clinic,Fluxdrex,"Telangana, Hyderabad, Yapral Medchal Malkajgiri, Hyderabad, Door No 5-8-34/1/V-6","Door No 5-8-34/1/V-6, Yapral Medchal Malkajgiri, Hyderabad, Telangana",India,MISSED_BY_BLOCKING,B_brand_vs_parent_company,Short distinctive brand name vs multi-word parent company name,Single distinctive brand token + address door/plot number
S1-508052111,S2,S2-341233412,Ays Projects Private Limited,apprivate.com,"Suite 306, Pavani Estates, 3-6-365/C/306, Beside Ttd Kalyana Mandapam, Gagan Mahal, Himayathnagar, Hyderabad, Telangana","SUITE 0306, N/A, HYDERABAD, HIMAYATHNAGAR, Andhra Pradesh",India,MISSED_BY_BLOCKING,C_website_domain_variation,Candidate name is a website/domain with unsegmented words while S1 is legal entity,Pass A: Strip TLD + token stem concatenation + address anchor
S1-722920397,S3,S3-242838010,Golden Auto Body,autogoldenbody.com,"215 Williamsburg Parkway, NC, Unit 1-103, Jacksonville","215 Williamsburg Pkwy, # 1-103, Jacksonville, North Carolina",US,MISSED_BY_BLOCKING,C_website_domain_variation,Candidate name is a website/domain with unsegmented words while S1 is legal entity,Pass A: Strip TLD + token stem concatenation + address anchor
S1-376586218,S3,S3-646436088,Rev It Up Cleaning Service!,Kornex,"30 Hairpin Drive, Unit 1044, Edwardsville, IL","30 Hairpin Dr, # 1044, Edwardsville, Illinois",US,MISSED_BY_BLOCKING,B_brand_vs_parent_company,Short distinctive brand name vs multi-word parent company name,Single distinctive brand token + address door/plot number
S1-557026098,S3,S3-214313524,Ss Global Private Limited,एसएस ग्लोबल प्राइवेट लिमिटेड,"161/3A, Sham Shankuntal Heights Modi Baug, Ganeshkhind Road, Shivajinaga, R, Pune, Maharashtra","161/3A, Pune, MH, Pune",India,MISSED_BY_BLOCKING,J_cross_script_dba,"One entity in native Indic script, other in English with different brand phrasing",Indic transliteration + consonant skeleton + address key
S1-740212604,S2,S2-420998751,Zayn Business Pvt. Ltd.,zaynbusiness.com,"Chennai, Noa17, Flatnoa2, Suraksha, Venkatesansalaiperiyar Nagar, Chennai, Tamil Nadu","NOA17, FLATNOA2, SURAKSHA, VENKATESANSALAIPERIYAR NAGAR, CHENNAI, Tamil Nadu",India,MISSED_BY_BLOCKING,C_website_domain_variation,Candidate name is a website/domain with unsegmented words while S1 is legal entity,Pass A: Strip TLD + token stem concatenation + address anchor
S1-736739118,S2,S2-836744918,Christ Chapel,christchape1.com,"North Brookfield, Unit 6F, 271 Main Street, MA","271 MAIN ST, NORTH BROOKFIELD, MA",US,MISSED_BY_BLOCKING,C_website_domain_variation,Candidate name is a website/domain with unsegmented words while S1 is legal entity,Pass A: Strip TLD + token stem concatenation + address anchor
S1-54617101,S2,S2-471943036,Ss Investment Private Limited,एसएस इन्वेस्टमेंट प्राइवेट लिमिटेड,"13, Motilal Marwadi Chawl, Mahatma Gandhi Road Ghatkopar (East), Mumbai, Maharashtra","13, MAHATMA GANDHI ROAD GHATKOPAR (EAST), THANE, Maharashtra",India,MISSED_BY_BLOCKING,J_cross_script_dba,"One entity in native Indic script, other in English with different brand phrasing",Indic transliteration + consonant skeleton + address key
S1-54617101,S3,S3-876089742,Ss Investment Private Limited,एसएस इन्वेस्टमेंट प्राइवेट लिमिटेड,"13, Motilal Marwadi Chawl, Mahatma Gandhi Road Ghatkopar (East), Mumbai, Maharashtra","13, Mahatma Gandhi Road Ghatkopar (East), Ghatkopar, महाराष्ट्र",India,MISSED_BY_BLOCKING,J_cross_script_dba,"One entity in native Indic script, other in English with different brand phrasing",Indic transliteration + consonant skeleton + address key
S1-355889914,S2,S2-495270808,Vijay Logistics Pvt Ltd,વિજય લોજિસ્ટિક્સ પ્રા. લિ.,"201 S/F Kataria Arcade, D.A.B. School, Makarba, Ahmadabad City, Ahmedabad, Gujarat","20 S/F KATARIA ARCADE, AHMADABAD CITY, AHMEDABAD, ગુજરાત",India,MISSED_BY_BLOCKING,J_cross_script_dba,"One entity in native Indic script, other in English with different brand phrasing",Indic transliteration + consonant skeleton + address key
S1-161580754,S3,S3-122896670,Heritage Trust,Heritage  Tcsru,"2937 Westbrook Drive, Fort Wayne, IN","Westbrook Dr, FT. Waye, Indiana",US,MISSED_BY_BLOCKING,I_legal_suffix_dominating,Lexical divergence across commercial branding,Address component intersection
S1-938475744,S2,S2-475504026,Premier Good Global Private Limited,Private Premier Gdccd Global Limited,"Bhatchala Masjid Tala, Sripally, Burdwan, Bardhaman, West Bengal","NO B3/62 BHATCHALA MASJID TALA, SRIPALLY, BURDWAN, BARDHAMAN, পশ্চিমবঙ্গ",India,MISSED_BY_BLOCKING,I_legal_suffix_dominating,Lexical divergence across commercial branding,Address component intersection
S1-938475744,S2,S2-67344394,Premier Good Global Private Limited,প্রিমিয়ার গুড গ্লোবাল প্রাইভেট লিমিটেড,"Bhatchala Masjid Tala, Sripally, Burdwan, Bardhaman, West Bengal","West Bengal, BURDWAN, BARDHAMAN, NO. B3/62 BHATCHALA MASJID TALA, SRIPALLY",India,MISSED_BY_BLOCKING,J_cross_script_dba,"One entity in native Indic script, other in English with different brand phrasing",Indic transliteration + consonant skeleton + address key
S1-552700247,S2,S2-438023458,Om Industries Private Limited,ఓం ఇండస్ట్రీస్ ప్రైవేట్ లిమిటెడ్,"17-11-406, Plot No 406, Nandan Ratan Pride, Patancheru, Medak, Telangana","Andhra Pradesh, 17-11-406, MEDAK, PATANCHERU, PLOT NO 406, NANDAN RATAN PRIDE",India,MISSED_BY_BLOCKING,J_cross_script_dba,"One entity in native Indic script, other in English with different brand phrasing",Indic transliteration + consonant skeleton + address key
S1-552700247,S3,S3-410818163,Om Industries Private Limited,ఓం ఇండస్ట్రీస్ ప్రైవేట్ లిమిటెడ్,"17-11-406, Plot No 406, Nandan Ratan Pride, Patancheru, Medak, Telangana","Medak, 17-11-406, Andhra Pradesh, Patancheru",India,MISSED_BY_BLOCKING,J_cross_script_dba,"One entity in native Indic script, other in English with different brand phrasing",Indic transliteration + consonant skeleton + address key
S1-185341517,S3,S3-487047312,The Dent Hair Studio PC,denthairstudi0.com,"4574 2350, Roy City, UT","4574 2350, PO Box 4589, Roy, Utah",US,MISSED_BY_BLOCKING,C_website_domain_variation,Candidate name is a website/domain with unsegmented words while S1 is legal entity,Pass A: Strip TLD + token stem concatenation + address anchor
S1-837704863,S3,S3-386638522,Chennai Secret,Chennai  Seaet,"Chennai, Beta Wing, 4Th Floor Unit No. 408/2, No. 177, Anna Salai, Raheja Towers, Tamil Nadu, Chennai","Raheja Towers, Madras, Chennai, TN",India,MISSED_BY_BLOCKING,I_legal_suffix_dominating,Lexical divergence across commercial branding,Address component intersection
S1-422259259,S2,S2-412379296,Perfect Logistics Private Limited,परफेक्ट लॉजिस्टिक्स प्राइवेट लिमिटेड,"B-28, Jaipur, Rajasthan, Jaipur, New Light Colony, Near Prem Shanti School Tonk Road","B-28, NEW LIGHT COLONY, NEAR PREM SHANTI SCHOOL TONK ROAD, JAIPUR, Rajasthan",India,MISSED_BY_BLOCKING,J_cross_script_dba,"One entity in native Indic script, other in English with different brand phrasing",Indic transliteration + consonant skeleton + address key
S1-422259259,S2,S2-360189561,Perfect Logistics Private Limited,परफेक्ट लॉजिस्टिक्स प्राइवेट लिमिटेड,"B-28, Jaipur, Rajasthan, Jaipur, New Light Colony, Near Prem Shanti School Tonk Road","B-28, NEW LIGHT COLONY, NEAR PREM SHANTI SCHOOL TONK ROAD, JAIPUR, Rajasthan",India,MISSED_BY_BLOCKING,J_cross_script_dba,"One entity in native Indic script, other in English with different brand phrasing",Indic transliteration + consonant skeleton + address key
S1-328593307,S3,S3-41894621,Certified Factory LP,Certifiedfactory.Com,"125 8th Avenue, Yuma, AZ","12 Eighth Avenue, PO Box 4874, Yuma, Arizona",US,MISSED_BY_BLOCKING,D_website_redirect_weak_address,Domain name present but address is missing or disparate,Strict domain core exact match + country agreement
S1-632116524,S3,S3-34054875,Al Nursing Home Partners,Vionyla,"Shop No. 14-A, 1St Floor, Mall Plaza, Ludhiana, Punjab","Shop No. 14-A, 1St Floor, Mall Plaza, Ludhiana, Punjab",India,MISSED_BY_BLOCKING,B_brand_vs_parent_company,Short distinctive brand name vs multi-word parent company name,Single distinctive brand token + address door/plot number
S1-68263380,S2,S2-218442484,Solutions Engineering (in,solutionsengineeringin.com,"Karnataka, Bangalore, No.23, Bangalore, 1St Floor, 12Th Main, Jayanagar, 4Th Block","NO.23, 1ST FLOOR, 12TH MAIN, JAYANAGAR, 4TH BLOCK, BANGALORE, Karnataka",India,MISSED_BY_BLOCKING,C_website_domain_variation,Candidate name is a website/domain with unsegmented words while S1 is legal entity,Pass A: Strip TLD + token stem concatenation + address anchor
S1-68263380,S3,S3-26699930,Solutions Engineering (in,Solutions Eongineing (in,"Karnataka, Bangalore, No.23, Bangalore, 1St Floor, 12Th Main, Jayanagar, 4Th Block","No.23, 1St Floor, 12Th Main, Jayanagar, 4Th Block, Bangalore, KA",India,MISSED_BY_BLOCKING,I_legal_suffix_dominating,Lexical divergence across commercial branding,Address component intersection
S1-68263380,S3,S3-2863887,Solutions Engineering (in,Solutions,"Karnataka, Bangalore, No.23, Bangalore, 1St Floor, 12Th Main, Jayanagar, 4Th Block","No.23, 1St Floor, 12Th Main, Jayanagar, 4Th Block, Bangalore, Karnataka",India,MISSED_BY_BLOCKING,B_brand_vs_parent_company,Short distinctive brand name vs multi-word parent company name,Single distinctive brand token + address door/plot number
S1-660076156,S2,S2-586585325,Dream Agro Private Limited,ड्रीम एग्रो प्राइवेट लिमिटेड,"180A, Sainik Farm Adjoining Country Club, Khanpur, Delhi, South Delhi, Delhi","180A, DELHI, SOUTH DELHI, Delhi",India,MISSED_BY_BLOCKING,J_cross_script_dba,"One entity in native Indic script, other in English with different brand phrasing",Indic transliteration + consonant skeleton + address key
S1-660076156,S2,S2-963169406,Dream Agro Private Limited,ड्रीम एग्रो प्राइवेट लिमिटेड,"180A, Sainik Farm Adjoining Country Club, Khanpur, Delhi, South Delhi, Delhi","180A, DELHI, SOUTH DELHI, Delhi",India,MISSED_BY_BLOCKING,J_cross_script_dba,"One entity in native Indic script, other in English with different brand phrasing",Indic transliteration + consonant skeleton + address key
S1-719360392,S3,S3-938517756,Metropolitan Montessori School LLC,Calojax Labs a/k/a Metropolitan Montessori School LLC,"2094 Sunset Avenue, Decatur, IL","2094 Sunset Avenue, Decatur, IL",US,MISSED_BY_BLOCKING,I_legal_suffix_dominating,Lexical divergence across commercial branding,Address component intersection
S1-993841612,S3,S3-177381288,Piedmont Charter School,piedmontcharterschool.com,"346 Turnpike Road, Unit 2214, Westborough, MA","346 Turnpike Road, # 2214, Westborough, Massachusetts",US,MISSED_BY_BLOCKING,C_website_domain_variation,Candidate name is a website/domain with unsegmented words while S1 is legal entity,Pass A: Strip TLD + token stem concatenation + address anchor
S1-874261681,S3,S3-711731353,Silver Indo Global Private Limited,സിൽവർ ഇന്തോ ഗ്ലോബൽ പ്രൈവറ്റ് ലിമിറ്റഡ്,"Mavelipuram, Thrikkakara Municipality, Building No: Vii/710 E & E1, Ernakulam, Kerala","Building No: Vii/710 E & E1, Ernakulam, കേരളം",India,MISSED_BY_BLOCKING,J_cross_script_dba,"One entity in native Indic script, other in English with different brand phrasing",Indic transliteration + consonant skeleton + address key
S1-463577535,S3,S3-600583014,Balaji Garments Pvt Ltd,Balaji Gmcérnst Pvt Ltd,"Rajasthan, Udaipur, Bedla, Udaipur, Behind Maliyo Ka Devra","Behind Maliyo Ka Devra, Udaipur, RJ",India,MISSED_BY_BLOCKING,I_legal_suffix_dominating,Lexical divergence across commercial branding,Address component intersection
S1-463577535,S2,S2-231023315,Balaji Garments Pvt Ltd,Balaji Pvt Ltd Center - 9766455744,"Rajasthan, Udaipur, Bedla, Udaipur, Behind Maliyo Ka Devra","BEHIND MALIYO KA DEVRA, BEDLA, UDAIPUR, Rajasthan",India,MISSED_BY_BLOCKING,I_legal_suffix_dominating,Lexical divergence across commercial branding,Address component intersection
S1-723151158,S3,S3-705106581,Alpha Technologies Private Limited,ஆல்ஃபா டெக்னாலஜீஸ் பிரைவேட் லிமிடெட்,"Shop No.6, Sindur Plaza No.42, Montieth Road, Egmore, Chennai, Tamil Nadu","No 6, Egmore, Chennai, தமிழ்நாடு",India,MISSED_BY_BLOCKING,J_cross_script_dba,"One entity in native Indic script, other in English with different brand phrasing",Indic transliteration + consonant skeleton + address key
S1-911466358,S2,S2-293737127,Balaji Finance Pvt Ltd,Pvt Balaji Fifnce Ltd,"First Floor, V/4, Valar Nagar, Melur, Madurai, Tamil Nadu","FIRST FLOOR, MADURAI, MELUR, தமிழ்நாடு",India,MISSED_BY_BLOCKING,I_legal_suffix_dominating,Lexical divergence across commercial branding,Address component intersection
S1-559249977,S3,S3-314527984,My Investment Private Limited,माय इन्वेस्टमेंट प्राइवेट लिमिटेड,"C/O Mayank Anilkumar Sing, Chinchani District Thane, Palghar, Thane, Maharashtra","MH, Palghar, Thane, C/o Mayank Anilkumar Sing, Chinchani District Thane",India,MISSED_BY_BLOCKING,J_cross_script_dba,"One entity in native Indic script, other in English with different brand phrasing",Indic transliteration + consonant skeleton + address key
S1-338910469,S3,S3-902754993,Housing Foundation,H0using Foundation  Corp,"N8819 Cc, Town Of Exeter, WI","Town Of Exeter, N8819 Cc, Wisconsin",US,MISSED_BY_BLOCKING,I_legal_suffix_dominating,Lexical divergence across commercial branding,Address component intersection
S1-355646715,S2,S2-807869092,Gurudeva Memorial Trust,gurudevamemorialtrust.com,"177 Ukhali (Kh), Gangakhed, Parbhani, Maharashtra","177 UKHALI (KH), GANGAKHED, Maharashtra",India,MISSED_BY_BLOCKING,C_website_domain_variation,Candidate name is a website/domain with unsegmented words while S1 is legal entity,Pass A: Strip TLD + token stem concatenation + address anchor
S1-549571246,S3,S3-734897813,Youth Network,youthnetwork.com - 3717330428,"124 Oak Street, Aledo, TX","Oak Street, Aledo, Texas",US,MISSED_BY_BLOCKING,C_website_domain_variation,Candidate name is a website/domain with unsegmented words while S1 is legal entity,Pass A: Strip TLD + token stem concatenation + address anchor
S1-206069226,S3,S3-514208729,Foot & Ankle Group PLLC,Foot & Afkel Group PLLC,"2535 New York Avenue, Huntington, NY","New York, Huntington, 2535 New York Avenue",US,MISSED_BY_BLOCKING,I_legal_suffix_dominating,Lexical divergence across commercial branding,Address component intersection
S1-891241156,S3,S3-553394229,Venugopal & Co,@venugopal,"Thane, Maharashtra, Room No 704, Building No.3, Ostwal Orchid 1, 2&3, Kanakia Road Mira Road East, Thane, Vasai",,India,MISSED_BY_BLOCKING,D_website_redirect_weak_address,Domain name present but address is missing or disparate,Strict domain core exact match + country agreement
S1-906428444,S3,S3-129054940,Oncology Medicine Inc,oncologymedicine.com,"711 9th Street, Etowah, TN","711 Ninth Street, Etwah, Tennessee",US,MISSED_BY_BLOCKING,C_website_domain_variation,Candidate name is a website/domain with unsegmented words while S1 is legal entity,Pass A: Strip TLD + token stem concatenation + address anchor
S1-498776560,S2,S2-590856985,First Agro Private Limited,फर्स्ट एग्रो प्राइवेट लिमिटेड,"304 Siddharth Building 96 Nehru Place, New Delhi, South Delhi, Delhi","SOUTH DELHI, Delhi, NEW DELHI, 0304 SIDDHARTH BUILDING 96 NEHRU PLACE",India,MISSED_BY_BLOCKING,J_cross_script_dba,"One entity in native Indic script, other in English with different brand phrasing",Indic transliteration + consonant skeleton + address key
S1-116514910,S2,S2-9440419,Guru Ss Finance Private Limited,குரு எஸ்எஸ் ஃபைனான்ஸ் பிரைவேட் லிமிடெட்,"5B, 10&11, Vayalur Village Surarkapuram Road, Thiruvallur, Thiruvallur Taluk, Tamil Nadu, 200/5A","200/5A, THIRUVALLUR TALUK, THIRUVALLUR, Tamil Nadu",India,MISSED_BY_BLOCKING,J_cross_script_dba,"One entity in native Indic script, other in English with different brand phrasing",Indic transliteration + consonant skeleton + address key
S1-120216304,S3,S3-762119795,Shilpa Media Private Limited,shilpamedia.com,"No. 1192, 22Nd Cross, 24Th Main Road, 2Nd Sector, Hsr Layout, Bangalore, Karnataka","Door No 1192, Bangalore, KA",India,MISSED_BY_BLOCKING,C_website_domain_variation,Candidate name is a website/domain with unsegmented words while S1 is legal entity,Pass A: Strip TLD + token stem concatenation + address anchor
S1-749055841,S2,S2-48602217,My Engineering,మై ఇంజనీరింగ్,"H.No. 8-2-310, Rock House, 1St Floor, Road No.14, Khairatabad, Hyderabad, Telangana","NO 8-2-310, KHAIRATABAD, HYDERABAD, Andhra Pradesh",India,MISSED_BY_BLOCKING,J_cross_script_dba,"One entity in native Indic script, other in English with different brand phrasing",Indic transliteration + consonant skeleton + address key
S1-749055841,S2,S2-102274928,My Engineering,మై ఇంజనీరింగ్,"H.No. 8-2-310, Rock House, 1St Floor, Road No.14, Khairatabad, Hyderabad, Telangana","H.NO. 8-2-310, HYDERABAD, KHAIRATABAD, Andhra Pradesh",India,MISSED_BY_BLOCKING,J_cross_script_dba,"One entity in native Indic script, other in English with different brand phrasing",Indic transliteration + consonant skeleton + address key
S1-129074534,S2,S2-657619281,Global Estate Pvt Ltd,ग्लोबल एस्टेट प्रा. लि.,"Flat No. 143, Gali No.4, Bank Colony Mandoli, Delhi, North East, Delhi","DOOR NO 143, SHAHDARA, NORTH EAST, Delhi",India,MISSED_BY_BLOCKING,J_cross_script_dba,"One entity in native Indic script, other in English with different brand phrasing",Indic transliteration + consonant skeleton + address key
S1-129074534,S2,S2-875940439,Global Estate Pvt Ltd,ग्लोबल एस्टेट प्रा. लि.,"Flat No. 143, Gali No.4, Bank Colony Mandoli, Delhi, North East, Delhi","DELHI, SHAHDARA, H.NO 143, Delhi",India,MISSED_BY_BLOCKING,J_cross_script_dba,"One entity in native Indic script, other in English with different brand phrasing",Indic transliteration + consonant skeleton + address key
S1-721706825,S3,S3-158671290,Blue Dream International Limited,ब्लू ड्रीम इंटरनेशनल लिमिटेड,"Mig Ii No. 3/37, Jamunipur Colony, Bhadohi, Sant Ravi Das Nagar, Uttar Pradesh","Mig Ii No. 3/37, Bhadohi, UP",India,MISSED_BY_BLOCKING,J_cross_script_dba,"One entity in native Indic script, other in English with different brand phrasing",Indic transliteration + consonant skeleton + address key
S1-391664892,S3,S3-260917600,City Technologies Private Limited,ਸਿਟੀ ਟੈਕਨਾਲੋਜੀਜ਼ ਪ੍ਰਾਈਵੇਟ ਲਿਮਟਿਡ,"H. No. 1142, Gandhi Colony, Rajpura, Patiala, Punjab","054, Rajpura, Patiala, PB",India,MISSED_BY_BLOCKING,J_cross_script_dba,"One entity in native Indic script, other in English with different brand phrasing",Indic transliteration + consonant skeleton + address key
S1-391664892,S3,S3-841672111,City Technologies Private Limited,ਸਿਟੀ ਟੈਕਨਾਲੋਜੀਜ਼ ਪ੍ਰਾਈਵੇਟ ਲਿਮਟਿਡ,"H. No. 1142, Gandhi Colony, Rajpura, Patiala, Punjab","054, Rajpura, PB",India,MISSED_BY_BLOCKING,J_cross_script_dba,"One entity in native Indic script, other in English with different brand phrasing",Indic transliteration + consonant skeleton + address key
S1-333473481,S2,S2-401746735,Star Consulting Limited,स्टार कंसल्टिंग लिमिटेड,"6/65, Yashodhan Bhavan, Natwar Nagar Road No.4, Near Ismail Yusuf College, Jogeshwari (E, Ast), Mumbai, Bandra Suburban, Maharashtra","6/65, MUMBAI, BANDRA SUBURBAN, महाराष्ट्र",India,MISSED_BY_BLOCKING,J_cross_script_dba,"One entity in native Indic script, other in English with different brand phrasing",Indic transliteration + consonant skeleton + address key
S1-333473481,S3,S3-941114873,Star Consulting Limited,स्टार कंसल्टिंग लिमिटेड,"6/65, Yashodhan Bhavan, Natwar Nagar Road No.4, Near Ismail Yusuf College, Jogeshwari (E, Ast), Mumbai, Bandra Suburban, Maharashtra","006/65, Mumbai, Bandra Suburban, MH",India,MISSED_BY_BLOCKING,J_cross_script_dba,"One entity in native Indic script, other in English with different brand phrasing",Indic transliteration + consonant skeleton + address key
S1-654337066,S2,S2-96281403,Vijay Software Limited,विजय सॉफ्टवेयर लिमिटेड,"Village - Tilakpur, Anchal - Sultanganj, Bhagalpur, Bihar","BHAGALPUR, Bihar, NO 644 VILLAGE - TILAKPUR",India,MISSED_BY_BLOCKING,J_cross_script_dba,"One entity in native Indic script, other in English with different brand phrasing",Indic transliteration + consonant skeleton + address key
S1-654337066,S2,S2-986396244,Vijay Software Limited,विजय सॉफ्टवेयर लिमिटेड,"Village - Tilakpur, Anchal - Sultanganj, Bhagalpur, Bihar","H.NO 644 VILLAGE - TILAKPUR, ANCHAL - SULTANGANJ, BHAGALPUR, Bihar",India,MISSED_BY_BLOCKING,J_cross_script_dba,"One entity in native Indic script, other in English with different brand phrasing",Indic transliteration + consonant skeleton + address key
S1-781585592,S2,S2-369763068,Capital Council Inc,Capital Cgouncrl-Inc,"CT, Bridgeport, 428 Connecticut Avenue","CONNECTICUT AVENUE, BRIDGPEORT, CT",US,MISSED_BY_BLOCKING,I_legal_suffix_dominating,Lexical divergence across commercial branding,Address component intersection
S1-650333786,S2,S2-531956182,WR Studio Private Limited,#wrstudio,"30-17-33/B, Varanasi Vari Street, Seetarampuram, Vijayawada, Krishna, Andhra Pradesh","30-17-33/B., KRISHNA, ఆంధ్రప్రదేశ్",India,MISSED_BY_BLOCKING,B_brand_vs_parent_company,Short distinctive brand name vs multi-word parent company name,Single distinctive brand token + address door/plot number
S1-919094063,S2,S2-396879800,Jay Food Private Limited,जय फूड प्राइवेट लिमिटेड,"Nirthan, Kharkhoda, Kharkhoda, Haryana, C/O Rajpal, Sonipat","C/O RAJPAL, NIRTHAN, KHARKHODA, SONIPAT, हरियाणा",India,MISSED_BY_BLOCKING,J_cross_script_dba,"One entity in native Indic script, other in English with different brand phrasing",Indic transliteration + consonant skeleton + address key
S1-919094063,S3,S3-774430010,Jay Food Private Limited,जय फूड प्राइवेट लिमिटेड,"Nirthan, Kharkhoda, Kharkhoda, Haryana, C/O Rajpal, Sonipat","C/o Rajpal, Sonipat, HR",India,MISSED_BY_BLOCKING,J_cross_script_dba,"One entity in native Indic script, other in English with different brand phrasing",Indic transliteration + consonant skeleton + address key
S1-958725920,S2,S2-400224703,Shakti Industries Private Limited,शक्ति इंडस्ट्रीज प्राइवेट लिमिटेड,"06/1105, Tower 6, Malibu Towne Sohna Road, Gugaon, Gurgaon, Haryana","06/1105, GUGAON, GURGAON, Haryana",India,MISSED_BY_BLOCKING,J_cross_script_dba,"One entity in native Indic script, other in English with different brand phrasing",Indic transliteration + consonant skeleton + address key
S1-958725920,S3,S3-57203445,Shakti Industries Private Limited,शक्ति इंडस्ट्रीज प्राइवेट लिमिटेड,"06/1105, Tower 6, Malibu Towne Sohna Road, Gugaon, Gurgaon, Haryana","06/1105, Gugaon, Gurgaon, HR",India,MISSED_BY_BLOCKING,J_cross_script_dba,"One entity in native Indic script, other in English with different brand phrasing",Indic transliteration + consonant skeleton + address key
S1-927958634,S3,S3-86810008,Jain Properties,ଜୈନ ପ୍ରୋପର୍ଟିଜ୍,"Bhubaneswar, Orissa, Plot No- 260/4925, Khordha, Sunrise Colony, Ps-Chandrasekharpur","Plot No- 260/4925., Sunrise Colony, Ps-chandrasekharpur, Bhubaneswar, Khordha, Orissa",India,MISSED_BY_BLOCKING,J_cross_script_dba,"One entity in native Indic script, other in English with different brand phrasing",Indic transliteration + consonant skeleton + address key
S1-390384198,S3,S3-286749021,Best International Private Limited,బెస్ట్ ఇంటర్నేషనల్ ప్రైవేట్ లిమిటెడ్,"14-3-302/A, Andhra Pradesh, Hotel Gopi Krishna Opp: Venkateswara Theatre, Old Tiruchano, Or Road, Cuddapah, Tirupati","H.no 142 14-3-302/A, Chittor, Cuddapah, AP",India,MISSED_BY_BLOCKING,J_cross_script_dba,"One entity in native Indic script, other in English with different brand phrasing",Indic transliteration + consonant skeleton + address key
S1-928578632,S2,S2-715978089,Temple & Basford Greenland LLC,tbasfordcom,"NC, Winston-salem, 675 Main Street, Unit 107","WINSTON-SALEM, 75 MAIN STREET, NC",US,MISSED_BY_BLOCKING,B_brand_vs_parent_company,Short distinctive brand name vs multi-word parent company name,Single distinctive brand token + address door/plot number
S1-831090227,S3,S3-9648333,Urban International Private Limited,Urban International,"No 63/A Nethaji Road Pudur Ilaiyangudi Taluk Sivagangai Sivaganga Tn In, Sivaganga, Tamil Nadu",,India,MISSED_BY_BLOCKING,G_empty_or_weak_address,"Address is empty or severely truncated, preventing composite address blocking",Distinctive multi-word name signature fallback (min length 10)
S1-831090227,S3,S3-261533299,Urban International Private Limited,Urban International பிரைவேட் லிமிடெட்,"No 63/A Nethaji Road Pudur Ilaiyangudi Taluk Sivagangai Sivaganga Tn In, Sivaganga, Tamil Nadu",,India,MISSED_BY_BLOCKING,J_cross_script_dba,"One entity in native Indic script, other in English with different brand phrasing",Indic transliteration + consonant skeleton + address key
S1-533233593,S2,S2-442878082,White Developers Pvt Ltd,व्हाइट डेवलपर्स प्रा. लि.,"139, Ward No. 11, Vikash Nagar, Near Raja Lakhan Baba Mandir, Sonbhadra, Uttar Pradesh","NO. 542. 139, SONBHADRA, ROBERTSGANJ, उत्तर प्रदेश",India,MISSED_BY_BLOCKING,J_cross_script_dba,"One entity in native Indic script, other in English with different brand phrasing",Indic transliteration + consonant skeleton + address key
S1-413648762,S2,S2-971176262,Shreeji & Co,Shreeji (&),"Ch.-1, Plot No. 72, Shri Ram Nagar A, Kalwar Road, Jhotwara, Jaipur, Rajasthan",,India,MISSED_BY_BLOCKING,G_empty_or_weak_address,"Address is empty or severely truncated, preventing composite address blocking",Distinctive multi-word name signature fallback (min length 10)
S1-20948977,S2,S2-788799289,First Food Pvt Ltd,फर्स्ट फूड प्रा. लि.,"Faizabad, Sarveshwari Nagar, Uttar Pradesh, Behind Surya Complex Naka By Pass","SARVESHWARI NAGAR, BEHIND SURYA COMPLEX NAKA BY PASS, FAIZABAD, Uttar Pradesh",India,MISSED_BY_BLOCKING,J_cross_script_dba,"One entity in native Indic script, other in English with different brand phrasing",Indic transliteration + consonant skeleton + address key
S1-20948977,S3,S3-332066871,First Food Pvt Ltd,फर्स्ट फूड प्रा. लि.,"Faizabad, Sarveshwari Nagar, Uttar Pradesh, Behind Surya Complex Naka By Pass","Sarveshwari Nagar, N/A, Faizabad, UP",India,MISSED_BY_BLOCKING,J_cross_script_dba,"One entity in native Indic script, other in English with different brand phrasing",Indic transliteration + consonant skeleton + address key
S1-738996121,S2,S2-153056640,Southern Ram Power Private Limited,സതേൺ രാം പവർ പ്രൈവറ്റ് ലിമിറ്റഡ്,"8/154, Madaparambil Peringole, Kolenchery, Aikaranad North, Ernakulam, Kerala","8/154, Kerala, ERNAKULAM",India,MISSED_BY_BLOCKING,J_cross_script_dba,"One entity in native Indic script, other in English with different brand phrasing",Indic transliteration + consonant skeleton + address key
S1-63507969,S2,S2-785456932,New Delhi Ceramic Private Limited,Limited New Ceramic Private Partners,"Office No. 306 & 307, 3Rd Floor, Dlf Place, Plot No. A-4, District Centre, New Delhi, South Delhi, Delhi","SOUTH DELHI, Delhi, OFFICE NO. 306 & 307, NEW DELHI, 3RD FLOOR, DLF PLACE, PLOT NO. A-4, DISTRICT CENTRE",India,MISSED_BY_BLOCKING,I_legal_suffix_dominating,Lexical divergence across commercial branding,Address component intersection
S1-82526034,S2,S2-524597530,Dot (India) Solutions,dotindiasolutions.com,"F01-A 1 Centurion Mall, Plot No 89-91 Sector 19 A Nerul (East), Navi Mumbai, Mumbai City, Maharashtra","PLOT 495 F01-A 1 CENTURION MALL, PLOT NO 89-91 SECTOR 19 A NERUL (EAST), NAVI MUMBAI, null, Maharashtra",India,MISSED_BY_BLOCKING,C_website_domain_variation,Candidate name is a website/domain with unsegmented words while S1 is legal entity,Pass A: Strip TLD + token stem concatenation + address anchor
S1-619407649,S3,S3-875322696,Urgent Care Health LLC,urgentcarehealth.com,"41 Belcher Street, Essex, MA","41 Belcher Street, Essex, Massachusetts",US,MISSED_BY_BLOCKING,C_website_domain_variation,Candidate name is a website/domain with unsegmented words while S1 is legal entity,Pass A: Strip TLD + token stem concatenation + address anchor
S1-341296633,S2,S2-491020188,Ss Consultants Private Limited,एसएस कंसल्टेंट्स प्राइवेट लिमिटेड,"Lucknow, Uttar Pradesh, Lucknow, Diwan Ganj Road Mohan Lal Ganj","DIWAN GANJ ROAD MOHAN LAL GANJ, LUCKNOW, Uttar Pradesh",India,MISSED_BY_BLOCKING,J_cross_script_dba,"One entity in native Indic script, other in English with different brand phrasing",Indic transliteration + consonant skeleton + address key
S1-120761878,S2,S2-787062733,Sweet Educational Society,sweeteducationalsociety.com,"4181, Tower 4, Prestige Hillside Gateway, Infopark Road, Kakkanad, Ernakulam, Kerala","4181, TOWER 4, PRESTIGE HILLSIDE GATEWAY, INFOPARK ROAD, KAKKANAD, ERNAKULAM, Kerala",India,MISSED_BY_BLOCKING,C_website_domain_variation,Candidate name is a website/domain with unsegmented words while S1 is legal entity,Pass A: Strip TLD + token stem concatenation + address anchor
S1-939605313,S2,S2-669104438,Gnc Developers (India) Limited,gncdevelopersindia.com,"313, N. P. Centre New Dakbunglow Road, Patna, Bihar","Bihar, 3-13, N. P. CENTRE NEW DAKBUNGLOW ROAD, PATNA",India,MISSED_BY_BLOCKING,C_website_domain_variation,Candidate name is a website/domain with unsegmented words while S1 is legal entity,Pass A: Strip TLD + token stem concatenation + address anchor
S1-683886830,S3,S3-371224750,Hmv Traders Ltd,Hmv Ltd Center,"S No 28/220, Sarada Bld, Tambri Vibhag, Jijau Chowk Barshi Naka Nr Alahabad Bank, Osmanabad, Maharashtra",,India,MISSED_BY_BLOCKING,G_empty_or_weak_address,"Address is empty or severely truncated, preventing composite address blocking",Distinctive multi-word name signature fallback (min length 10)
S1-683886830,S3,S3-656427480,Hmv Traders Ltd,Kelonovi,"S No 28/220, Sarada Bld, Tambri Vibhag, Jijau Chowk Barshi Naka Nr Alahabad Bank, Osmanabad, Maharashtra","Osmanabad, महाराष्ट्र, S No 28/220",India,MISSED_BY_BLOCKING,B_brand_vs_parent_company,Short distinctive brand name vs multi-word parent company name,Single distinctive brand token + address door/plot number
S1-953052825,S2,S2-268061479,Supreme Software Private Limited,सुप्रीम सॉफ्टवेयर प्राइवेट लिमिटेड,"Maharashtra, Mumbai City, Mumbai, Worli Colony, 2 Floor 2 71 C Ramchandra Nakhwa House Kesharinathbuwa Bhaye Marg","##2 FLOOR 2 71 C RAMCHANDRA NAKHWA HOUSE KESHARINATHBUWA BHAYE MARG, MUMBAI, MUMBAI CITY, Maharashtra",India,MISSED_BY_BLOCKING,J_cross_script_dba,"One entity in native Indic script, other in English with different brand phrasing",Indic transliteration + consonant skeleton + address key
S1-953052825,S2,S2-873463936,Supreme Software Private Limited,सुप्रीम सॉफ्टवेयर प्राइवेट लिमिटेड,"Maharashtra, Mumbai City, Mumbai, Worli Colony, 2 Floor 2 71 C Ramchandra Nakhwa House Kesharinathbuwa Bhaye Marg","###2 FLOOR 2 71 C RAMCHANDRA NAKHWA HOUSE KESHARINATHBUWA BHAYE MARG, MUMBAI, MUMBAI CITY, महाराष्ट्र",India,MISSED_BY_BLOCKING,J_cross_script_dba,"One entity in native Indic script, other in English with different brand phrasing",Indic transliteration + consonant skeleton + address key
S1-953052825,S3,S3-857510763,Supreme Software Private Limited,Ciraonyx trading as Supreme Software Private Limited,"Maharashtra, Mumbai City, Mumbai, Worli Colony, 2 Floor 2 71 C Ramchandra Nakhwa House Kesharinathbuwa Bhaye Marg","2 Floor 2 71 C Ramchandra Nakhwa House Kesharinathbuwa Bhaye Marg, Worli Colony, Mumbai, Mumbai City, Maharashtra",India,MISSED_BY_BLOCKING,A_dba_vs_legal_entity,DBA keyword present separating trade brand from legal parent,Explicit DBA token splitting + alias indexing
S1-567073072,S3,S3-785850283,Fresh Bistro,Freshbistro.Com,"501 Hidden Valley Road, Wills Point, TX","Hidden Valley Rd, Wills Point, Texas",US,MISSED_BY_BLOCKING,C_website_domain_variation,Candidate name is a website/domain with unsegmented words while S1 is legal entity,Pass A: Strip TLD + token stem concatenation + address anchor
S1-141747263,S2,S2-698823192,New Delhi (india) Pvt Ltd,newdelhiindia.com,"322, Ansal Chember Ii Bikaji Cama Place, New Delhi, South Delhi, Delhi","322, ANSAL CHEMBER II BIKAJI CAMA PLACE, NEW DELHI, Delhi",India,MISSED_BY_BLOCKING,C_website_domain_variation,Candidate name is a website/domain with unsegmented words while S1 is legal entity,Pass A: Strip TLD + token stem concatenation + address anchor
S1-32048079,S2,S2-881452813,Galaxy Bombay Management Private Limited,गैलेक्सी बॉम्बे मैनेजमेंट प्राइवेट लिमिटेड,"South West Delhi, Delhi, Mansih Chamber-Iv, Plot No-7, Sector-12. Lsc Dwarka 3Rd Floor, Office No. T-6, Delhi","OFFICE NO. T-##6, MANSIH CHAMBER-IV, PLOT NO-7, SECTOR-12. LSC DWARKA 3RD FLOOR, DELHI, SOUTH WEST DELHI, Delhi",India,MISSED_BY_BLOCKING,J_cross_script_dba,"One entity in native Indic script, other in English with different brand phrasing",Indic transliteration + consonant skeleton + address key
S1-32048079,S3,S3-134350666,Galaxy Bombay Management Private Limited,गैलेक्सी बॉम्बे मैनेजमेंट प्राइवेट लिमिटेड,"South West Delhi, Delhi, Mansih Chamber-Iv, Plot No-7, Sector-12. Lsc Dwarka 3Rd Floor, Office No. T-6, Delhi","Office No. T-6., Delhi, South West Delhi, DL",India,MISSED_BY_BLOCKING,J_cross_script_dba,"One entity in native Indic script, other in English with different brand phrasing",Indic transliteration + consonant skeleton + address key
S1-818654914,S2,S2-542214245,Foot & Ankle Clinic Inc.,Dovavantage,"9 Blue Water Circle, Sacramento, CA","##9 BLUE WATER CIR, SACRAMENTO, CA",US,MISSED_BY_BLOCKING,B_brand_vs_parent_company,Short distinctive brand name vs multi-word parent company name,Single distinctive brand token + address door/plot number
S1-818654914,S3,S3-405614190,Foot & Ankle Clinic Inc.,footankle.com,"9 Blue Water Circle, Sacramento, CA","9 Blue Water Circle, Sacramento, California",US,MISSED_BY_BLOCKING,C_website_domain_variation,Candidate name is a website/domain with unsegmented words while S1 is legal entity,Pass A: Strip TLD + token stem concatenation + address anchor
S1-818654914,S3,S3-571886954,Foot & Ankle Clinic Inc.,Footankleclinic.Com,"9 Blue Water Circle, Sacramento, CA","9 Blue Water Circle, Sacramento, California",US,MISSED_BY_BLOCKING,C_website_domain_variation,Candidate name is a website/domain with unsegmented words while S1 is legal entity,Pass A: Strip TLD + token stem concatenation + address anchor
S1-740600107,S2,S2-303262676,Tech Enterprises (India) Limited,Shri TECH ENTERPRISES LIMITED CENTER,"53/4, Nehru Nagar West, Coimbatore South, Coimbatore, Tamil Nadu","53/4, NEHRU NAGAR WESM, COIMBATORE SOUTH, Tamil Nadu",India,MISSED_BY_BLOCKING,I_legal_suffix_dominating,Lexical divergence across commercial branding,Address component intersection
S1-457034629,S2,S2-794392489,Urban Hypnosis,Urban Hoypeosis,"638 Montclair Avenue, Princeton, TX","63 MONTCLAIR AVE, PRINCETON, TX",US,MISSED_BY_BLOCKING,I_legal_suffix_dominating,Lexical divergence across commercial branding,Address component intersection
S1-330055842,S2,S2-768669951,Liberty Boral Inc.,Liberty Brgoal Inc.,"32637 Fm 2925, Rio Hondo, Unit UNIT 74, TX",,US,MISSED_BY_BLOCKING,G_empty_or_weak_address,"Address is empty or severely truncated, preventing composite address blocking",Distinctive multi-word name signature fallback (min length 10)
S1-125687146,S2,S2-320293896,Lotus Developers Pvt Ltd,லோட்டஸ் டெவலப்பர்ஸ் பிரைவேட் லிமிடெட்,"2Nd Floor, Thirugnana Sambandar Street, Ram Nagar North, Madipakkam, Saidapet, Plot No.42, Tamil Nadu, Kanchipuram","#42, KANCHIPURAM, SAIDAPET, தமிழ்நாடு",India,MISSED_BY_BLOCKING,J_cross_script_dba,"One entity in native Indic script, other in English with different brand phrasing",Indic transliteration + consonant skeleton + address key
S1-125687146,S3,S3-958282983,Lotus Developers Pvt Ltd,லோட்டஸ் டெவலப்பர்ஸ் பிரைவேட் லிமிடெட்,"2Nd Floor, Thirugnana Sambandar Street, Ram Nagar North, Madipakkam, Saidapet, Plot No.42, Tamil Nadu, Kanchipuram","#42, Saidapet, Kanchipuram, TN",India,MISSED_BY_BLOCKING,J_cross_script_dba,"One entity in native Indic script, other in English with different brand phrasing",Indic transliteration + consonant skeleton + address key
S1-667439846,S3,S3-355463754,Jain Consultancy Private Limited,जैन कंसल्टेंसी प्राइवेट लिमिटेड,"3-A, Agrawal Nagar, Indore, Madhya Pradesh","मध्य प्रदेश, 3-A, Indore",India,MISSED_BY_BLOCKING,J_cross_script_dba,"One entity in native Indic script, other in English with different brand phrasing",Indic transliteration + consonant skeleton + address key
S1-667439846,S3,S3-791690064,Jain Consultancy Private Limited,जैन कंसल्टेंसी प्राइवेट लिमिटेड,"3-A, Agrawal Nagar, Indore, Madhya Pradesh","3-A, Indore, मध्य प्रदेश",India,MISSED_BY_BLOCKING,J_cross_script_dba,"One entity in native Indic script, other in English with different brand phrasing",Indic transliteration + consonant skeleton + address key
S1-30973270,S2,S2-243278243,Rev It Up Tavern!,Services It Up Tavern! Rev,"645 Division Street, Unit 1009, Nashville, TN","645 DIVISION STMEET, TN, NASHVILLE",US,MISSED_BY_BLOCKING,I_legal_suffix_dominating,Lexical divergence across commercial branding,Address component intersection
S1-30973270,S2,S2-901170759,Rev It Up Tavern!,REVITUP.COM,"645 Division Street, Unit 1009, Nashville, TN","645 DIVISION STREET, NASHVILLE, TN",US,MISSED_BY_BLOCKING,C_website_domain_variation,Candidate name is a website/domain with unsegmented words while S1 is legal entity,Pass A: Strip TLD + token stem concatenation + address anchor
S1-661098344,S3,S3-618252646,Aditya Infra Limited,আদিত্য ইনফ্রা লিমিটেড,"3Rd Floor, Room No - 6, Jugal Asha Apartment, Charakdanga, Barasat, Kolkata, Kolkata, Howrah, West Bengal","H.no 3Rd Floor, Kolkata, WB",India,MISSED_BY_BLOCKING,J_cross_script_dba,"One entity in native Indic script, other in English with different brand phrasing",Indic transliteration + consonant skeleton + address key
S1-996892533,S2,S2-927673271,Keystone Chesapeake,@keystonechesapeake,"56 90th Street, Leon, KS","LEON, KS, 90TH ST",US,MISSED_BY_BLOCKING,C_website_domain_variation,Candidate name is a website/domain with unsegmented words while S1 is legal entity,Pass A: Strip TLD + token stem concatenation + address anchor
S1-996892533,S2,S2-100171087,Keystone Chesapeake,Keystone Service,"56 90th Street, Leon, KS","90TH STREET, LEON, KS",US,MISSED_BY_BLOCKING,F_missing_business_name_tokens,Address matches strongly but business names have disparate commercial branding,High-precision address anchor (plot number + 2 distinctive street words)
S1-979434740,S3,S3-584064253,Impex Foundation Private Limited,Impex Flnudortoin Private Limited Limited,"Irrigation Colony, Beside Budhi Maa Temple, Jeypore(K), Koraput, Orissa","Irrigation Colony, Jeypore(k), Orissa",India,MISSED_BY_BLOCKING,I_legal_suffix_dominating,Lexical divergence across commercial branding,Address component intersection
S1-644972484,S2,S2-462066888,Blue Ministries,Blue Meisrties,"1931 3rd Avenue, WA, Seattle","193 3ST AVENUE, SEATTLE, WA",US,MISSED_BY_BLOCKING,I_legal_suffix_dominating,Lexical divergence across commercial branding,Address component intersection
S1-644972484,S2,S2-192012788,Blue Ministries,8lue Ministries,"1931 3rd Avenue, WA, Seattle","193 THIRD AVE, SEATTLE, WA",US,MISSED_BY_BLOCKING,I_legal_suffix_dominating,Lexical divergence across commercial branding,Address component intersection
S1-968115178,S3,S3-631409134,Helio Trading Limited,Shri heliotrading.com,"66, Braun Field Row, 2Nd Flr. S/E, Kolkata, Kolkata, Howrah, West Bengal","66, Chetla, WB",India,MISSED_BY_BLOCKING,C_website_domain_variation,Candidate name is a website/domain with unsegmented words while S1 is legal entity,Pass A: Strip TLD + token stem concatenation + address anchor
S1-284768132,S3,S3-717261891,XW Enterprises Private Limited,XW Enterprises,"Shop Ff-A3, Hetvi Avenue, Nr. Mansi Res, Dindoli, Surat, Gujarat","Surat, GJ, Shop Ff-a3, N/A",India,MISSED_BY_BLOCKING,I_legal_suffix_dominating,Lexical divergence across commercial branding,Address component intersection
S1-263935667,S3,S3-656884067,A Anchor Imperial LLC,A Anchor LLC  Center,"10491 T Street, Newkirk, OK","T Street, Newkirk, Oklahoma",US,MISSED_BY_BLOCKING,I_legal_suffix_dominating,Lexical divergence across commercial branding,Address component intersection
S1-263935667,S3,S3-952164188,A Anchor Imperial LLC,A Anchor-Imterifl LLC,"10491 T Street, Newkirk, OK","Newkirk, T Street, Oklahoma",US,MISSED_BY_BLOCKING,I_legal_suffix_dominating,Lexical divergence across commercial branding,Address component intersection
S1-263935667,S3,S3-132526224,A Anchor Imperial LLC,LLC A Anch0r Imperia1,"10491 T Street, Newkirk, OK","T St, Newkirk, Oklahoma",US,MISSED_BY_BLOCKING,I_legal_suffix_dominating,Lexical divergence across commercial branding,Address component intersection
S1-598852387,S2,S2-394350671,Municipals,Municipals (Inc),"140 Drivers Lane, Unit 4, Gallatin, TN","DRIVERS LANE, GALATIN, TN",US,MISSED_BY_BLOCKING,B_brand_vs_parent_company,Short distinctive brand name vs multi-word parent company name,Single distinctive brand token + address door/plot number
S1-598852387,S2,S2-947962409,Municipals,Muiiicpas,"140 Drivers Lane, Unit 4, Gallatin, TN","420 DRIVERS LN, GALATIN, TN",US,MISSED_BY_BLOCKING,B_brand_vs_parent_company,Short distinctive brand name vs multi-word parent company name,Single distinctive brand token + address door/plot number
S1-337559002,S2,S2-790668813,United Family Practice,unitedfamilypractice.com,"8927 140, Town Of Clinton, WI","927 140, CLINOTN CITY, WI",US,MISSED_BY_BLOCKING,C_website_domain_variation,Candidate name is a website/domain with unsegmented words while S1 is legal entity,Pass A: Strip TLD + token stem concatenation + address anchor
S1-992567403,S2,S2-756949980,Sai International Private Limited,साई इंटरनेशनल प्राइवेट लिमिटेड,"B36, Singh Bhumi, Khatipura, Kalwad, Rajasthan, Jaipur","JAIPUR, SINGH BHUMI, KHATIPURA, KALWAD, राजस्थान, B36, JAIPUR",India,MISSED_BY_BLOCKING,J_cross_script_dba,"One entity in native Indic script, other in English with different brand phrasing",Indic transliteration + consonant skeleton + address key
S1-811756311,S3,S3-374227864,Pediatric Dentistry Supreme Group,#Pediatricdentistry,"3467 County Road 2285, Cleveland, TX","Cleveland, NULL, 3467 1/2 County Road 2285, Texas",US,MISSED_BY_BLOCKING,B_brand_vs_parent_company,Short distinctive brand name vs multi-word parent company name,Single distinctive brand token + address door/plot number
S1-177182415,S2,S2-559311001,Vijay Investments Private Limited,विजय इन्वेस्टमेंट्स प्राइवेट लिमिटेड,"House Number 21, Ward Number 3 Kema Marg Dl 00404 Maharajpur, Maharajpur, Chhatarpur, Madhya Pradesh","HBUSE NUMBER ##21, MAHARAJPUR, CHHATARPUR, Madhya Pradesh",India,MISSED_BY_BLOCKING,J_cross_script_dba,"One entity in native Indic script, other in English with different brand phrasing",Indic transliteration + consonant skeleton + address key
S1-230938843,S2,S2-501001470,Tirupati Finance,तिरुपति फाइनेंस,"Kasturi, Colonelganj, Uttar Pradesh, Gonda, Haldarmau","KASTURI, HALDARMAU, GONDA, COLONELGANJ, Uttar Pradesh",India,MISSED_BY_BLOCKING,J_cross_script_dba,"One entity in native Indic script, other in English with different brand phrasing",Indic transliteration + consonant skeleton + address key
S1-727757471,S3,S3-895505733,Ace Agro Private Limited,ಏಸ್ ಅಗ್ರೋ ಪ್ರೈವೇಟ್ ಲಿಮಿಟೆಡ್,"C/O Elagaan Biztech Labs, 3Rd Floor, 166 Arekere Mico Layout, Bannerghatta Road, Bangalore, Karnataka","Bangalore, KA, null, H.no 55 C/o Elagaan Biztech Labs",India,MISSED_BY_BLOCKING,J_cross_script_dba,"One entity in native Indic script, other in English with different brand phrasing",Indic transliteration + consonant skeleton + address key
S1-271231195,S3,S3-700281535,Aditya Ventures,આદિત્ય વેન્ચર્સ,"Survey No 69/2, Pipaliya Char Rasta, Maliya Road, Chanchavadarda, Ta Maliya Miyana, Morbi, Rajkot, Gujarat","GJ, Morbi, #069/2, Rajkot",India,MISSED_BY_BLOCKING,J_cross_script_dba,"One entity in native Indic script, other in English with different brand phrasing",Indic transliteration + consonant skeleton + address key
S1-165227765,S3,S3-459352398,Primary Care Clinic Inc,Primary,"41 Welcome Street, Unit 6, Haverhill, MA","41 Welcome Street, Unit 6, Haverhill, MA",US,MISSED_BY_BLOCKING,B_brand_vs_parent_company,Short distinctive brand name vs multi-word parent company name,Single distinctive brand token + address door/plot number
S1-767342442,S3,S3-379685323,Ets International Private Limited,Ets International,"Plot No10-A, Kh No 25/16 First Floor, Village Salahpur, New Delhi, South Delhi, Delhi","DL, 10-A, Delhi",India,MISSED_BY_BLOCKING,I_legal_suffix_dominating,Lexical divergence across commercial branding,Address component intersection
S1-433290697,S3,S3-177200185,Big Technologies Private Limited,बिग टेक्नोलॉजीज प्राइवेट लिमिटेड,"Bismillah Soc, Chil -2 R-10 Kurla -R Capbakery Halav Pool, Mumbai, Mumbai City, Maharashtra","Mumbai Suburban, Mumbai, MH, #137 Bismillah Soc, Chil -2 R-10 Kurla -R Capbakery Halav Pool",India,MISSED_BY_BLOCKING,J_cross_script_dba,"One entity in native Indic script, other in English with different brand phrasing",Indic transliteration + consonant skeleton + address key
S1-402494894,S2,S2-603503906,U 3 W Synchrony Inc,U 3 W,"Kansas City, 8304 105th Street, MO","105ST ST, KANSASS CITY, MO",US,MISSED_BY_BLOCKING,F_missing_business_name_tokens,Address matches strongly but business names have disparate commercial branding,High-precision address anchor (plot number + 2 distinctive street words)
S1-478355938,S3,S3-91706927,Assam Constructions Private Limited,assamconstructionsprivate.com (ID: 42094),"Nte-206, Gole Bazar Rly Market, P.O. - Kharagpur, Paschim Medinipur, Kharagpur, Midnapore, West Bengal","Kharagpur, Nte-a-206, WB, Midnapore",India,MISSED_BY_BLOCKING,C_website_domain_variation,Candidate name is a website/domain with unsegmented words while S1 is legal entity,Pass A: Strip TLD + token stem concatenation + address anchor
S1-399280279,S2,S2-44731963,Sun Management,सन मैनेजमेंट,"E-154, Terrace Room, 4Th Floor, New Delhi, South Delhi, Delhi","E-154, DIVREPORTINGCIRCLE, दिल्ली",India,MISSED_BY_BLOCKING,J_cross_script_dba,"One entity in native Indic script, other in English with different brand phrasing",Indic transliteration + consonant skeleton + address key
S1-766292411,S3,S3-17158322,Swift Fashions Olpad,swiftfashionsolpad.com,"1St Floor, Plot No. 11, Arya Texo Park 5, Olpad Atodara Road, Olpad Surat, Olpad, Surat, Gujarat","Door No 1St Floor, Surat, GJ",India,MISSED_BY_BLOCKING,D_website_redirect_weak_address,Domain name present but address is missing or disparate,Strict domain core exact match + country agreement
S1-629063625,S2,S2-891533583,International Constructions Private Limited,इंटरनेशनल कंस्ट्रक्शंस प्राइवेट लिमिटेड,"851/2, (New 584/2), Koregaon Bhima, Taluka- Shirur, Pune, Maharashtra","51/2, PUNE, Maharashtra",India,MISSED_BY_BLOCKING,J_cross_script_dba,"One entity in native Indic script, other in English with different brand phrasing",Indic transliteration + consonant skeleton + address key
S1-778442477,S2,S2-28045503,Horizon Digital Holdings,Horizon Holdings Center,"1110 Jefferson Street, Waxahachie, TX",,US,MISSED_BY_BLOCKING,G_empty_or_weak_address,"Address is empty or severely truncated, preventing composite address blocking",Distinctive multi-word name signature fallback (min length 10)
S1-612484899,S2,S2-639169093,Physical Therapy Care Associates Center,PHYSICALTHERAPYCARE.COM,"1168 Mere Point Road, Brunswick, ME","1168 Mere Point Rd, BRUNSWICK, ME",US,MISSED_BY_BLOCKING,C_website_domain_variation,Candidate name is a website/domain with unsegmented words while S1 is legal entity,Pass A: Strip TLD + token stem concatenation + address anchor
S1-825774567,S3,S3-962279543,Big Constructions Private Limited,ಬಿಗ್ ಕನ್‌ಸ್ಟ್ರಕ್ಷನ್ಸ್ ಪ್ರೈವೇಟ್ ಲಿಮಿಟೆಡ್,"A1, Super Pramod Residency, 289, 5Th Main, Mallesh Palya, Near National Center For Excellen, Ce School, Bangalore, Karnataka","A5-1, Bangalore, KA",India,MISSED_BY_BLOCKING,J_cross_script_dba,"One entity in native Indic script, other in English with different brand phrasing",Indic transliteration + consonant skeleton + address key
S1-327425253,S3,S3-535780115,Sanchez and Bustamante Newbury,Kelonovi,"3015 Sheridan Drive, Amherst, NY","Sheridan Drive, PMB 9077, Amherst, New York",US,MISSED_BY_BLOCKING,B_brand_vs_parent_company,Short distinctive brand name vs multi-word parent company name,Single distinctive brand token + address door/plot number
S1-303755060,S3,S3-592595813,Seven Beverages,Wexveo doing business as Seven Beverages,"New Delhi, Delhi, New Delhi, T/F, Sadh Nagar, Palam Colony, Gali No-9, Wz 56A/1","Wz 56A/1, T/F, Sadh Nagar, Palam Colony, Gali No-9, New Delhi, Delhi",India,MISSED_BY_BLOCKING,I_legal_suffix_dominating,Lexical divergence across commercial branding,Address component intersection
S1-303755060,S2,S2-839533786,Seven Beverages,Seven Center,"New Delhi, Delhi, New Delhi, T/F, Sadh Nagar, Palam Colony, Gali No-9, Wz 56A/1",,India,MISSED_BY_BLOCKING,G_empty_or_weak_address,"Address is empty or severely truncated, preventing composite address blocking",Distinctive multi-word name signature fallback (min length 10)
S1-638016430,S3,S3-555575622,Vision Group,VISION VISION GROUP Enterprises,"OH, Killbuck, 186 Grover Street",,US,MISSED_BY_BLOCKING,G_empty_or_weak_address,"Address is empty or severely truncated, preventing composite address blocking",Distinctive multi-word name signature fallback (min length 10)
S1-848337111,S3,S3-772111286,Al Tech Enterprises Limited,अल टेक एंटरप्राइजेज लिमिटेड,"Mcf-67, Bhoor Colony, Old Faridabad, Faridabad, C/O Shri Chand, Haryana, Faridabad","C/o Shri Chand, Faridabad, HR",India,MISSED_BY_BLOCKING,J_cross_script_dba,"One entity in native Indic script, other in English with different brand phrasing",Indic transliteration + consonant skeleton + address key
S1-848337111,S3,S3-963548712,Al Tech Enterprises Limited,अल टेक एंटरप्राइजेज लिमिटेड,"Mcf-67, Bhoor Colony, Old Faridabad, Faridabad, C/O Shri Chand, Haryana, Faridabad","C/o Shri Chand, Faridabad, हरियाणा",India,MISSED_BY_BLOCKING,J_cross_script_dba,"One entity in native Indic script, other in English with different brand phrasing",Indic transliteration + consonant skeleton + address key
S1-50405650,S2,S2-288676339,New Trading Private Limited,न्यू ट्रेडिंग प्राइवेट लिमिटेड,"Mumbai, C1 Aditya Birla Centres K Ahire Marg Worli, Maharashtra, Mumbai","C01 ADITYA BRLA CENTRES K AHIRE MARG WORLI, MUMBAI, Maharashtra",India,MISSED_BY_BLOCKING,J_cross_script_dba,"One entity in native Indic script, other in English with different brand phrasing",Indic transliteration + consonant skeleton + address key
S1-50405650,S3,S3-432412079,New Trading Private Limited,New Trldoning Private Limited,"Mumbai, C1 Aditya Birla Centres K Ahire Marg Worli, Maharashtra, Mumbai","C1 Aditya Birla Centres K Ahire Marg Worli, Mumbai, MH",India,MISSED_BY_BLOCKING,I_legal_suffix_dominating,Lexical divergence across commercial branding,Address component intersection
S1-845829210,S3,S3-842729013,Infinite Research Limited,infiniteresearch.com,"H.No 8-2-293/82/J/B/60, 1St Floor Journalists Colony, Shaikpet, Hyderabad, Telangana","Shaikpet, NULL, H.no 8-2-293/82/J/B/60., తెలంగాణ, Hyderabad",India,MISSED_BY_BLOCKING,C_website_domain_variation,Candidate name is a website/domain with unsegmented words while S1 is legal entity,Pass A: Strip TLD + token stem concatenation + address anchor
S1-819966462,S3,S3-149143737,R M & E Renewables P.C.,Zephorbidrex,"3451 46, NY, Hopewell","3451 1/2 46, Canandaigua, New York",US,MISSED_BY_BLOCKING,B_brand_vs_parent_company,Short distinctive brand name vs multi-word parent company name,Single distinctive brand token + address door/plot number
S1-191560269,S2,S2-321299931,Green Tech Finance,ग्रीन टेक फाइनेंस,"178K, Dumari Ekhalas, Barmehia, Hetimpur, Deoria Sadar, Deoria, Uttar Pradesh","DEORIA, 178K, DEORIA SADAR, Uttar Pradesh, DUMARI EKHALAS, BARMEHIA, HETIMPUR",India,MISSED_BY_BLOCKING,J_cross_script_dba,"One entity in native Indic script, other in English with different brand phrasing",Indic transliteration + consonant skeleton + address key
S1-625885747,S2,S2-821405807,Seven Sunrise Power Private Limited,सेवन सनराइज पावर प्राइवेट लिमिटेड,"F-1, Siddhi Vinayak Complex Near Sanganer Stadium, Sanganer, Jaipur, Rajasthan","NO 940 F-1, JAIPUR, Rajasthan",India,MISSED_BY_BLOCKING,J_cross_script_dba,"One entity in native Indic script, other in English with different brand phrasing",Indic transliteration + consonant skeleton + address key
S1-329245082,S2,S2-153096499,Balaji International Pvt Ltd,बालाजी इंटरनेशनल प्रा. लि.,"Mewatipura, Bahraich, Uttar Pradesh, Bahraich, Near - Shyam Karan Awas","MEWATIPURA, NEAR - SHYAM KARAN AWAS, BAHRAICH, Uttar Pradesh",India,MISSED_BY_BLOCKING,J_cross_script_dba,"One entity in native Indic script, other in English with different brand phrasing",Indic transliteration + consonant skeleton + address key
S1-136329156,S3,S3-518441474,Baba Care Pvt Ltd,பாபா கேர் பிரைவேட் லிமிடெட்,"No.43, Vgn Mahalakshmi Nag, Iiird Main Road, Poonamallee, Tiruvallur, Tamil Nadu","Door No 43, Tiruvallur, Poonamallee, TN",India,MISSED_BY_BLOCKING,J_cross_script_dba,"One entity in native Indic script, other in English with different brand phrasing",Indic transliteration + consonant skeleton + address key
S1-100873232,S2,S2-914900115,Royal Bharat It,ராயல் பாரத் ஐடி,"No.6, 9Th Street, Thillai Ganga Nagar, Nanganallur, Chennai, Tamil Nadu","NO.6, CHENNAI, Tamil Nadu",India,MISSED_BY_BLOCKING,J_cross_script_dba,"One entity in native Indic script, other in English with different brand phrasing",Indic transliteration + consonant skeleton + address key
S1-457538731,S2,S2-697257669,Aim & Sons Private Limited,aimsons.com,"Flat No.7, Tejkamal Bldg., 1St Floor, 12Th Road, Vakola, Santa Cruz East, Mumbai, Mumbai City, Maharashtra","Maharashtra, DOOR NO 7 , TEJKAMAL BLDG., 1ST FLOOR, 12TH ROAD, VAKOLA, SANTA CRUZ EAST, MUMBAI",India,MISSED_BY_BLOCKING,C_website_domain_variation,Candidate name is a website/domain with unsegmented words while S1 is legal entity,Pass A: Strip TLD + token stem concatenation + address anchor
S1-457538731,S2,S2-284144727,Aim & Sons Private Limited,aimsons.com,"Flat No.7, Tejkamal Bldg., 1St Floor, 12Th Road, Vakola, Santa Cruz East, Mumbai, Mumbai City, Maharashtra","NO 7 , TEJKAMAL BLDG., 1ST FLOOR, 12TH ROAD, VAKOLA, SANTA CRUZ EAST, MUMBAI, Maharashtra",India,MISSED_BY_BLOCKING,C_website_domain_variation,Candidate name is a website/domain with unsegmented words while S1 is legal entity,Pass A: Strip TLD + token stem concatenation + address anchor
S1-750239667,S2,S2-74290399,Sun Food Private Limited,সান ফুড প্রাইভেট লিমিটেড,"Howrah, Kolkata, 1St Floor 1 Motilal Bysack Lane, Kolkata, Ashtitva Complex, West Bengal","ASHTITVA COMPLEX, 1ST FLOOR 1 MOTILAL BYSACK LANE, KOLKATA, KOLKATA, West Bengal",India,MISSED_BY_BLOCKING,J_cross_script_dba,"One entity in native Indic script, other in English with different brand phrasing",Indic transliteration + consonant skeleton + address key
S1-414888397,S2,S2-705169915,Star Foundation Private Limited,ಸ್ಟಾರ್ ಫೌಂಡೇಶನ್ ಪ್ರೈವೇಟ್ ಲಿಮಿಟೆಡ್,"Grd Floor, The Landmark, No 28, Assaye Road, Bangalore North, Bangalore, Karnataka","GRD FLOOR, BANGALORE URBAN, Karnataka",India,MISSED_BY_BLOCKING,J_cross_script_dba,"One entity in native Indic script, other in English with different brand phrasing",Indic transliteration + consonant skeleton + address key
S1-357690932,S3,S3-400272157,Perfect Solutions Private Limited,పర్‌ఫెక్ట్ సొల్యూషన్స్ ప్రైవేట్ లిమిటెడ్,"Telangana, 35-3-307/1 Fci Colony, Warangal Urban, Hanamkonda, Hanamkanda","35-3-307/1 Fci Coony, Hanamkanda, Hanamkonda, Warangal Urban, TG",India,MISSED_BY_BLOCKING,J_cross_script_dba,"One entity in native Indic script, other in English with different brand phrasing",Indic transliteration + consonant skeleton + address key
S1-357690932,S3,S3-860711501,Perfect Solutions Private Limited,Perfect సొల్యూషన్స్ ప్రైవేట్ లిమిటెడ్,"Telangana, 35-3-307/1 Fci Colony, Warangal Urban, Hanamkonda, Hanamkanda",,India,MISSED_BY_BLOCKING,J_cross_script_dba,"One entity in native Indic script, other in English with different brand phrasing",Indic transliteration + consonant skeleton + address key
S1-986915306,S3,S3-621925784,Silver Grill,silvergrill.c0m,"2323 General Arnold Street, Albuquerque, NM","General Arnold St, New Mexico, Albuquerque",US,MISSED_BY_BLOCKING,I_legal_suffix_dominating,Lexical divergence across commercial branding,Address component intersection
S1-704389484,S2,S2-773451507,Swastik Business,స్వస్తిక్ బిజినెస్,"D No 1-9-295/21, Brahmam Gari Matam, Musheerabad, Hyderabad, Telangana","H.NO -9-295/21, MUSHEERABAD, HYDERABAD, Andhra Pradesh",India,MISSED_BY_BLOCKING,J_cross_script_dba,"One entity in native Indic script, other in English with different brand phrasing",Indic transliteration + consonant skeleton + address key
S1-704389484,S2,S2-666907026,Swastik Business,స్వస్తిక్ బిజినెస్,"D No 1-9-295/21, Brahmam Gari Matam, Musheerabad, Hyderabad, Telangana","#-9-295/21, MUSHEERABAD, HYDERABAD, Andhra Pradesh",India,MISSED_BY_BLOCKING,J_cross_script_dba,"One entity in native Indic script, other in English with different brand phrasing",Indic transliteration + consonant skeleton + address key
S1-921795519,S3,S3-311331587,Economic Development Project II LLC,Evovio,"71555 59, Little River, AL","71555 59, Little River, Alabama",US,MISSED_BY_BLOCKING,B_brand_vs_parent_company,Short distinctive brand name vs multi-word parent company name,Single distinctive brand token + address door/plot number
S1-275135699,S2,S2-48419810,Maa Energy Private Limited,ಮಾ ಎನರ್ಜಿ ಪ್ರೈವೇಟ್ ಲಿಮಿಟೆಡ್,"Awfis, 24 Residency Road, Saberi Complex Bangalore Karnataka, Bangalore North, Bangalore, Karnataka","Karnataka, BLOCK D-994 AWFIS, BANGALORE",India,MISSED_BY_BLOCKING,J_cross_script_dba,"One entity in native Indic script, other in English with different brand phrasing",Indic transliteration + consonant skeleton + address key
S1-815064564,S2,S2-581379344,Southern Food Pvt Ltd,Southern Fodldo Pvt Ltd,"Santosh Sadan, New Adarsh Society, Sanala Road, Morbi, Rajkot, Gujarat","BLOCK F-537 SANTOSH SADAN, NEW ADARSH SOCIETY, SANALA ROAD, MORBI, ગુજરાત",India,MISSED_BY_BLOCKING,I_legal_suffix_dominating,Lexical divergence across commercial branding,Address component intersection
S1-916355603,S3,S3-297535414,Chennai Exim,#chennaiexim,"Kancheepuram, Chennai, Tamil Nadu, No 4, Phoenit Tower, Venkatesh Chowdary Street, Tambaram West","H.no 4, Phoenit Tower, Venkatesh Chowdary Street, Tambaram West, Chennai, Kancheepuram, TN",India,MISSED_BY_BLOCKING,B_brand_vs_parent_company,Short distinctive brand name vs multi-word parent company name,Single distinctive brand token + address door/plot number
S1-108158188,S3,S3-272735166,Black Consultancy Pvt Ltd,ब्लैक कंसल्टेंसी Pvt Ltd,"C/O Smt Subhadrabai Panditrao More At Golapangri, Jalna, Maharashtra","C/o Smt Subhgdrabai Panditrao More At Golapangri, Jalna, MH",India,MISSED_BY_BLOCKING,J_cross_script_dba,"One entity in native Indic script, other in English with different brand phrasing",Indic transliteration + consonant skeleton + address key
S1-278523742,S2,S2-128469755,Cherry & Co Co,Crery & Co Co,"202, Gurukrupa Apartments, Paryawaran Nagar, Somalwada Square, Wardha Road, Nagpur, Maharashtra","202, WARDHA ROAD, NAGPUR, महाराष्ट्र",India,MISSED_BY_BLOCKING,I_legal_suffix_dominating,Lexical divergence across commercial branding,Address component intersection
S1-913662922,S2,S2-823588388,Carmona Equity Partners LLC,Dovayuma,"2288 Old 101 Road, Liberty, Unit 486, IN","2288 OLD 101 RD, LIBERTY, IN",US,MISSED_BY_BLOCKING,B_brand_vs_parent_company,Short distinctive brand name vs multi-word parent company name,Single distinctive brand token + address door/plot number
S1-230836398,S2,S2-235943013,Commission on Transportation,Commission Transportation (Center),"TX, 90 Adcock Road, Somerset","SOMERSET, 90 AMCOCK RD, TX",US,MISSED_BY_BLOCKING,I_legal_suffix_dominating,Lexical divergence across commercial branding,Address component intersection
S1-230836398,S2,S2-196263187,Commission on Transportation,Commission Transportation  Services,"TX, 90 Adcock Road, Somerset","90 ADCOCK RD, SOMERSET, TX",US,MISSED_BY_BLOCKING,I_legal_suffix_dominating,Lexical divergence across commercial branding,Address component intersection
S1-185008013,S3,S3-772086787,Primary Care Clinic,Primary Ccare Clinic,"10601 Seven Oaks Drive, Spotsylvania County, VA","010601 Seven Oaks Drive, Spotsylvaniia, Virginia",US,MISSED_BY_BLOCKING,I_legal_suffix_dominating,Lexical divergence across commercial branding,Address component intersection
S1-210403116,S3,S3-905989859,Pioneer Industries Private Limited,ਪਾਇਨੀਅਰ ਇੰਡਸਟ੍ਰੀਜ਼ ਪ੍ਰਾਈਵੇਟ ਲਿਮਟਿਡ,"Zirakpur Kalka Highway Opposite Maharani Regency Hotel, Punjab, Zirakpur, Patiala","Patiala, Zirakpur, Zirakpur Kalka Highway Opposite Maharani Regency Hotel, PB",India,MISSED_BY_BLOCKING,J_cross_script_dba,"One entity in native Indic script, other in English with different brand phrasing",Indic transliteration + consonant skeleton + address key
S1-605078338,S2,S2-442205777,Urban Tech Construction Pvt Ltd,അർബൻ ടെക് കൺസ്ട്രക്ഷൻ പ്രൈവറ്റ് ലിമിറ്റഡ്,"Cheluveedu House, Kerala, Malappuram, Malapuram, Near High School, Kolakkattuchali, Tirurangadi","MALAPPURAM, CHELUVEEDU HOUSE, Keralam, MALAPURAM",India,MISSED_BY_BLOCKING,J_cross_script_dba,"One entity in native Indic script, other in English with different brand phrasing",Indic transliteration + consonant skeleton + address key
S1-935963979,S3,S3-466886529,Tirumala Lab Ltd,Tirumala Ltd Services,"1869/2, Nahan House, Ambala, Haryana",,India,MISSED_BY_BLOCKING,G_empty_or_weak_address,"Address is empty or severely truncated, preventing composite address blocking",Distinctive multi-word name signature fallback (min length 10)
S1-823741411,S2,S2-108305801,Ss Tech Private Limited,एसएस टेक प्राइवेट लिमिटेड,"South West Delhi, S.F.S Flat No-159, Delhi, Sf, Cat, Iii, Sec-9, Pkt-1, Dwarka, New Delhi","S.F.S FLAT NO-1-59, NEW DELHI, SOUTH WEST DELHI, Delhi",India,MISSED_BY_BLOCKING,J_cross_script_dba,"One entity in native Indic script, other in English with different brand phrasing",Indic transliteration + consonant skeleton + address key
S1-242951025,S2,S2-322307164,Pediatric Dental Vanguard Medicine,dentalpediatricvanguard.com,"1090 Mt Horeb Road, Oakvale, WV","OAKVALE, 9090 MT HOREB ROAD, WV",US,MISSED_BY_BLOCKING,C_website_domain_variation,Candidate name is a website/domain with unsegmented words while S1 is legal entity,Pass A: Strip TLD + token stem concatenation + address anchor
S1-242951025,S2,S2-119629475,Pediatric Dental Vanguard Medicine,PEDIATRIC MEDICINE VANGUARD DEHNCAL,"1090 Mt Horeb Road, Oakvale, WV","9090 MT HOREB ROAD, OAKVALE, WV",US,MISSED_BY_BLOCKING,I_legal_suffix_dominating,Lexical divergence across commercial branding,Address component intersection
S1-242951025,S3,S3-366180818,Pediatric Dental Vanguard Medicine,Pediatric Denta1 Vanguard,"1090 Mt Horeb Road, Oakvale, WV","1090b Mt Horeb Rd, Oakvale, West Virginia",US,MISSED_BY_BLOCKING,I_legal_suffix_dominating,Lexical divergence across commercial branding,Address component intersection
S1-301715897,S3,S3-504214265,Vijay Properties Private Limited,Vijayproperties.Com,"Genome Valley, Turkapally (V), Shamirpet Mandal, Building-450, Telangana, Rangareddy, Hyderabad","Building-40, Hyderabad, Andhra Pradesh, Rangareddy",India,MISSED_BY_BLOCKING,C_website_domain_variation,Candidate name is a website/domain with unsegmented words while S1 is legal entity,Pass A: Strip TLD + token stem concatenation + address anchor
S1-301715897,S2,S2-887570267,Vijay Properties Private Limited,విజయ్ ప్రాపర్టీస్ ప్రైవేట్ లిమిటెడ్,"Genome Valley, Turkapally (V), Shamirpet Mandal, Building-450, Telangana, Rangareddy, Hyderabad","BUILDING-450, RANGAREDDY, HYDERABAD, తెలంగాణ",India,MISSED_BY_BLOCKING,J_cross_script_dba,"One entity in native Indic script, other in English with different brand phrasing",Indic transliteration + consonant skeleton + address key
S1-5533538,S2,S2-276765363,Srk Traders Private Limited,5rk Traders Private Limited,"Ff Kh No. 42, 43, 44, Vipin Garden Extn. Near Gali No. 34, Delhi, Plot No. G-1, West Delhi","H.NO 753 PLOT NO. G-1, DELHI, WEST DELHI, Delhi",India,MISSED_BY_BLOCKING,I_legal_suffix_dominating,Lexical divergence across commercial branding,Address component intersection
S1-384775154,S3,S3-195806423,Barnett Institute of Technology LLC,Brixnyla,"VA, Prince William County, Unit UNIT 201, 1516 Constellation Place","1516-1520 Constellation Place, # UNIT 201, Woodbridge, Virginia",US,MISSED_BY_BLOCKING,B_brand_vs_parent_company,Short distinctive brand name vs multi-word parent company name,Single distinctive brand token + address door/plot number
S1-384775154,S2,S2-631201381,Barnett Institute of Technology LLC,barnettinstitutetechnology.com,"VA, Prince William County, Unit UNIT 201, 1516 Constellation Place","1516 CONSTELLATION PLACE, PRINCE WILLIAM COUNTY, VA",US,MISSED_BY_BLOCKING,C_website_domain_variation,Candidate name is a website/domain with unsegmented words while S1 is legal entity,Pass A: Strip TLD + token stem concatenation + address anchor
S1-813196491,S2,S2-563177618,Kline Manufacturing LLC,kmanufacturing.com,"3260 State Rte 141, Gallipolis, OH","3260 STATE RTE 141, GREEN TWP, OH",US,MISSED_BY_BLOCKING,C_website_domain_variation,Candidate name is a website/domain with unsegmented words while S1 is legal entity,Pass A: Strip TLD + token stem concatenation + address anchor
S1-955562230,S2,S2-964333348,"Thompson, Valentine, Esq., DDS PC",thompsonvalentineesq.com,"213 Highland Avenue, New Albany, IN","IN, NEW ALBANY, 1 HIGHLAND AVENUE",US,MISSED_BY_BLOCKING,C_website_domain_variation,Candidate name is a website/domain with unsegmented words while S1 is legal entity,Pass A: Strip TLD + token stem concatenation + address anchor
S1-40673398,S3,S3-906156370,Seven Global Private Limited,Seven Global Limited [Center],"Raibareilly, 30Feroz Gandh Nagar Rai Bareli, Uttar Pradesh","N/A, UP, Uttar Pradesh, No 30Feroz Gandh Nagar Rai Bareli, Raibareilly",India,MISSED_BY_BLOCKING,I_legal_suffix_dominating,Lexical divergence across commercial branding,Address component intersection
S1-40673398,S2,S2-417413636,Seven Global Private Limited,सेवन ग्लोबल प्राइवेट लिमिटेड,"Raibareilly, 30Feroz Gandh Nagar Rai Bareli, Uttar Pradesh","H.NO 30FERO GANDH NAGAR RAI BARELI, RAEBARELI, UTTAR PRADESH",India,MISSED_BY_BLOCKING,J_cross_script_dba,"One entity in native Indic script, other in English with different brand phrasing",Indic transliteration + consonant skeleton + address key
S1-40673398,S3,S3-558490136,Seven Global Private Limited,सेवन ग्लोबल प्राइवेट लिमिटेड,"Raibareilly, 30Feroz Gandh Nagar Rai Bareli, Uttar Pradesh","30Feroz Gandh Nagar Rai Bareli, N/A, Uttar Pradesh, Raibareilly, UP",India,MISSED_BY_BLOCKING,J_cross_script_dba,"One entity in native Indic script, other in English with different brand phrasing",Indic transliteration + consonant skeleton + address key
S1-337265868,S3,S3-959331681,Urban Agro Private Limited,अर्बन एग्रो प्राइवेट लिमिटेड,"C/O Md Hashim, Rampur, Kuddarkatti, Balu Chauk, Araria, Bihar","C/o Md Hastim, Rampur, Kuddarkatti, Balu Chauk, Araria, BR",India,MISSED_BY_BLOCKING,J_cross_script_dba,"One entity in native Indic script, other in English with different brand phrasing",Indic transliteration + consonant skeleton + address key
S1-741748884,S3,S3-998828375,Global Business Pvt Ltd,ग्लोबल बिजनेस प्रा. लि.,"F-178, Bichhwal Industrial Area, Bikaner, Rajasthan","F-778, Bikaner, राजस्थान",India,MISSED_BY_BLOCKING,J_cross_script_dba,"One entity in native Indic script, other in English with different brand phrasing",Indic transliteration + consonant skeleton + address key
S1-412914735,S3,S3-546903424,Indo Technologies Private Limited,इंडो टेक्नोलॉजीज प्राइवेट लिमिटेड,"A-494, Ground Floor G.D Colony, Mayur Vihar, Ph-3, Delhi, East Delhi, Delhi","A-494, DL, East Delhi, Delhi",India,MISSED_BY_BLOCKING,J_cross_script_dba,"One entity in native Indic script, other in English with different brand phrasing",Indic transliteration + consonant skeleton + address key
S1-412914735,S3,S3-209103735,Indo Technologies Private Limited,इंडो टेक्नोलॉजीज प्राइवेट लिमिटेड,"A-494, Ground Floor G.D Colony, Mayur Vihar, Ph-3, Delhi, East Delhi, Delhi","A-494, East Delhi, Delhi, DL",India,MISSED_BY_BLOCKING,J_cross_script_dba,"One entity in native Indic script, other in English with different brand phrasing",Indic transliteration + consonant skeleton + address key
S1-412914735,S2,S2-972459254,Indo Technologies Private Limited,इंडो टेक्नोलॉजीज प्राइवेट लिमिटेड,"A-494, Ground Floor G.D Colony, Mayur Vihar, Ph-3, Delhi, East Delhi, Delhi","A-494., DELHI, EAST DELHI, Delhi",India,MISSED_BY_BLOCKING,J_cross_script_dba,"One entity in native Indic script, other in English with different brand phrasing",Indic transliteration + consonant skeleton + address key
S1-961382272,S2,S2-532727453,Keystone Douglas LLC,keystonedouglas.com,"1922 Baldwin Road, Reynoldsburg, OH","BALDWIN RD, REYNOLDSBUGR CDP, OH",US,MISSED_BY_BLOCKING,C_website_domain_variation,Candidate name is a website/domain with unsegmented words while S1 is legal entity,Pass A: Strip TLD + token stem concatenation + address anchor
S1-961584291,S3,S3-414409019,May Sprott Inc,May Sfrott Inc,"1978 Blackburn Way, Badger, AK",,US,MISSED_BY_BLOCKING,G_empty_or_weak_address,"Address is empty or severely truncated, preventing composite address blocking",Distinctive multi-word name signature fallback (min length 10)
S1-424050882,S3,S3-37198119,Ram Foods LLP,Ram LLP Service Service,"Haryana, Cabin No.1, 2Nd Floor, Sector 16, Panchkula, Sco No. 18, Panchkula","Sco No. 18, Panchkula, HR",India,MISSED_BY_BLOCKING,I_legal_suffix_dominating,Lexical divergence across commercial branding,Address component intersection
S1-371230038,S2,S2-606494399,Wildlife Trust,Wildlife Tntt,"42 Fabyan Street, Unit 3, Boston, MA","FABYAN STREET, BOSTON, MA",US,MISSED_BY_BLOCKING,I_legal_suffix_dominating,Lexical divergence across commercial branding,Address component intersection
S1-697437063,S3,S3-499863054,Dream Care Limited,ड्रीम केयर लिमिटेड,"Shop 5, Khandelwal Nagar, Near Gr Paradise, Chaksu, Jaipur, Rajasthan","RJ, Jaipur, Shop 3-5, Toonga",India,MISSED_BY_BLOCKING,J_cross_script_dba,"One entity in native Indic script, other in English with different brand phrasing",Indic transliteration + consonant skeleton + address key
S1-697437063,S2,S2-544795492,Dream Care Limited,ड्रीम केयर लिमिटेड,"Shop 5, Khandelwal Nagar, Near Gr Paradise, Chaksu, Jaipur, Rajasthan","SHOP 5, JAIPUR, Rajasthan",India,MISSED_BY_BLOCKING,J_cross_script_dba,"One entity in native Indic script, other in English with different brand phrasing",Indic transliteration + consonant skeleton + address key
S1-238175541,S2,S2-558978413,VWQ Brookfield LLC,VB,"Unit Apartment 1, 52 Losson Road, NY, Cheektowaga","BUFFALO CITY, NY, 52 LOSSON ROAD",US,MISSED_BY_BLOCKING,E_abbreviated_brand_acronym,Entity name is an acronym/initialism of the full corporate name,Deterministic acronym generation + postal/address anchor
S1-841376780,S2,S2-902955597,Anand Investments Private Limited,આણંદ ઇન્વેસ્ટમેન્ટ્સ પ્રાઇવેટ લિમિટેડ,"Flat A/2, 1004, Samarth Enclave Vip Road, Surat, Gujarat","FLTA A/2, 1004, SAMARTH ENCLAVE VIP ROAD, PATIALA, SURAT, Gujarat",India,MISSED_BY_BLOCKING,J_cross_script_dba,"One entity in native Indic script, other in English with different brand phrasing",Indic transliteration + consonant skeleton + address key
S1-440366196,S2,S2-107024797,First Trading,फर्स्ट ट्रेडिंग,"Thane, Plot No.59 Sector 11, Cbd Belapur, Maharashtra, Office No.B-313","OFFICE NO.B-313, THANE, महाराष्ट्र",India,MISSED_BY_BLOCKING,J_cross_script_dba,"One entity in native Indic script, other in English with different brand phrasing",Indic transliteration + consonant skeleton + address key
S1-390528825,S2,S2-68017899,"Main Street Barbershop, Corp","Main Stdrlet Barbershop, Corp","CA, Hesperia, 19057 Hinton Street","19057 HINTON STREET, HESPERIA, CA",US,MISSED_BY_BLOCKING,I_legal_suffix_dominating,Lexical divergence across commercial branding,Address component intersection
S1-952801744,S2,S2-841567476,New Delhi Entertainment Associates,New Entertainment Associates Center,"M-53/54 Street No. 5 New Mahavir Nagar, New Delhi, Delhi, New Delhi","M-53/54. STREET NO. 5 NEW MAHAVIR NAGAR, NEW DELHI, दिल्ली",India,MISSED_BY_BLOCKING,I_legal_suffix_dominating,Lexical divergence across commercial branding,Address component intersection
S1-129086289,S3,S3-405782752,Trading Ajit Services Private Limited,TAS,"A 1/101 Vishnu Hi -Tech City, Bawadia Kalan, Bhopal, Madhya Pradesh","A 1/101 Vishnu Hi -Tech City, Bawadia Kalan, Bhopal, Madhya Pradesh",India,MISSED_BY_BLOCKING,B_brand_vs_parent_company,Short distinctive brand name vs multi-word parent company name,Single distinctive brand token + address door/plot number
S1-832634478,S2,S2-751977605,Fresh Auto Body! Group,Novievopyra,"130 Holly Hill Drive, Richmond, KY","RICHMOND, KY, 130 HOLLY HILL DRIVE",US,MISSED_BY_BLOCKING,B_brand_vs_parent_company,Short distinctive brand name vs multi-word parent company name,Single distinctive brand token + address door/plot number
S1-104539904,S2,S2-825480587,"Williams, Hill and Pacheco",williamshillpacheco.com,"3107 Chestnut Court, Decatur, AL","CHESTNUT CT, DECATUR, AL",US,MISSED_BY_BLOCKING,C_website_domain_variation,Candidate name is a website/domain with unsegmented words while S1 is legal entity,Pass A: Strip TLD + token stem concatenation + address anchor
S1-895757166,S2,S2-841156667,Good Ventures Private Limited,गुड वेंचर्स प्राइवेट लिमिटेड,"H. No. 520, Solapur Road, Manjari Bk, Tal. Haveli, Pune, Maharashtra","#520, PUNE, Maharashtra",India,MISSED_BY_BLOCKING,J_cross_script_dba,"One entity in native Indic script, other in English with different brand phrasing",Indic transliteration + consonant skeleton + address key
S1-117315529,S3,S3-898977051,Systems Black Advertising Limited,sbadvertising.com,"Gat No. 118, P No.12, Tambe Nagar, Tandulwadi, B.Rd, Bmt Baramati, Pune Baramati (Mci), Baramati, Pune, Maharashtra","Gat No. 118, Baramati, Pune, MH",India,MISSED_BY_BLOCKING,C_website_domain_variation,Candidate name is a website/domain with unsegmented words while S1 is legal entity,Pass A: Strip TLD + token stem concatenation + address anchor
S1-857702811,S2,S2-481501167,Asset Building Center Inc,ASSET BUI1DING CENTER  INC,"4577 Shipley Road, Putnam County, TN","SHIPLEY ROAD, PUTNAM COUNTY, TN",US,MISSED_BY_BLOCKING,I_legal_suffix_dominating,Lexical divergence across commercial branding,Address component intersection
S1-857702811,S3,S3-538876487,Asset Building Center Inc,assetbuildingcenter.com,"4577 Shipley Road, Putnam County, TN","4577 Shipley Rd, Putnam County, Tennessee",US,MISSED_BY_BLOCKING,C_website_domain_variation,Candidate name is a website/domain with unsegmented words while S1 is legal entity,Pass A: Strip TLD + token stem concatenation + address anchor
S1-594497707,S2,S2-339336192,Jay Services (India) Ltd,#jayservices,"F Pl No284, T P S-Iii, Mumbai, Maharashtra, Borivali West, 401 Neelkanth","402 NEELKANTH, F PL NO284, T P S-III, BORIVALI WEST, Maharashtra",India,MISSED_BY_BLOCKING,B_brand_vs_parent_company,Short distinctive brand name vs multi-word parent company name,Single distinctive brand token + address door/plot number
S1-712650550,S3,S3-786489254,Forever Mart Private Limited,Veralum,"Delhi, New Delhi, New Delhi., 212 Okhala Industrial Estate, Phase Iii, A.V. Industries","A.V. Industries, 212 Okhala Industrial Estate, Phase Iii, New Delhi., New Delhi, Delhi",India,MISSED_BY_BLOCKING,B_brand_vs_parent_company,Short distinctive brand name vs multi-word parent company name,Single distinctive brand token + address door/plot number
S1-462518224,S3,S3-811143477,Om Blue Technologies Private Limited,ombluetechnologies.com,"Kerala, Xxv/247A, Chalakudy, West Chalakudy, Nellissery Menoth House Near Fci","Xxv/c-247a, Thrissur, Keralam",India,MISSED_BY_BLOCKING,D_website_redirect_weak_address,Domain name present but address is missing or disparate,Strict domain core exact match + country agreement
S1-787951878,S2,S2-799630058,Bombay Developers LLP,बॉम्बे डेवलपर्स एलएलपी,"221, 2Nd Floor, D Wing, Neelkanth Business Park, Kiroli Village, Near Bus Depot, Vidyavihar (W), Mumbai, Mumbai City, Maharashtra","2-221, MUMBAI CITY, Maharashtra",India,MISSED_BY_BLOCKING,J_cross_script_dba,"One entity in native Indic script, other in English with different brand phrasing",Indic transliteration + consonant skeleton + address key
S1-973304639,S2,S2-178208297,Good Finance,गुड फाइनेंस,"D-5, Gno 1, Khn 415, Sanjay Mohlla Bhajanpura, Near Saraswati School, Delhi, North East, Delhi","D-5, DELHI, NORTH EAST, Delhi",India,MISSED_BY_BLOCKING,J_cross_script_dba,"One entity in native Indic script, other in English with different brand phrasing",Indic transliteration + consonant skeleton + address key
S1-154706683,S2,S2-97952668,Singh Xsolla LLC,#singhxsolla,"1835 3rd Street, Gering, NE","160 3RD STREET, GERING, NE",US,MISSED_BY_BLOCKING,B_brand_vs_parent_company,Short distinctive brand name vs multi-word parent company name,Single distinctive brand token + address door/plot number
S1-611365239,S2,S2-717855416,"O 7 Green Fitness, LLC","O 7 Green Fdtnlegs, LLC","647 White Pine Drive, Ozark, MO",,US,MISSED_BY_BLOCKING,G_empty_or_weak_address,"Address is empty or severely truncated, preventing composite address blocking",Distinctive multi-word name signature fallback (min length 10)
S1-890829541,S3,S3-734537723,Gujarat Producer Private Limited,गुजरात प्रोड्यूसर प्राइवेट लिमिटेड,"Flat No 4143, First Floor Gali Shahtara, Ajmeri Gate Delhi, Delhi, Central Delhi, Delhi","H.no 4143/4, Delhi, Central Delhi, DL",India,MISSED_BY_BLOCKING,J_cross_script_dba,"One entity in native Indic script, other in English with different brand phrasing",Indic transliteration + consonant skeleton + address key
S1-255181900,S2,S2-185187345,"Trusted Lending, Inc","Trusted Lenmn, Inc","3036 Fm 2977, Richmond, TX",,US,MISSED_BY_BLOCKING,G_empty_or_weak_address,"Address is empty or severely truncated, preventing composite address blocking",Distinctive multi-word name signature fallback (min length 10)
S1-959272732,S3,S3-907590313,Raj Exports Private Limited,రాజ్ ఎక్స్‌పోర్ట్స్ ప్రైవేట్ లిమిటెడ్,"101, Green House Building, Beside Aditya Tradecenter, Ameerpet, Hyderabad, Telangana","10, Ameerpet, TG",India,MISSED_BY_BLOCKING,J_cross_script_dba,"One entity in native Indic script, other in English with different brand phrasing",Indic transliteration + consonant skeleton + address key
S1-855854352,S2,S2-144852028,YSN Products Private Limited,Miracira,"Plot No-1745/4095, Kanan Vihar, Patia, Bhubaneswar, Khordha, Orissa","HN 251 PLOT NO-1745/4095, BHUBANESWAR, KHORDHA, ଓଡ଼ିଶା",India,MISSED_BY_BLOCKING,B_brand_vs_parent_company,Short distinctive brand name vs multi-word parent company name,Single distinctive brand token + address door/plot number
S1-242016904,S2,S2-816448025,East Logistics Private Limited,ఈస్ట్ లాజిస్టిక్స్ ప్రైవేట్ లిమిటెడ్,"H.No.8/220-H, Raghurami Reddy Complex Opp. To Telephone Exchange, Gooty, Anantapur, Andhra Pradesh","H.NO.8/220-H, GOOTY, ANANTHAPUR, Andhra Pradesh",India,MISSED_BY_BLOCKING,J_cross_script_dba,"One entity in native Indic script, other in English with different brand phrasing",Indic transliteration + consonant skeleton + address key
S1-465844393,S2,S2-955138728,Future Exports,फ्यूचर एक्सपोर्ट्स,"Mumbai, 315 Damji Shamji Corporat, Mumbai, Maharashtra, Square, C Wing, Ghatkopar","3-15 DAMJI SHAMJI CORPORAT, MUMBAI, Maharashtra",India,MISSED_BY_BLOCKING,J_cross_script_dba,"One entity in native Indic script, other in English with different brand phrasing",Indic transliteration + consonant skeleton + address key
S1-140870272,S3,S3-702766147,Perfect Foods Private Limited,परफेक्ट फूड्स प्राइवेट लिमिटेड,"Plot No. A55 Midc, Phase-Ii, Khed, Pune, Maharashtra","Plot No. A55/2 Midc, Phase-ii, Khed, Pune, MH",India,MISSED_BY_BLOCKING,J_cross_script_dba,"One entity in native Indic script, other in English with different brand phrasing",Indic transliteration + consonant skeleton + address key
S1-140870272,S2,S2-726694726,Perfect Foods Private Limited,परफेक्ट फूड्स प्राइवेट लिमिटेड,"Plot No. A55 Midc, Phase-Ii, Khed, Pune, Maharashtra","PLET NO. A7-55 MIDC, PUNE, Maharashtra, KHED",India,MISSED_BY_BLOCKING,J_cross_script_dba,"One entity in native Indic script, other in English with different brand phrasing",Indic transliteration + consonant skeleton + address key
S1-14149475,S2,S2-479137166,Sirsa Infra Ltd,#sirsainfra,"Hno528 Behind Shiv Mandir, Khanna Colony, Sirsa, Haryana","Haryana, H.NO 528 BEHIND SHIV MANDIR, KHANNA COLONY, SIRSA",India,MISSED_BY_BLOCKING,B_brand_vs_parent_company,Short distinctive brand name vs multi-word parent company name,Single distinctive brand token + address door/plot number
S1-703390447,S2,S2-152939437,Great Family Practice,GREATFAMILYPRACTICE.COM,"4716 Spring Creek Road, Arlington, TX","##4716 SPRING CREEK RD, ARLINGTON, TX",US,MISSED_BY_BLOCKING,C_website_domain_variation,Candidate name is a website/domain with unsegmented words while S1 is legal entity,Pass A: Strip TLD + token stem concatenation + address anchor
S1-305516274,S3,S3-81745296,Rajarshi Wealth Private Limited,rajarshiwealth.com,"C/O Mr. Kanhaiyalal Lohar Gram Rathana Rathana In Mandsaur, Mandsaur, Madhya Pradesh","C/o Mr. Kanhaiyalal Lohar Gram Rathana Rathana In Mandsaur, Mandsaur, MP",India,MISSED_BY_BLOCKING,C_website_domain_variation,Candidate name is a website/domain with unsegmented words while S1 is legal entity,Pass A: Strip TLD + token stem concatenation + address anchor
S1-860359238,S3,S3-408569813,Orthopedic All Care Inc,Kelodrex doing business as Orthopedic All Care Inc,"Whittier, NC, 24 Pine Bluff","24 Pine Bluff, Whittier, NC",US,MISSED_BY_BLOCKING,I_legal_suffix_dominating,Lexical divergence across commercial branding,Address component intersection
S1-345097478,S3,S3-844294311,High Care Private Limited,हाई केयर प्राइवेट लिमिटेड,"South Delhi, Vardhman Star City Mall Sector-7, Dwarka, Delhi, Shop No - 149, New Delhi","Shop No - 1-49, South Delhi, New Delhi, DL",India,MISSED_BY_BLOCKING,J_cross_script_dba,"One entity in native Indic script, other in English with different brand phrasing",Indic transliteration + consonant skeleton + address key
S1-345097478,S2,S2-445734854,High Care Private Limited,हाई केयर प्राइवेट लिमिटेड,"South Delhi, Vardhman Star City Mall Sector-7, Dwarka, Delhi, Shop No - 149, New Delhi","SHOP NO - 149, VARDHMAN STAR CITY MALL SECTOR-7, DWARKA, NEW DELHI, SOUTH DELHI, Delhi",India,MISSED_BY_BLOCKING,J_cross_script_dba,"One entity in native Indic script, other in English with different brand phrasing",Indic transliteration + consonant skeleton + address key
S1-847307458,S3,S3-954442288,Global Ss Management Pvt Ltd,Global Ss Pvt Management Ltd,"G.I.D.C, Shed-G 25, Gandhidham, Kachchh, Gujarat","G.i.d.c, Kachchh, GJ",India,MISSED_BY_BLOCKING,I_legal_suffix_dominating,Lexical divergence across commercial branding,Address component intersection
S1-526485332,S2,S2-230606353,Star Ventures Limited,స్టార్ వెంచర్స్ లిమిటెడ్,"135, Prestige Royal Woods, Kismatpur, Rajendranagar, Hyderabad, Telangana","RAJENDRANAGAR, తెలంగాణ, 135",India,MISSED_BY_BLOCKING,J_cross_script_dba,"One entity in native Indic script, other in English with different brand phrasing",Indic transliteration + consonant skeleton + address key
S1-523789297,S3,S3-580337810,Mao LLC,Mao  LLC Enterprises,"ND, Mandaree, 10014 14",,US,MISSED_BY_BLOCKING,G_empty_or_weak_address,"Address is empty or severely truncated, preventing composite address blocking",Distinctive multi-word name signature fallback (min length 10)
S1-305442278,S3,S3-248682000,Foot & Ankle Choice Physicians Inc,footanklechoice.com,"8709 126th Street Court, Puyallup, WA","8709 126th Street Court, Puyallup, Washington",US,MISSED_BY_BLOCKING,C_website_domain_variation,Candidate name is a website/domain with unsegmented words while S1 is legal entity,Pass A: Strip TLD + token stem concatenation + address anchor
S1-79269528,S3,S3-11818598,Urgent Care Physicians Inc,Lumbrixvera One t/a Urgent Care Physicians Inc,"3 Barberry Drive, Wooster, OH","3 Barberry Drive, Wooster, OH",US,MISSED_BY_BLOCKING,I_legal_suffix_dominating,Lexical divergence across commercial branding,Address component intersection
S1-91303667,S2,S2-574397147,Legend Valley Associates,Smt alvalley.com,"No. 3/431, Chennai, Tamil Nadu, Chennai, Ganga Nagar, Madipakkam","NO. /431, GANGA NAGAR, MADIPAKKAM, MADRAS, CHENNAI, Tamil Nadu",India,MISSED_BY_BLOCKING,C_website_domain_variation,Candidate name is a website/domain with unsegmented words while S1 is legal entity,Pass A: Strip TLD + token stem concatenation + address anchor
S1-876102895,S2,S2-358560681,Physical Therapy Clinic,PHYSlCAL THERAPY CLINIC,"5208 Beacon Falls Drive, Fl 1, Columbia, MO","BEACON FALLS DR, COLUMBIA, MO",US,MISSED_BY_BLOCKING,I_legal_suffix_dominating,Lexical divergence across commercial branding,Address component intersection
S1-726454300,S2,S2-452398756,Balaji Investments Private Limited,बालाजी इन्वेस्टमेंट्स प्राइवेट लिमिटेड,"House No 1552 Landmark Kankiya Nagar Metro Station Ganesh Pura, Tri Nagar, Delhi, New Delhi, Delhi","Delhi, TRI NAGAR, DELHI, HOUSE NO 1552 LANDMARK KANKIYA NAGAR METRO STATION GANESH PURA, NEW DELHI",India,MISSED_BY_BLOCKING,J_cross_script_dba,"One entity in native Indic script, other in English with different brand phrasing",Indic transliteration + consonant skeleton + address key
S1-417894341,S3,S3-228839578,Kk India Private Limited,Novibrixiri,"Phulwari, Sri Dilip Kumar Singh, Gosai Tola Sadakat Ashram, Bihar, Patna","Sri Dilip Kumar Singh, Gosai Tola Sadakat Ashram, Phulwari, Patna, BR",India,MISSED_BY_BLOCKING,B_brand_vs_parent_company,Short distinctive brand name vs multi-word parent company name,Single distinctive brand token + address door/plot number
S1-417894341,S2,S2-103504592,Kk India Private Limited,KK PRIVATE LIMITED PARTNERS,"Phulwari, Sri Dilip Kumar Singh, Gosai Tola Sadakat Ashram, Bihar, Patna","SRI DILIP KUMAR SINGH, GOSAI TOLA SADAGAT ASHRAM, PHULWARI, Bihar",India,MISSED_BY_BLOCKING,I_legal_suffix_dominating,Lexical divergence across commercial branding,Address component intersection
S1-321630974,S2,S2-986614274,Behavioral Health Gulf Medicine LLC,BEHAVIORALHEALTHGULF.COM,"250483 Highway 26, Scottsbluff, NE","250483 HIGHWAY 26, SCOTTSBLUFF, NE",US,MISSED_BY_BLOCKING,C_website_domain_variation,Candidate name is a website/domain with unsegmented words while S1 is legal entity,Pass A: Strip TLD + token stem concatenation + address anchor
S1-321630974,S2,S2-129772677,Behavioral Health Gulf Medicine LLC,BEHAVIORAL MEDICINE  GULF HEALTH LLC,"250483 Highway 26, Scottsbluff, NE","250483 HGIHWAY 26, SCOTTSBLUFF, NE",US,MISSED_BY_BLOCKING,I_legal_suffix_dominating,Lexical divergence across commercial branding,Address component intersection
S1-321630974,S3,S3-136616745,Behavioral Health Gulf Medicine LLC,LLC Behavioral Hbalftch Gulf Medicine,"250483 Highway 26, Scottsbluff, NE","250483 Highway 26, Scottsbluff, Nebraska",US,MISSED_BY_BLOCKING,I_legal_suffix_dominating,Lexical divergence across commercial branding,Address component intersection
S1-256655652,S3,S3-414220347,Asset Building Custom Fund,assetcustombuilding.com,"401 Clark Street, Franklin, KY","401 Clark St, Franklni CDP, Kentucky",US,MISSED_BY_BLOCKING,C_website_domain_variation,Candidate name is a website/domain with unsegmented words while S1 is legal entity,Pass A: Strip TLD + token stem concatenation + address anchor
S1-629420468,S2,S2-760218360,Alpha Silver Logistics,अल्फा सिल्वर लॉजिस्टिक्स,"1009, 1013 10Th Floor Best Sky Tower Netaji Subhash Place Pitampura, New Delhi, North West, Delhi","##1009, NEW DELHI, NORTH WEST, Delhi",India,MISSED_BY_BLOCKING,J_cross_script_dba,"One entity in native Indic script, other in English with different brand phrasing",Indic transliteration + consonant skeleton + address key
S1-802647589,S3,S3-706570524,Ram Guru Logistics Pvt Ltd,@ramguru,"Sarvodaya, Estate B-7, Postal Colony Road, Plot No. 30, Chembur, Mumbai, Maharashtra","Sarvodaya, Chembur, MH",India,MISSED_BY_BLOCKING,D_website_redirect_weak_address,Domain name present but address is missing or disparate,Strict domain core exact match + country agreement
S1-995615951,S3,S3-735098910,Global Properties Private Limited,Global Propertie Private Limited,"Shree Vihar Colny Ghosipura, 17, Madhya Pradesh, Gwalior",,India,MISSED_BY_BLOCKING,G_empty_or_weak_address,"Address is empty or severely truncated, preventing composite address blocking",Distinctive multi-word name signature fallback (min length 10)
S1-202740587,S2,S2-677042416,Southern Foundation Private Limited,सदर्न फाउंडेशन प्राइवेट लिमिटेड,"Dg- Ii, 149 C, Second Floor, Vikas Puri, New Delhi, West Delhi, Delhi","H.NO #100 DG- II, NEW DELHI, WEST DELHI, Delhi",India,MISSED_BY_BLOCKING,J_cross_script_dba,"One entity in native Indic script, other in English with different brand phrasing",Indic transliteration + consonant skeleton + address key
S1-202740587,S2,S2-449315815,Southern Foundation Private Limited,सदर्न Foundation Private Limited,"Dg- Ii, 149 C, Second Floor, Vikas Puri, New Delhi, West Delhi, Delhi","##100 DG- II, NEW DELHI, WEST DELHI, Delhi",India,MISSED_BY_BLOCKING,J_cross_script_dba,"One entity in native Indic script, other in English with different brand phrasing",Indic transliteration + consonant skeleton + address key
S1-202740587,S2,S2-436049271,Southern Foundation Private Limited,सदर्न फाउंडेशन प्राइवेट लिमिटेड,"Dg- Ii, 149 C, Second Floor, Vikas Puri, New Delhi, West Delhi, Delhi","WEST DELHI, Delhi, NEW DELHI, #100 DG- II",India,MISSED_BY_BLOCKING,J_cross_script_dba,"One entity in native Indic script, other in English with different brand phrasing",Indic transliteration + consonant skeleton + address key
S1-202740587,S3,S3-246395092,Southern Foundation Private Limited,सदर्न फाउंडेशन प्राइवेट लिमिटेड,"Dg- Ii, 149 C, Second Floor, Vikas Puri, New Delhi, West Delhi, Delhi","Dg- Ii, West Delhi, New Delhi, DL",India,MISSED_BY_BLOCKING,J_cross_script_dba,"One entity in native Indic script, other in English with different brand phrasing",Indic transliteration + consonant skeleton + address key
S1-202740587,S3,S3-752464541,Southern Foundation Private Limited,सदर्न फाउंडेशन प्राइवेट लिमिटेड,"Dg- Ii, 149 C, Second Floor, Vikas Puri, New Delhi, West Delhi, Delhi","Dg- Ii, New Delhi, West Delhi, DL",India,MISSED_BY_BLOCKING,J_cross_script_dba,"One entity in native Indic script, other in English with different brand phrasing",Indic transliteration + consonant skeleton + address key
S1-202740587,S3,S3-926780865,Southern Foundation Private Limited,सदर्न फाउंडेशन प्राइवेट लिमिटेड,"Dg- Ii, 149 C, Second Floor, Vikas Puri, New Delhi, West Delhi, Delhi","West Delhi, Dg- Ii, DL, New Delhi",India,MISSED_BY_BLOCKING,J_cross_script_dba,"One entity in native Indic script, other in English with different brand phrasing",Indic transliteration + consonant skeleton + address key
S1-223112351,S3,S3-615646884,Green Industries Private Limited,Dr Green Industries Private [Ltd],"Village Kasauda, Bharatpur, Rajasthan",,India,MISSED_BY_BLOCKING,G_empty_or_weak_address,"Address is empty or severely truncated, preventing composite address blocking",Distinctive multi-word name signature fallback (min length 10)
S1-927634906,S3,S3-918234119,Upper Atlanta LLC,upperatlanta.com,"W7894 Keller Road, Town Of Evergreen, WI","W7894 Keller Road, <NULL>, Spooner, Wisconsin",US,MISSED_BY_BLOCKING,C_website_domain_variation,Candidate name is a website/domain with unsegmented words while S1 is legal entity,Pass A: Strip TLD + token stem concatenation + address anchor
S1-605666486,S3,S3-586380751,Sunrise Gold Energy Private Limited,सनराइज गोल्ड एनर्जी प्राइवेट लिमिटेड,"582, Aggarwal Millenium Tower -Ii, Netaji Subhash Place, Delhi, North Delhi, Delhi","582, North Delhi, DL",India,MISSED_BY_BLOCKING,J_cross_script_dba,"One entity in native Indic script, other in English with different brand phrasing",Indic transliteration + consonant skeleton + address key
S1-605666486,S2,S2-758581252,Sunrise Gold Energy Private Limited,सनराइज गोल्ड एनर्जी प्राइवेट लिमिटेड,"582, Aggarwal Millenium Tower -Ii, Netaji Subhash Place, Delhi, North Delhi, Delhi","दिल्ली, NORTH DELHI, DELHI, 603 582",India,MISSED_BY_BLOCKING,J_cross_script_dba,"One entity in native Indic script, other in English with different brand phrasing",Indic transliteration + consonant skeleton + address key
S1-605666486,S2,S2-48524688,Sunrise Gold Energy Private Limited,सनराइज गोल्ड एनर्जी प्राइवेट लिमिटेड,"582, Aggarwal Millenium Tower -Ii, Netaji Subhash Place, Delhi, North Delhi, Delhi","NO. 603 582, Delhi, NORTH DELHI",India,MISSED_BY_BLOCKING,J_cross_script_dba,"One entity in native Indic script, other in English with different brand phrasing",Indic transliteration + consonant skeleton + address key
S1-669698049,S3,S3-250654003,Digital Traders,dtraderscom,"2Nd And 3Rd Floor, Birla Centurion, Pandurang Budhkar Marg, Worli, Mumbai, Mumbai, Mumbai City, Maharashtra","2Nd And 3Rd Floor, Mumbai, Mumbai City, महाराष्ट्र",India,MISSED_BY_BLOCKING,B_brand_vs_parent_company,Short distinctive brand name vs multi-word parent company name,Single distinctive brand token + address door/plot number
S1-669698049,S3,S3-491429023,Digital Traders,Digital Center Center,"2Nd And 3Rd Floor, Birla Centurion, Pandurang Budhkar Marg, Worli, Mumbai, Mumbai, Mumbai City, Maharashtra","#2Nd And 3Rd Floor, Mumbai, Mumbai City, MH",India,MISSED_BY_BLOCKING,I_legal_suffix_dominating,Lexical divergence across commercial branding,Address component intersection
S1-848092608,S2,S2-370980468,Divine (india) Private Limited,Arciri,"45B/1F, Manik Bandopadhyay Sarani, Moor Avenue, Kolkata, Kolkata, Howrah, West Bengal","045B/1F, KOLKATA, HOWRAH, West Bengal",India,MISSED_BY_BLOCKING,B_brand_vs_parent_company,Short distinctive brand name vs multi-word parent company name,Single distinctive brand token + address door/plot number
S1-970155344,S3,S3-559221585,Chandrora India LLP,cindia.com,"Gala No 8, I S P Compound, Shiv V Cross Rd Rawalpada, Dahisar East, Mumbai, Maharashtra","#8, Dahisar East, Mumbai, MH",India,MISSED_BY_BLOCKING,C_website_domain_variation,Candidate name is a website/domain with unsegmented words while S1 is legal entity,Pass A: Strip TLD + token stem concatenation + address anchor
S1-618980917,S2,S2-850014355,Alpha It,अल्फा आईटी,"Maglam Aangan Villa Mahapura, Sanganer, Jaipur, Rajasthan, 133, Jaipur","H.NO 150 133, Rajasthan, JAIPUR",India,MISSED_BY_BLOCKING,J_cross_script_dba,"One entity in native Indic script, other in English with different brand phrasing",Indic transliteration + consonant skeleton + address key
S1-618980917,S3,S3-960495195,Alpha It,अल्फा आईटी,"Maglam Aangan Villa Mahapura, Sanganer, Jaipur, Rajasthan, 133, Jaipur","Hn 255 133, Jaipur, राजस्थान",India,MISSED_BY_BLOCKING,J_cross_script_dba,"One entity in native Indic script, other in English with different brand phrasing",Indic transliteration + consonant skeleton + address key
S1-903379045,S2,S2-297092754,Guru Foundation Private Limited,গুরু ফাউন্ডেশন প্রাইভেট লিমিটেড,"9, A J C Bose Road, Kolkata, Kolkata, 4Th Floor, West Bengal, Howrah","HOWRAH, CALCUTTA, FLOOR, পশ্চিমবঙ্গ",India,MISSED_BY_BLOCKING,J_cross_script_dba,"One entity in native Indic script, other in English with different brand phrasing",Indic transliteration + consonant skeleton + address key
S1-903379045,S3,S3-355485402,Guru Foundation Private Limited,গুরু ফাউন্ডেশন প্রাইভেট লিমিটেড,"9, A J C Bose Road, Kolkata, Kolkata, 4Th Floor, West Bengal, Howrah","পশ্চিমবঙ্গ, Howrah, Kolkata, #004Th Floor",India,MISSED_BY_BLOCKING,J_cross_script_dba,"One entity in native Indic script, other in English with different brand phrasing",Indic transliteration + consonant skeleton + address key
S1-270382324,S2,S2-804048075,Fresh Hair Studio,FRESHHAIRSTUDIO.COM,"2712 48th Avenue, Camas, WA","48TH AVENUE, CAMAS, WA",US,MISSED_BY_BLOCKING,C_website_domain_variation,Candidate name is a website/domain with unsegmented words while S1 is legal entity,Pass A: Strip TLD + token stem concatenation + address anchor
S1-760945453,S3,S3-202730898,YN Development Corporation,YN Devebopment Devebopment Corporation,"Near Sweet Milan Hotel, G.T. Road, Bathinda, Punjab, Hari Singh Complex","Modeltown, PB, Bathinda, H.no 0167 Hari Singh Complex",India,MISSED_BY_BLOCKING,I_legal_suffix_dominating,Lexical divergence across commercial branding,Address component intersection
S1-103985440,S2,S2-548205844,Sai Software LLP,साई सॉफ्टवेयर एलएलपी,"F-108, Eastern Business District, F-108, Eastern Business District, Mumbai, Maharashtra","F-108, MUMBAI, Maharashtra",India,MISSED_BY_BLOCKING,J_cross_script_dba,"One entity in native Indic script, other in English with different brand phrasing",Indic transliteration + consonant skeleton + address key
S1-220619089,S3,S3-129669925,Baba Consultancy Private Limited,ਬਾਬਾ ਕੰਸਲਟੈਂਸੀ ਪ੍ਰਾਈਵੇਟ ਲਿਮਟਿਡ,"#Z-4/02379, W. No.15, 4-Guru Arjun Dev Nagar, Moga, Punjab","#Z-/02379, Moga, PB",India,MISSED_BY_BLOCKING,J_cross_script_dba,"One entity in native Indic script, other in English with different brand phrasing",Indic transliteration + consonant skeleton + address key
S1-960449899,S3,S3-697231331,Anand Exports Private Limited,આનંદ એક્સપોર્ટ્સ પ્રાઇવેટ લિમિટેડ,"201, Shanti Niketan Apartment Opp. Central Bank Of India, Navsari, Gujarat","20, Shanti Niketan Apartment Opp. Central Bank Of India, Navsari, GJ",India,MISSED_BY_BLOCKING,J_cross_script_dba,"One entity in native Indic script, other in English with different brand phrasing",Indic transliteration + consonant skeleton + address key
S1-960449899,S3,S3-467985871,Anand Exports Private Limited,આણંદ એક્સપોર્ટ્સ પ્રાઇવેટ લિમિટેડ,"201, Shanti Niketan Apartment Opp. Central Bank Of India, Navsari, Gujarat","20, Shanti Niketan Apartment Opp. Central Bank Of India, Navsari, GJ",India,MISSED_BY_BLOCKING,J_cross_script_dba,"One entity in native Indic script, other in English with different brand phrasing",Indic transliteration + consonant skeleton + address key
S1-730428166,S3,S3-300514980,Best Infotech LLP,Solnexzeta,"Gr Floor, Shop-G/7, S.N.S Interio, Near Cng Gas Station, Althan Road, Bhatar Char Rasta, Althan, Surat, Gujarat","Gr Floor, Surat, GJ",India,MISSED_BY_BLOCKING,B_brand_vs_parent_company,Short distinctive brand name vs multi-word parent company name,Single distinctive brand token + address door/plot number
S1-730428166,S3,S3-710611862,Best Infotech LLP,બેસ્ટ ઇન્ફોટેક એલએલપી,"Gr Floor, Shop-G/7, S.N.S Interio, Near Cng Gas Station, Althan Road, Bhatar Char Rasta, Althan, Surat, Gujarat","ગુજરાત, Surat, Gr Floor",India,MISSED_BY_BLOCKING,J_cross_script_dba,"One entity in native Indic script, other in English with different brand phrasing",Indic transliteration + consonant skeleton + address key
S1-949717924,S3,S3-293641908,All Infrastructure Private Limited,allinfrastructurecom,"10/C, Kasturba Gandhi Marg, Delhi, New Delhi","10/C, New Delhi, दिल्ली",India,MISSED_BY_BLOCKING,B_brand_vs_parent_company,Short distinctive brand name vs multi-word parent company name,Single distinctive brand token + address door/plot number
S1-128560585,S3,S3-805741841,"R 8 H Mfa, L.L.C.","R 8 H M, L.L.C.","1516 Hoffman Drive, Albuquerque, NM",,US,MISSED_BY_BLOCKING,G_empty_or_weak_address,"Address is empty or severely truncated, preventing composite address blocking",Distinctive multi-word name signature fallback (min length 10)
S1-435176173,S3,S3-167932721,Life Healthcare,लाइफ हेल्थकेयर,"Madhya Pradesh, House No 51/1, Rajpura, Burhanpur, East Nimar","Huse No 51/1, Rajpura, Burhanpur, East Nimar, MP",India,MISSED_BY_BLOCKING,J_cross_script_dba,"One entity in native Indic script, other in English with different brand phrasing",Indic transliteration + consonant skeleton + address key
S1-115714533,S3,S3-734692898,SNQ Apparels Private Limited,5NQ Apprats Private-Limited,"8/532, Chowara Chowara Po, Thiruvananthapuram, Trivandrum, Kerala","8/53, Trivandrum, KL",India,MISSED_BY_BLOCKING,I_legal_suffix_dominating,Lexical divergence across commercial branding,Address component intersection
